Fitter report for projectML
Sun Mar 30 11:58:02 2025
Quartus Prime Version 18.1.0 Build 625 09/12/2018 SJ Lite Edition


---------------------
; Table of Contents ;
---------------------
  1. Legal Notice
  2. Fitter Summary
  3. Fitter Settings
  4. Parallel Compilation
  5. Ignored Assignments
  6. Incremental Compilation Preservation Summary
  7. Incremental Compilation Partition Settings
  8. Incremental Compilation Placement Preservation
  9. Fitter Resource Usage Summary
 10. Input Pins
 11. Output Pins
 12. Dual Purpose and Dedicated Pins
 13. I/O Bank Usage
 14. All Package Pins
 15. I/O Assignment Warnings
 16. Fitter Resource Utilization by Entity
 17. Delay Chain Summary
 18. Pad To Core Delay Chain Fanout
 19. Control Signals
 20. Global & Other Fast Signals
 21. Non-Global High Fan-Out Signals
 22. Fitter DSP Block Usage Summary
 23. DSP Block Details
 24. I/O Rules Summary
 25. I/O Rules Details
 26. I/O Rules Matrix
 27. Fitter Device Options
 28. Operating Settings and Conditions
 29. Fitter Messages
 30. Fitter Suppressed Messages



----------------
; Legal Notice ;
----------------
Copyright (C) 2018  Intel Corporation. All rights reserved.
Your use of Intel Corporation's design tools, logic functions 
and other software and tools, and its AMPP partner logic 
functions, and any output files from any of the foregoing 
(including device programming or simulation files), and any 
associated documentation or information are expressly subject 
to the terms and conditions of the Intel Program License 
Subscription Agreement, the Intel Quartus Prime License Agreement,
the Intel FPGA IP License Agreement, or other applicable license
agreement, including, without limitation, that your use is for
the sole purpose of programming logic devices manufactured by
Intel and sold by Intel or its authorized distributors.  Please
refer to the applicable agreement for further details.



+----------------------------------------------------------------------------------+
; Fitter Summary                                                                   ;
+------------------------------------+---------------------------------------------+
; Fitter Status                      ; Failed - Sun Mar 30 11:58:02 2025           ;
; Quartus Prime Version              ; 18.1.0 Build 625 09/12/2018 SJ Lite Edition ;
; Revision Name                      ; projectML                                   ;
; Top-level Entity Name              ; ff_network                                  ;
; Family                             ; Cyclone IV E                                ;
; Device                             ; EP4CE10F17C8                                ;
; Timing Models                      ; Final                                       ;
; Total logic elements               ; 17,536 / 10,320 ( 170 % )                   ;
;     Total combinational functions  ; 15,043 / 10,320 ( 146 % )                   ;
;     Dedicated logic registers      ; 5,196 / 10,320 ( 50 % )                     ;
; Total registers                    ; 5196                                        ;
; Total pins                         ; 79 / 180 ( 44 % )                           ;
; Total virtual pins                 ; 0                                           ;
; Total memory bits                  ; 0 / 423,936 ( 0 % )                         ;
; Embedded Multiplier 9-bit elements ; 32 / 46 ( 70 % )                            ;
; Total PLLs                         ; 0 / 2 ( 0 % )                               ;
+------------------------------------+---------------------------------------------+


+----------------------------------------------------------------------------------------------------------------------------------------------------+
; Fitter Settings                                                                                                                                    ;
+--------------------------------------------------------------------+---------------------------------------+---------------------------------------+
; Option                                                             ; Setting                               ; Default Value                         ;
+--------------------------------------------------------------------+---------------------------------------+---------------------------------------+
; Device                                                             ; EP4CE10F17C8                          ;                                       ;
; Nominal Core Supply Voltage                                        ; 1.2V                                  ;                                       ;
; Minimum Core Junction Temperature                                  ; 0                                     ;                                       ;
; Maximum Core Junction Temperature                                  ; 85                                    ;                                       ;
; Fit Attempts to Skip                                               ; 0                                     ; 0.0                                   ;
; Use smart compilation                                              ; Off                                   ; Off                                   ;
; Enable parallel Assembler and Timing Analyzer during compilation   ; On                                    ; On                                    ;
; Enable compact report table                                        ; Off                                   ; Off                                   ;
; Auto Merge PLLs                                                    ; On                                    ; On                                    ;
; Router Timing Optimization Level                                   ; Normal                                ; Normal                                ;
; Perform Clocking Topology Analysis During Routing                  ; Off                                   ; Off                                   ;
; Placement Effort Multiplier                                        ; 1.0                                   ; 1.0                                   ;
; Router Effort Multiplier                                           ; 1.0                                   ; 1.0                                   ;
; Optimize Hold Timing                                               ; All Paths                             ; All Paths                             ;
; Optimize Multi-Corner Timing                                       ; On                                    ; On                                    ;
; Power Optimization During Fitting                                  ; Normal compilation                    ; Normal compilation                    ;
; SSN Optimization                                                   ; Off                                   ; Off                                   ;
; Optimize Timing                                                    ; Normal compilation                    ; Normal compilation                    ;
; Optimize Timing for ECOs                                           ; Off                                   ; Off                                   ;
; Regenerate Full Fit Report During ECO Compiles                     ; Off                                   ; Off                                   ;
; Optimize IOC Register Placement for Timing                         ; Normal                                ; Normal                                ;
; Limit to One Fitting Attempt                                       ; Off                                   ; Off                                   ;
; Final Placement Optimizations                                      ; Automatically                         ; Automatically                         ;
; Fitter Aggressive Routability Optimizations                        ; Automatically                         ; Automatically                         ;
; Fitter Initial Placement Seed                                      ; 1                                     ; 1                                     ;
; Periphery to Core Placement and Routing Optimization               ; Off                                   ; Off                                   ;
; PCI I/O                                                            ; Off                                   ; Off                                   ;
; Weak Pull-Up Resistor                                              ; Off                                   ; Off                                   ;
; Enable Bus-Hold Circuitry                                          ; Off                                   ; Off                                   ;
; Auto Packed Registers                                              ; Auto                                  ; Auto                                  ;
; Auto Delay Chains                                                  ; On                                    ; On                                    ;
; Auto Delay Chains for High Fanout Input Pins                       ; Off                                   ; Off                                   ;
; Allow Single-ended Buffer for Differential-XSTL Input              ; Off                                   ; Off                                   ;
; Treat Bidirectional Pin as Output Pin                              ; Off                                   ; Off                                   ;
; Perform Physical Synthesis for Combinational Logic for Fitting     ; Off                                   ; Off                                   ;
; Perform Physical Synthesis for Combinational Logic for Performance ; Off                                   ; Off                                   ;
; Perform Register Duplication for Performance                       ; Off                                   ; Off                                   ;
; Perform Logic to Memory Mapping for Fitting                        ; Off                                   ; Off                                   ;
; Perform Register Retiming for Performance                          ; Off                                   ; Off                                   ;
; Perform Asynchronous Signal Pipelining                             ; Off                                   ; Off                                   ;
; Fitter Effort                                                      ; Auto Fit                              ; Auto Fit                              ;
; Physical Synthesis Effort Level                                    ; Normal                                ; Normal                                ;
; Logic Cell Insertion - Logic Duplication                           ; Auto                                  ; Auto                                  ;
; Auto Register Duplication                                          ; Auto                                  ; Auto                                  ;
; Auto Global Clock                                                  ; On                                    ; On                                    ;
; Auto Global Register Control Signals                               ; On                                    ; On                                    ;
; Reserve all unused pins                                            ; As input tri-stated with weak pull-up ; As input tri-stated with weak pull-up ;
; Synchronizer Identification                                        ; Auto                                  ; Auto                                  ;
; Enable Beneficial Skew Optimization                                ; On                                    ; On                                    ;
; Optimize Design for Metastability                                  ; On                                    ; On                                    ;
; Force Fitter to Avoid Periphery Placement Warnings                 ; Off                                   ; Off                                   ;
; Enable input tri-state on active configuration pins in user mode   ; Off                                   ; Off                                   ;
+--------------------------------------------------------------------+---------------------------------------+---------------------------------------+


+------------------------------------------+
; Parallel Compilation                     ;
+----------------------------+-------------+
; Processors                 ; Number      ;
+----------------------------+-------------+
; Number detected on machine ; 16          ;
; Maximum allowed            ; 16          ;
;                            ;             ;
; Average used               ; 1.10        ;
; Maximum used               ; 16          ;
;                            ;             ;
; Usage by Processor         ; % Time Used ;
;     Processor 1            ; 100.0%      ;
;     Processor 2            ;   1.0%      ;
;     Processor 3            ;   0.9%      ;
;     Processor 4            ;   0.8%      ;
;     Processor 5            ;   0.8%      ;
;     Processor 6            ;   0.8%      ;
;     Processor 7            ;   0.7%      ;
;     Processor 8            ;   0.7%      ;
;     Processors 9-16        ;   0.6%      ;
+----------------------------+-------------+


+-----------------------------------------------------------------------------------------------+
; Ignored Assignments                                                                           ;
+--------------+----------------+--------------+---------------+---------------+----------------+
; Name         ; Ignored Entity ; Ignored From ; Ignored To    ; Ignored Value ; Ignored Source ;
+--------------+----------------+--------------+---------------+---------------+----------------+
; Location     ;                ;              ; clk_clk       ; PIN_E1        ; QSF Assignment ;
; Location     ;                ;              ; reset_reset_n ; PIN_N13       ; QSF Assignment ;
; Location     ;                ;              ; uart_rxd      ; PIN_M2        ; QSF Assignment ;
; Location     ;                ;              ; uart_txd      ; PIN_N1        ; QSF Assignment ;
; I/O Standard ; ff_network     ;              ; clk_clk       ; 3.3-V LVTTL   ; QSF Assignment ;
; I/O Standard ; ff_network     ;              ; reset_reset_n ; 3.3-V LVTTL   ; QSF Assignment ;
; I/O Standard ; ff_network     ;              ; uart_rxd      ; 3.3-V LVTTL   ; QSF Assignment ;
; I/O Standard ; ff_network     ;              ; uart_txd      ; 3.3-V LVTTL   ; QSF Assignment ;
+--------------+----------------+--------------+---------------+---------------+----------------+


+----------------------------------------------------------------------------------------------------+
; Incremental Compilation Preservation Summary                                                       ;
+---------------------+----------------------+----------------------------+--------------------------+
; Type                ; Total [A + B]        ; From Design Partitions [A] ; From Rapid Recompile [B] ;
+---------------------+----------------------+----------------------------+--------------------------+
; Placement (by node) ;                      ;                            ;                          ;
;     -- Requested    ; 0.00 % ( 0 / 20442 ) ; 0.00 % ( 0 / 20442 )       ; 0.00 % ( 0 / 20442 )     ;
;     -- Achieved     ; 0.00 % ( 0 / 20442 ) ; 0.00 % ( 0 / 20442 )       ; 0.00 % ( 0 / 20442 )     ;
;                     ;                      ;                            ;                          ;
; Routing (by net)    ;                      ;                            ;                          ;
;     -- Requested    ; 0.00 % ( 0 / 0 )     ; 0.00 % ( 0 / 0 )           ; 0.00 % ( 0 / 0 )         ;
;     -- Achieved     ; 0.00 % ( 0 / 0 )     ; 0.00 % ( 0 / 0 )           ; 0.00 % ( 0 / 0 )         ;
+---------------------+----------------------+----------------------------+--------------------------+


+----------------------------------------------------------------------------------------------------------------------------------------------------------------------------------------+
; Incremental Compilation Partition Settings                                                                                                                                             ;
+--------------------------------+----------------+-------------------+-------------------------+------------------------+------------------------------+--------------------------------+
; Partition Name                 ; Partition Type ; Netlist Type Used ; Preservation Level Used ; Netlist Type Requested ; Preservation Level Requested ; Contents                       ;
+--------------------------------+----------------+-------------------+-------------------------+------------------------+------------------------------+--------------------------------+
; Top                            ; User-created   ; Source File       ; N/A                     ; Source File            ; N/A                          ;                                ;
; hard_block:auto_generated_inst ; Auto-generated ; Source File       ; N/A                     ; Source File            ; N/A                          ; hard_block:auto_generated_inst ;
+--------------------------------+----------------+-------------------+-------------------------+------------------------+------------------------------+--------------------------------+


+------------------------------------------------------------------------------------------------------------------------------------+
; Incremental Compilation Placement Preservation                                                                                     ;
+--------------------------------+-----------------------+-------------------------+-------------------+---------------------+-------+
; Partition Name                 ; Preservation Achieved ; Preservation Level Used ; Netlist Type Used ; Preservation Method ; Notes ;
+--------------------------------+-----------------------+-------------------------+-------------------+---------------------+-------+
; Top                            ; 0.00 % ( 0 / 20432 )  ; N/A                     ; Source File       ; N/A                 ;       ;
; hard_block:auto_generated_inst ; 0.00 % ( 0 / 10 )     ; N/A                     ; Source File       ; N/A                 ;       ;
+--------------------------------+-----------------------+-------------------------+-------------------+---------------------+-------+


+-------------------------------------------------------------------------+
; Fitter Resource Usage Summary                                           ;
+---------------------------------------------+---------------------------+
; Resource                                    ; Usage                     ;
+---------------------------------------------+---------------------------+
; Total logic elements                        ; 17,536 / 10,320 ( 170 % ) ;
;     -- Combinational with no register       ; 12340                     ;
;     -- Register only                        ; 2493                      ;
;     -- Combinational with a register        ; 2703                      ;
;                                             ;                           ;
; Logic element usage by number of LUT inputs ;                           ;
;     -- 4 input functions                    ; 4023                      ;
;     -- 3 input functions                    ; 5686                      ;
;     -- <=2 input functions                  ; 5334                      ;
;     -- Register only                        ; 2493                      ;
;                                             ;                           ;
; Logic elements by mode                      ;                           ;
;     -- normal mode                          ; 12273                     ;
;     -- arithmetic mode                      ; 2770                      ;
;                                             ;                           ;
; Total registers*                            ; 5,196 / 11,172 ( 47 % )   ;
;     -- Dedicated logic registers            ; 5,196 / 10,320 ( 50 % )   ;
;     -- I/O registers                        ; 0 / 852 ( 0 % )           ;
;                                             ;                           ;
; Total LABs                                  ; Not available             ;
; Virtual pins                                ; 0                         ;
; I/O pins                                    ; 79 / 180 ( 44 % )         ;
;     -- Clock pins                           ; 0 / 3 ( 0 % )             ;
;     -- Dedicated input pins                 ; 0 / 9 ( 0 % )             ;
;                                             ;                           ;
; M9Ks                                        ; 0 / 46 ( 0 % )            ;
; Total block memory bits                     ; 0 / 423,936 ( 0 % )       ;
; Total block memory implementation bits      ; 0 / 423,936 ( 0 % )       ;
; Embedded Multiplier 9-bit elements          ; 32 / 46 ( 70 % )          ;
; PLLs                                        ; 0 / 2 ( 0 % )             ;
; Global signals                              ; 3                         ;
;     -- Global clocks                        ; 3 / 10 ( 30 % )           ;
; JTAGs                                       ; 0 / 1 ( 0 % )             ;
; CRC blocks                                  ; 0 / 1 ( 0 % )             ;
; ASMI blocks                                 ; 0 / 1 ( 0 % )             ;
; Oscillator blocks                           ; 0 / 1 ( 0 % )             ;
; Impedance control blocks                    ; 0 / 4 ( 0 % )             ;
; Maximum fan-out                             ; 5196                      ;
; Highest non-global fan-out                  ; 2744                      ;
; Total fan-out                               ; 66910                     ;
; Average fan-out                             ; 3.27                      ;
+---------------------------------------------+---------------------------+
*  Register count does not include registers inside RAM blocks or DSP blocks.



+-----------------------------------------------------------------------------------------------------------------------------------------------------------------------------------------------------------------------------------------------------+
; Input Pins                                                                                                                                                                                                                                          ;
+------------+------------+----------+-----------------------+--------------------+--------+----------------+---------------+-----------------+----------+--------------+--------------+---------------------------+----------------------+-----------+
; Name       ; Pin #      ; I/O Bank ; Combinational Fan-Out ; Registered Fan-Out ; Global ; Input Register ; Power Up High ; PCI I/O Enabled ; Bus Hold ; Weak Pull Up ; I/O Standard ; Termination Control Block ; Location assigned by ; Slew Rate ;
+------------+------------+----------+-----------------------+--------------------+--------+----------------+---------------+-----------------+----------+--------------+--------------+---------------------------+----------------------+-----------+
; address[0] ; Unassigned ; --       ; 18                    ; 0                  ; no     ; no             ; no            ; yes             ; no       ; Off          ; 2.5 V        ; --                        ; Fitter               ; no        ;
; address[1] ; Unassigned ; --       ; 17                    ; 0                  ; no     ; no             ; no            ; yes             ; no       ; Off          ; 2.5 V        ; --                        ; Fitter               ; no        ;
; address[2] ; Unassigned ; --       ; 17                    ; 0                  ; no     ; no             ; no            ; yes             ; no       ; Off          ; 2.5 V        ; --                        ; Fitter               ; no        ;
; address[3] ; Unassigned ; --       ; 15                    ; 0                  ; no     ; no             ; no            ; yes             ; no       ; Off          ; 2.5 V        ; --                        ; Fitter               ; no        ;
; address[4] ; Unassigned ; --       ; 14                    ; 0                  ; no     ; no             ; no            ; yes             ; no       ; Off          ; 2.5 V        ; --                        ; Fitter               ; no        ;
; address[5] ; Unassigned ; --       ; 10                    ; 0                  ; no     ; no             ; no            ; yes             ; no       ; Off          ; 2.5 V        ; --                        ; Fitter               ; no        ;
; address[6] ; Unassigned ; --       ; 9                     ; 0                  ; no     ; no             ; no            ; yes             ; no       ; Off          ; 2.5 V        ; --                        ; Fitter               ; no        ;
; address[7] ; Unassigned ; --       ; 3                     ; 0                  ; no     ; no             ; no            ; yes             ; no       ; Off          ; 2.5 V        ; --                        ; Fitter               ; no        ;
; address[8] ; Unassigned ; --       ; 6                     ; 0                  ; no     ; no             ; no            ; yes             ; no       ; Off          ; 2.5 V        ; --                        ; Fitter               ; no        ;
; clk        ; Unassigned ; --       ; 5196                  ; 0                  ; yes    ; no             ; no            ; yes             ; no       ; Off          ; 2.5 V        ; --                        ; Fitter               ; no        ;
; in_d[0]    ; Unassigned ; --       ; 4                     ; 0                  ; no     ; no             ; no            ; yes             ; no       ; Off          ; 2.5 V        ; --                        ; Fitter               ; no        ;
; in_d[10]   ; Unassigned ; --       ; 4                     ; 0                  ; no     ; no             ; no            ; yes             ; no       ; Off          ; 2.5 V        ; --                        ; Fitter               ; no        ;
; in_d[11]   ; Unassigned ; --       ; 4                     ; 0                  ; no     ; no             ; no            ; yes             ; no       ; Off          ; 2.5 V        ; --                        ; Fitter               ; no        ;
; in_d[12]   ; Unassigned ; --       ; 4                     ; 0                  ; no     ; no             ; no            ; yes             ; no       ; Off          ; 2.5 V        ; --                        ; Fitter               ; no        ;
; in_d[13]   ; Unassigned ; --       ; 4                     ; 0                  ; no     ; no             ; no            ; yes             ; no       ; Off          ; 2.5 V        ; --                        ; Fitter               ; no        ;
; in_d[14]   ; Unassigned ; --       ; 4                     ; 0                  ; no     ; no             ; no            ; yes             ; no       ; Off          ; 2.5 V        ; --                        ; Fitter               ; no        ;
; in_d[15]   ; Unassigned ; --       ; 4                     ; 0                  ; no     ; no             ; no            ; yes             ; no       ; Off          ; 2.5 V        ; --                        ; Fitter               ; no        ;
; in_d[16]   ; Unassigned ; --       ; 4                     ; 0                  ; no     ; no             ; no            ; yes             ; no       ; Off          ; 2.5 V        ; --                        ; Fitter               ; no        ;
; in_d[17]   ; Unassigned ; --       ; 4                     ; 0                  ; no     ; no             ; no            ; yes             ; no       ; Off          ; 2.5 V        ; --                        ; Fitter               ; no        ;
; in_d[18]   ; Unassigned ; --       ; 4                     ; 0                  ; no     ; no             ; no            ; yes             ; no       ; Off          ; 2.5 V        ; --                        ; Fitter               ; no        ;
; in_d[19]   ; Unassigned ; --       ; 4                     ; 0                  ; no     ; no             ; no            ; yes             ; no       ; Off          ; 2.5 V        ; --                        ; Fitter               ; no        ;
; in_d[1]    ; Unassigned ; --       ; 4                     ; 0                  ; no     ; no             ; no            ; yes             ; no       ; Off          ; 2.5 V        ; --                        ; Fitter               ; no        ;
; in_d[20]   ; Unassigned ; --       ; 3                     ; 0                  ; no     ; no             ; no            ; yes             ; no       ; Off          ; 2.5 V        ; --                        ; Fitter               ; no        ;
; in_d[21]   ; Unassigned ; --       ; 3                     ; 0                  ; no     ; no             ; no            ; yes             ; no       ; Off          ; 2.5 V        ; --                        ; Fitter               ; no        ;
; in_d[22]   ; Unassigned ; --       ; 3                     ; 0                  ; no     ; no             ; no            ; yes             ; no       ; Off          ; 2.5 V        ; --                        ; Fitter               ; no        ;
; in_d[23]   ; Unassigned ; --       ; 3                     ; 0                  ; no     ; no             ; no            ; yes             ; no       ; Off          ; 2.5 V        ; --                        ; Fitter               ; no        ;
; in_d[24]   ; Unassigned ; --       ; 3                     ; 0                  ; no     ; no             ; no            ; yes             ; no       ; Off          ; 2.5 V        ; --                        ; Fitter               ; no        ;
; in_d[25]   ; Unassigned ; --       ; 3                     ; 0                  ; no     ; no             ; no            ; yes             ; no       ; Off          ; 2.5 V        ; --                        ; Fitter               ; no        ;
; in_d[26]   ; Unassigned ; --       ; 3                     ; 0                  ; no     ; no             ; no            ; yes             ; no       ; Off          ; 2.5 V        ; --                        ; Fitter               ; no        ;
; in_d[27]   ; Unassigned ; --       ; 3                     ; 0                  ; no     ; no             ; no            ; yes             ; no       ; Off          ; 2.5 V        ; --                        ; Fitter               ; no        ;
; in_d[28]   ; Unassigned ; --       ; 3                     ; 0                  ; no     ; no             ; no            ; yes             ; no       ; Off          ; 2.5 V        ; --                        ; Fitter               ; no        ;
; in_d[29]   ; Unassigned ; --       ; 3                     ; 0                  ; no     ; no             ; no            ; yes             ; no       ; Off          ; 2.5 V        ; --                        ; Fitter               ; no        ;
; in_d[2]    ; Unassigned ; --       ; 4                     ; 0                  ; no     ; no             ; no            ; yes             ; no       ; Off          ; 2.5 V        ; --                        ; Fitter               ; no        ;
; in_d[30]   ; Unassigned ; --       ; 3                     ; 0                  ; no     ; no             ; no            ; yes             ; no       ; Off          ; 2.5 V        ; --                        ; Fitter               ; no        ;
; in_d[31]   ; Unassigned ; --       ; 3                     ; 0                  ; no     ; no             ; no            ; yes             ; no       ; Off          ; 2.5 V        ; --                        ; Fitter               ; no        ;
; in_d[3]    ; Unassigned ; --       ; 4                     ; 0                  ; no     ; no             ; no            ; yes             ; no       ; Off          ; 2.5 V        ; --                        ; Fitter               ; no        ;
; in_d[4]    ; Unassigned ; --       ; 4                     ; 0                  ; no     ; no             ; no            ; yes             ; no       ; Off          ; 2.5 V        ; --                        ; Fitter               ; no        ;
; in_d[5]    ; Unassigned ; --       ; 4                     ; 0                  ; no     ; no             ; no            ; yes             ; no       ; Off          ; 2.5 V        ; --                        ; Fitter               ; no        ;
; in_d[6]    ; Unassigned ; --       ; 4                     ; 0                  ; no     ; no             ; no            ; yes             ; no       ; Off          ; 2.5 V        ; --                        ; Fitter               ; no        ;
; in_d[7]    ; Unassigned ; --       ; 4                     ; 0                  ; no     ; no             ; no            ; yes             ; no       ; Off          ; 2.5 V        ; --                        ; Fitter               ; no        ;
; in_d[8]    ; Unassigned ; --       ; 4                     ; 0                  ; no     ; no             ; no            ; yes             ; no       ; Off          ; 2.5 V        ; --                        ; Fitter               ; no        ;
; in_d[9]    ; Unassigned ; --       ; 4                     ; 0                  ; no     ; no             ; no            ; yes             ; no       ; Off          ; 2.5 V        ; --                        ; Fitter               ; no        ;
; read       ; Unassigned ; --       ; 2                     ; 0                  ; no     ; no             ; no            ; yes             ; no       ; Off          ; 2.5 V        ; --                        ; Fitter               ; no        ;
; reset      ; Unassigned ; --       ; 5133                  ; 0                  ; yes    ; no             ; no            ; yes             ; no       ; Off          ; 2.5 V        ; --                        ; Fitter               ; no        ;
; write      ; Unassigned ; --       ; 2                     ; 0                  ; no     ; no             ; no            ; yes             ; no       ; Off          ; 2.5 V        ; --                        ; Fitter               ; no        ;
+------------+------------+----------+-----------------------+--------------------+--------+----------------+---------------+-----------------+----------+--------------+--------------+---------------------------+----------------------+-----------+


+--------------------------------------------------------------------------------------------------------------------------------------------------------------------------------------------------------------------------------------------------------------------------------------------------------------------------------------------------------------------------------------------------------------------+
; Output Pins                                                                                                                                                                                                                                                                                                                                                                                                        ;
+-----------+------------+----------+-----------------+------------------------+---------------+-----------+-----------------+------------+---------------+----------+--------------+--------------+------------------+-----------------------------------+---------------------------+----------------------------+-----------------------------+----------------------+----------------------+---------------------+
; Name      ; Pin #      ; I/O Bank ; Output Register ; Output Enable Register ; Power Up High ; Slew Rate ; PCI I/O Enabled ; Open Drain ; TRI Primitive ; Bus Hold ; Weak Pull Up ; I/O Standard ; Current Strength ; Termination                       ; Termination Control Block ; Output Buffer Pre-emphasis ; Voltage Output Differential ; Location assigned by ; Output Enable Source ; Output Enable Group ;
+-----------+------------+----------+-----------------+------------------------+---------------+-----------+-----------------+------------+---------------+----------+--------------+--------------+------------------+-----------------------------------+---------------------------+----------------------------+-----------------------------+----------------------+----------------------+---------------------+
; down      ; Unassigned ; --       ; no              ; no                     ; no            ; 2         ; no              ; no         ; no            ; no       ; Off          ; 2.5 V        ; Default          ; Series 50 Ohm without Calibration ; --                        ; no                         ; no                          ; Fitter               ; -                    ; -                   ;
; out_d[0]  ; Unassigned ; --       ; no              ; no                     ; no            ; 2         ; no              ; no         ; no            ; no       ; Off          ; 2.5 V        ; Default          ; Series 50 Ohm without Calibration ; --                        ; no                         ; no                          ; Fitter               ; -                    ; -                   ;
; out_d[10] ; Unassigned ; --       ; no              ; no                     ; no            ; 2         ; no              ; no         ; no            ; no       ; Off          ; 2.5 V        ; Default          ; Series 50 Ohm without Calibration ; --                        ; no                         ; no                          ; Fitter               ; -                    ; -                   ;
; out_d[11] ; Unassigned ; --       ; no              ; no                     ; no            ; 2         ; no              ; no         ; no            ; no       ; Off          ; 2.5 V        ; Default          ; Series 50 Ohm without Calibration ; --                        ; no                         ; no                          ; Fitter               ; -                    ; -                   ;
; out_d[12] ; Unassigned ; --       ; no              ; no                     ; no            ; 2         ; no              ; no         ; no            ; no       ; Off          ; 2.5 V        ; Default          ; Series 50 Ohm without Calibration ; --                        ; no                         ; no                          ; Fitter               ; -                    ; -                   ;
; out_d[13] ; Unassigned ; --       ; no              ; no                     ; no            ; 2         ; no              ; no         ; no            ; no       ; Off          ; 2.5 V        ; Default          ; Series 50 Ohm without Calibration ; --                        ; no                         ; no                          ; Fitter               ; -                    ; -                   ;
; out_d[14] ; Unassigned ; --       ; no              ; no                     ; no            ; 2         ; no              ; no         ; no            ; no       ; Off          ; 2.5 V        ; Default          ; Series 50 Ohm without Calibration ; --                        ; no                         ; no                          ; Fitter               ; -                    ; -                   ;
; out_d[15] ; Unassigned ; --       ; no              ; no                     ; no            ; 2         ; no              ; no         ; no            ; no       ; Off          ; 2.5 V        ; Default          ; Series 50 Ohm without Calibration ; --                        ; no                         ; no                          ; Fitter               ; -                    ; -                   ;
; out_d[16] ; Unassigned ; --       ; no              ; no                     ; no            ; 2         ; no              ; no         ; no            ; no       ; Off          ; 2.5 V        ; Default          ; Series 50 Ohm without Calibration ; --                        ; no                         ; no                          ; Fitter               ; -                    ; -                   ;
; out_d[17] ; Unassigned ; --       ; no              ; no                     ; no            ; 2         ; no              ; no         ; no            ; no       ; Off          ; 2.5 V        ; Default          ; Series 50 Ohm without Calibration ; --                        ; no                         ; no                          ; Fitter               ; -                    ; -                   ;
; out_d[18] ; Unassigned ; --       ; no              ; no                     ; no            ; 2         ; no              ; no         ; no            ; no       ; Off          ; 2.5 V        ; Default          ; Series 50 Ohm without Calibration ; --                        ; no                         ; no                          ; Fitter               ; -                    ; -                   ;
; out_d[19] ; Unassigned ; --       ; no              ; no                     ; no            ; 2         ; no              ; no         ; no            ; no       ; Off          ; 2.5 V        ; Default          ; Series 50 Ohm without Calibration ; --                        ; no                         ; no                          ; Fitter               ; -                    ; -                   ;
; out_d[1]  ; Unassigned ; --       ; no              ; no                     ; no            ; 2         ; no              ; no         ; no            ; no       ; Off          ; 2.5 V        ; Default          ; Series 50 Ohm without Calibration ; --                        ; no                         ; no                          ; Fitter               ; -                    ; -                   ;
; out_d[20] ; Unassigned ; --       ; no              ; no                     ; no            ; 2         ; no              ; no         ; no            ; no       ; Off          ; 2.5 V        ; Default          ; Series 50 Ohm without Calibration ; --                        ; no                         ; no                          ; Fitter               ; -                    ; -                   ;
; out_d[21] ; Unassigned ; --       ; no              ; no                     ; no            ; 2         ; no              ; no         ; no            ; no       ; Off          ; 2.5 V        ; Default          ; Series 50 Ohm without Calibration ; --                        ; no                         ; no                          ; Fitter               ; -                    ; -                   ;
; out_d[22] ; Unassigned ; --       ; no              ; no                     ; no            ; 2         ; no              ; no         ; no            ; no       ; Off          ; 2.5 V        ; Default          ; Series 50 Ohm without Calibration ; --                        ; no                         ; no                          ; Fitter               ; -                    ; -                   ;
; out_d[23] ; Unassigned ; --       ; no              ; no                     ; no            ; 2         ; no              ; no         ; no            ; no       ; Off          ; 2.5 V        ; Default          ; Series 50 Ohm without Calibration ; --                        ; no                         ; no                          ; Fitter               ; -                    ; -                   ;
; out_d[24] ; Unassigned ; --       ; no              ; no                     ; no            ; 2         ; no              ; no         ; no            ; no       ; Off          ; 2.5 V        ; Default          ; Series 50 Ohm without Calibration ; --                        ; no                         ; no                          ; Fitter               ; -                    ; -                   ;
; out_d[25] ; Unassigned ; --       ; no              ; no                     ; no            ; 2         ; no              ; no         ; no            ; no       ; Off          ; 2.5 V        ; Default          ; Series 50 Ohm without Calibration ; --                        ; no                         ; no                          ; Fitter               ; -                    ; -                   ;
; out_d[26] ; Unassigned ; --       ; no              ; no                     ; no            ; 2         ; no              ; no         ; no            ; no       ; Off          ; 2.5 V        ; Default          ; Series 50 Ohm without Calibration ; --                        ; no                         ; no                          ; Fitter               ; -                    ; -                   ;
; out_d[27] ; Unassigned ; --       ; no              ; no                     ; no            ; 2         ; no              ; no         ; no            ; no       ; Off          ; 2.5 V        ; Default          ; Series 50 Ohm without Calibration ; --                        ; no                         ; no                          ; Fitter               ; -                    ; -                   ;
; out_d[28] ; Unassigned ; --       ; no              ; no                     ; no            ; 2         ; no              ; no         ; no            ; no       ; Off          ; 2.5 V        ; Default          ; Series 50 Ohm without Calibration ; --                        ; no                         ; no                          ; Fitter               ; -                    ; -                   ;
; out_d[29] ; Unassigned ; --       ; no              ; no                     ; no            ; 2         ; no              ; no         ; no            ; no       ; Off          ; 2.5 V        ; Default          ; Series 50 Ohm without Calibration ; --                        ; no                         ; no                          ; Fitter               ; -                    ; -                   ;
; out_d[2]  ; Unassigned ; --       ; no              ; no                     ; no            ; 2         ; no              ; no         ; no            ; no       ; Off          ; 2.5 V        ; Default          ; Series 50 Ohm without Calibration ; --                        ; no                         ; no                          ; Fitter               ; -                    ; -                   ;
; out_d[30] ; Unassigned ; --       ; no              ; no                     ; no            ; 2         ; no              ; no         ; no            ; no       ; Off          ; 2.5 V        ; Default          ; Series 50 Ohm without Calibration ; --                        ; no                         ; no                          ; Fitter               ; -                    ; -                   ;
; out_d[31] ; Unassigned ; --       ; no              ; no                     ; no            ; 2         ; no              ; no         ; no            ; no       ; Off          ; 2.5 V        ; Default          ; Series 50 Ohm without Calibration ; --                        ; no                         ; no                          ; Fitter               ; -                    ; -                   ;
; out_d[3]  ; Unassigned ; --       ; no              ; no                     ; no            ; 2         ; no              ; no         ; no            ; no       ; Off          ; 2.5 V        ; Default          ; Series 50 Ohm without Calibration ; --                        ; no                         ; no                          ; Fitter               ; -                    ; -                   ;
; out_d[4]  ; Unassigned ; --       ; no              ; no                     ; no            ; 2         ; no              ; no         ; no            ; no       ; Off          ; 2.5 V        ; Default          ; Series 50 Ohm without Calibration ; --                        ; no                         ; no                          ; Fitter               ; -                    ; -                   ;
; out_d[5]  ; Unassigned ; --       ; no              ; no                     ; no            ; 2         ; no              ; no         ; no            ; no       ; Off          ; 2.5 V        ; Default          ; Series 50 Ohm without Calibration ; --                        ; no                         ; no                          ; Fitter               ; -                    ; -                   ;
; out_d[6]  ; Unassigned ; --       ; no              ; no                     ; no            ; 2         ; no              ; no         ; no            ; no       ; Off          ; 2.5 V        ; Default          ; Series 50 Ohm without Calibration ; --                        ; no                         ; no                          ; Fitter               ; -                    ; -                   ;
; out_d[7]  ; Unassigned ; --       ; no              ; no                     ; no            ; 2         ; no              ; no         ; no            ; no       ; Off          ; 2.5 V        ; Default          ; Series 50 Ohm without Calibration ; --                        ; no                         ; no                          ; Fitter               ; -                    ; -                   ;
; out_d[8]  ; Unassigned ; --       ; no              ; no                     ; no            ; 2         ; no              ; no         ; no            ; no       ; Off          ; 2.5 V        ; Default          ; Series 50 Ohm without Calibration ; --                        ; no                         ; no                          ; Fitter               ; -                    ; -                   ;
; out_d[9]  ; Unassigned ; --       ; no              ; no                     ; no            ; 2         ; no              ; no         ; no            ; no       ; Off          ; 2.5 V        ; Default          ; Series 50 Ohm without Calibration ; --                        ; no                         ; no                          ; Fitter               ; -                    ; -                   ;
; ready     ; Unassigned ; --       ; no              ; no                     ; no            ; 2         ; no              ; no         ; no            ; no       ; Off          ; 2.5 V        ; Default          ; Series 50 Ohm without Calibration ; --                        ; no                         ; no                          ; Fitter               ; -                    ; -                   ;
+-----------+------------+----------+-----------------+------------------------+---------------+-----------+-----------------+------------+---------------+----------+--------------+--------------+------------------+-----------------------------------+---------------------------+----------------------------+-----------------------------+----------------------+----------------------+---------------------+


+-----------------------------------------------------------------------------------+
; Dual Purpose and Dedicated Pins                                                   ;
+----------+-----------+-------------+------------------+---------------------------+
; Location ; Pin Name  ; Reserved As ; User Signal Name ; Pin Type                  ;
+----------+-----------+-------------+------------------+---------------------------+
; F4       ; nSTATUS   ; -           ; -                ; Dedicated Programming Pin ;
; H5       ; nCONFIG   ; -           ; -                ; Dedicated Programming Pin ;
; J3       ; nCE       ; -           ; -                ; Dedicated Programming Pin ;
; H14      ; CONF_DONE ; -           ; -                ; Dedicated Programming Pin ;
; H13      ; MSEL0     ; -           ; -                ; Dedicated Programming Pin ;
; H12      ; MSEL1     ; -           ; -                ; Dedicated Programming Pin ;
; G12      ; MSEL2     ; -           ; -                ; Dedicated Programming Pin ;
; G12      ; MSEL3     ; -           ; -                ; Dedicated Programming Pin ;
+----------+-----------+-------------+------------------+---------------------------+


+----------------------------------------------------------+
; I/O Bank Usage                                           ;
+----------+----------------+---------------+--------------+
; I/O Bank ; Usage          ; VCCIO Voltage ; VREF Voltage ;
+----------+----------------+---------------+--------------+
; 1        ; 0 / 17 ( 0 % ) ; 2.5V          ; --           ;
; 2        ; 0 / 19 ( 0 % ) ; 2.5V          ; --           ;
; 3        ; 0 / 26 ( 0 % ) ; 2.5V          ; --           ;
; 4        ; 0 / 27 ( 0 % ) ; 2.5V          ; --           ;
; 5        ; 0 / 25 ( 0 % ) ; 2.5V          ; --           ;
; 6        ; 0 / 14 ( 0 % ) ; 2.5V          ; --           ;
; 7        ; 0 / 26 ( 0 % ) ; 2.5V          ; --           ;
; 8        ; 0 / 26 ( 0 % ) ; 2.5V          ; --           ;
; Unknown  ; 84             ; --            ;              ;
+----------+----------------+---------------+--------------+


+---------------------------------------------------------------------------------------------------------------------------------------------------------------+
; All Package Pins                                                                                                                                              ;
+----------+------------+----------+---------------------------------+--------+--------------+---------+------------+-----------------+----------+--------------+
; Location ; Pad Number ; I/O Bank ; Pin Name/Usage                  ; Dir.   ; I/O Standard ; Voltage ; I/O Type   ; User Assignment ; Bus Hold ; Weak Pull Up ;
+----------+------------+----------+---------------------------------+--------+--------------+---------+------------+-----------------+----------+--------------+
; A1       ;            ; 8        ; VCCIO8                          ; power  ;              ; 2.5V    ; --         ;                 ; --       ; --           ;
; A2       ; 194        ; 8        ; RESERVED_INPUT_WITH_WEAK_PULLUP ;        ;              ;         ; Column I/O ;                 ; no       ; On           ;
; A3       ; 200        ; 8        ; RESERVED_INPUT_WITH_WEAK_PULLUP ;        ;              ;         ; Column I/O ;                 ; no       ; On           ;
; A4       ; 196        ; 8        ; RESERVED_INPUT_WITH_WEAK_PULLUP ;        ;              ;         ; Column I/O ;                 ; no       ; On           ;
; A5       ; 192        ; 8        ; RESERVED_INPUT_WITH_WEAK_PULLUP ;        ;              ;         ; Column I/O ;                 ; no       ; On           ;
; A6       ; 188        ; 8        ; RESERVED_INPUT_WITH_WEAK_PULLUP ;        ;              ;         ; Column I/O ;                 ; no       ; On           ;
; A7       ; 183        ; 8        ; RESERVED_INPUT_WITH_WEAK_PULLUP ;        ;              ;         ; Column I/O ;                 ; no       ; On           ;
; A8       ; 177        ; 8        ; RESERVED_INPUT_WITH_WEAK_PULLUP ;        ;              ;         ; Column I/O ;                 ; no       ; On           ;
; A9       ; 175        ; 7        ; RESERVED_INPUT_WITH_WEAK_PULLUP ;        ;              ;         ; Column I/O ;                 ; no       ; On           ;
; A10      ; 168        ; 7        ; RESERVED_INPUT_WITH_WEAK_PULLUP ;        ;              ;         ; Column I/O ;                 ; no       ; On           ;
; A11      ; 161        ; 7        ; RESERVED_INPUT_WITH_WEAK_PULLUP ;        ;              ;         ; Column I/O ;                 ; no       ; On           ;
; A12      ; 159        ; 7        ; RESERVED_INPUT_WITH_WEAK_PULLUP ;        ;              ;         ; Column I/O ;                 ; no       ; On           ;
; A13      ; 153        ; 7        ; RESERVED_INPUT_WITH_WEAK_PULLUP ;        ;              ;         ; Column I/O ;                 ; no       ; On           ;
; A14      ; 155        ; 7        ; RESERVED_INPUT_WITH_WEAK_PULLUP ;        ;              ;         ; Column I/O ;                 ; no       ; On           ;
; A15      ; 167        ; 7        ; RESERVED_INPUT_WITH_WEAK_PULLUP ;        ;              ;         ; Column I/O ;                 ; no       ; On           ;
; A16      ;            ; 7        ; VCCIO7                          ; power  ;              ; 2.5V    ; --         ;                 ; --       ; --           ;
; B1       ; 3          ; 1        ; RESERVED_INPUT_WITH_WEAK_PULLUP ;        ;              ;         ; Row I/O    ;                 ; no       ; On           ;
; B2       ;            ;          ; GND                             ; gnd    ;              ;         ; --         ;                 ; --       ; --           ;
; B3       ; 201        ; 8        ; RESERVED_INPUT_WITH_WEAK_PULLUP ;        ;              ;         ; Column I/O ;                 ; no       ; On           ;
; B4       ; 197        ; 8        ; RESERVED_INPUT_WITH_WEAK_PULLUP ;        ;              ;         ; Column I/O ;                 ; no       ; On           ;
; B5       ; 195        ; 8        ; RESERVED_INPUT_WITH_WEAK_PULLUP ;        ;              ;         ; Column I/O ;                 ; no       ; On           ;
; B6       ; 189        ; 8        ; RESERVED_INPUT_WITH_WEAK_PULLUP ;        ;              ;         ; Column I/O ;                 ; no       ; On           ;
; B7       ; 184        ; 8        ; RESERVED_INPUT_WITH_WEAK_PULLUP ;        ;              ;         ; Column I/O ;                 ; no       ; On           ;
; B8       ; 178        ; 8        ; RESERVED_INPUT_WITH_WEAK_PULLUP ;        ;              ;         ; Column I/O ;                 ; no       ; On           ;
; B9       ; 176        ; 7        ; RESERVED_INPUT_WITH_WEAK_PULLUP ;        ;              ;         ; Column I/O ;                 ; no       ; On           ;
; B10      ; 169        ; 7        ; RESERVED_INPUT_WITH_WEAK_PULLUP ;        ;              ;         ; Column I/O ;                 ; no       ; On           ;
; B11      ; 162        ; 7        ; RESERVED_INPUT_WITH_WEAK_PULLUP ;        ;              ;         ; Column I/O ;                 ; no       ; On           ;
; B12      ; 160        ; 7        ; RESERVED_INPUT_WITH_WEAK_PULLUP ;        ;              ;         ; Column I/O ;                 ; no       ; On           ;
; B13      ; 154        ; 7        ; RESERVED_INPUT_WITH_WEAK_PULLUP ;        ;              ;         ; Column I/O ;                 ; no       ; On           ;
; B14      ; 156        ; 7        ; RESERVED_INPUT_WITH_WEAK_PULLUP ;        ;              ;         ; Column I/O ;                 ; no       ; On           ;
; B15      ;            ;          ; GND                             ; gnd    ;              ;         ; --         ;                 ; --       ; --           ;
; B16      ; 141        ; 6        ; RESERVED_INPUT_WITH_WEAK_PULLUP ;        ;              ;         ; Row I/O    ;                 ; no       ; On           ;
; C1       ; 5          ; 1        ; RESERVED_INPUT_WITH_WEAK_PULLUP ;        ;              ;         ; Row I/O    ;                 ; no       ; On           ;
; C2       ; 4          ; 1        ; RESERVED_INPUT_WITH_WEAK_PULLUP ;        ;              ;         ; Row I/O    ;                 ; no       ; On           ;
; C3       ; 202        ; 8        ; RESERVED_INPUT_WITH_WEAK_PULLUP ;        ;              ;         ; Column I/O ;                 ; no       ; On           ;
; C4       ;            ; 8        ; VCCIO8                          ; power  ;              ; 2.5V    ; --         ;                 ; --       ; --           ;
; C5       ;            ;          ; GND                             ; gnd    ;              ;         ; --         ;                 ; --       ; --           ;
; C6       ; 187        ; 8        ; RESERVED_INPUT_WITH_WEAK_PULLUP ;        ;              ;         ; Column I/O ;                 ; --       ; --           ;
; C7       ;            ; 8        ; VCCIO8                          ; power  ;              ; 2.5V    ; --         ;                 ; --       ; --           ;
; C8       ; 179        ; 8        ; RESERVED_INPUT_WITH_WEAK_PULLUP ;        ;              ;         ; Column I/O ;                 ; no       ; On           ;
; C9       ; 172        ; 7        ; RESERVED_INPUT_WITH_WEAK_PULLUP ;        ;              ;         ; Column I/O ;                 ; no       ; On           ;
; C10      ;            ; 7        ; VCCIO7                          ; power  ;              ; 2.5V    ; --         ;                 ; --       ; --           ;
; C11      ; 163        ; 7        ; RESERVED_INPUT_WITH_WEAK_PULLUP ;        ;              ;         ; Column I/O ;                 ; --       ; --           ;
; C12      ;            ;          ; GND                             ; gnd    ;              ;         ; --         ;                 ; --       ; --           ;
; C13      ;            ; 7        ; VCCIO7                          ; power  ;              ; 2.5V    ; --         ;                 ; --       ; --           ;
; C14      ; 149        ; 7        ; RESERVED_INPUT_WITH_WEAK_PULLUP ;        ;              ;         ; Column I/O ;                 ; no       ; On           ;
; C15      ; 147        ; 6        ; RESERVED_INPUT_WITH_WEAK_PULLUP ;        ;              ;         ; Row I/O    ;                 ; no       ; On           ;
; C16      ; 146        ; 6        ; RESERVED_INPUT_WITH_WEAK_PULLUP ;        ;              ;         ; Row I/O    ;                 ; no       ; On           ;
; D1       ; 8          ; 1        ; RESERVED_INPUT_WITH_WEAK_PULLUP ;        ;              ;         ; Row I/O    ;                 ; no       ; On           ;
; D2       ; 7          ; 1        ; RESERVED_INPUT_WITH_WEAK_PULLUP ;        ;              ;         ; Row I/O    ;                 ; no       ; On           ;
; D3       ; 203        ; 8        ; RESERVED_INPUT_WITH_WEAK_PULLUP ;        ;              ;         ; Column I/O ;                 ; no       ; On           ;
; D4       ; 0          ; 1        ; RESERVED_INPUT_WITH_WEAK_PULLUP ;        ;              ;         ; Row I/O    ;                 ; no       ; On           ;
; D5       ; 198        ; 8        ; RESERVED_INPUT_WITH_WEAK_PULLUP ;        ;              ;         ; Column I/O ;                 ; no       ; On           ;
; D6       ; 199        ; 8        ; RESERVED_INPUT_WITH_WEAK_PULLUP ;        ;              ;         ; Column I/O ;                 ; no       ; On           ;
; D7       ;            ;          ; GND                             ; gnd    ;              ;         ; --         ;                 ; --       ; --           ;
; D8       ; 180        ; 8        ; RESERVED_INPUT_WITH_WEAK_PULLUP ;        ;              ;         ; Column I/O ;                 ; no       ; On           ;
; D9       ; 173        ; 7        ; RESERVED_INPUT_WITH_WEAK_PULLUP ;        ;              ;         ; Column I/O ;                 ; no       ; On           ;
; D10      ;            ;          ; GND                             ; gnd    ;              ;         ; --         ;                 ; --       ; --           ;
; D11      ; 151        ; 7        ; RESERVED_INPUT_WITH_WEAK_PULLUP ;        ;              ;         ; Column I/O ;                 ; no       ; On           ;
; D12      ; 152        ; 7        ; RESERVED_INPUT_WITH_WEAK_PULLUP ;        ;              ;         ; Column I/O ;                 ; no       ; On           ;
; D13      ;            ;          ; VCCD_PLL2                       ; power  ;              ; 1.2V    ; --         ;                 ; --       ; --           ;
; D14      ; 150        ; 7        ; RESERVED_INPUT_WITH_WEAK_PULLUP ;        ;              ;         ; Column I/O ;                 ; no       ; On           ;
; D15      ; 144        ; 6        ; RESERVED_INPUT_WITH_WEAK_PULLUP ;        ;              ;         ; Row I/O    ;                 ; no       ; On           ;
; D16      ; 143        ; 6        ; RESERVED_INPUT_WITH_WEAK_PULLUP ;        ;              ;         ; Row I/O    ;                 ; no       ; On           ;
; E1       ; 24         ; 1        ; GND+                            ;        ;              ;         ; Row I/O    ;                 ; --       ; --           ;
; E2       ;            ;          ; GND                             ; gnd    ;              ;         ; --         ;                 ; --       ; --           ;
; E3       ;            ; 1        ; VCCIO1                          ; power  ;              ; 2.5V    ; --         ;                 ; --       ; --           ;
; E4       ;            ;          ; GND                             ; gnd    ;              ;         ; --         ;                 ; --       ; --           ;
; E5       ; 1          ; 1        ; RESERVED_INPUT_WITH_WEAK_PULLUP ;        ;              ;         ; Row I/O    ;                 ; no       ; On           ;
; E6       ; 191        ; 8        ; RESERVED_INPUT_WITH_WEAK_PULLUP ;        ;              ;         ; Column I/O ;                 ; no       ; On           ;
; E7       ; 190        ; 8        ; RESERVED_INPUT_WITH_WEAK_PULLUP ;        ;              ;         ; Column I/O ;                 ; no       ; On           ;
; E8       ; 181        ; 8        ; RESERVED_INPUT_WITH_WEAK_PULLUP ;        ;              ;         ; Column I/O ;                 ; no       ; On           ;
; E9       ; 174        ; 7        ; RESERVED_INPUT_WITH_WEAK_PULLUP ;        ;              ;         ; Column I/O ;                 ; no       ; On           ;
; E10      ; 158        ; 7        ; RESERVED_INPUT_WITH_WEAK_PULLUP ;        ;              ;         ; Column I/O ;                 ; no       ; On           ;
; E11      ; 157        ; 7        ; RESERVED_INPUT_WITH_WEAK_PULLUP ;        ;              ;         ; Column I/O ;                 ; no       ; On           ;
; E12      ;            ;          ; GNDA2                           ; gnd    ;              ;         ; --         ;                 ; --       ; --           ;
; E13      ;            ;          ; GND                             ; gnd    ;              ;         ; --         ;                 ; --       ; --           ;
; E14      ;            ; 6        ; VCCIO6                          ; power  ;              ; 2.5V    ; --         ;                 ; --       ; --           ;
; E15      ; 128        ; 6        ; GND+                            ;        ;              ;         ; Row I/O    ;                 ; --       ; --           ;
; E16      ; 127        ; 6        ; GND+                            ;        ;              ;         ; Row I/O    ;                 ; --       ; --           ;
; F1       ; 12         ; 1        ; RESERVED_INPUT_WITH_WEAK_PULLUP ;        ;              ;         ; Row I/O    ;                 ; no       ; On           ;
; F2       ; 11         ; 1        ; RESERVED_INPUT_WITH_WEAK_PULLUP ;        ;              ;         ; Row I/O    ;                 ; no       ; On           ;
; F3       ; 6          ; 1        ; RESERVED_INPUT_WITH_WEAK_PULLUP ;        ;              ;         ; Row I/O    ;                 ; --       ; --           ;
; F4       ; 9          ; 1        ; ^nSTATUS                        ;        ;              ;         ; --         ;                 ; --       ; --           ;
; F5       ; 2          ; 1        ; RESERVED_INPUT_WITH_WEAK_PULLUP ;        ;              ;         ; Row I/O    ;                 ; no       ; On           ;
; F6       ; 185        ; 8        ; RESERVED_INPUT_WITH_WEAK_PULLUP ;        ;              ;         ; Column I/O ;                 ; no       ; On           ;
; F7       ; 186        ; 8        ; RESERVED_INPUT_WITH_WEAK_PULLUP ;        ;              ;         ; Column I/O ;                 ; no       ; On           ;
; F8       ; 182        ; 8        ; RESERVED_INPUT_WITH_WEAK_PULLUP ;        ;              ;         ; Column I/O ;                 ; no       ; On           ;
; F9       ; 165        ; 7        ; RESERVED_INPUT_WITH_WEAK_PULLUP ;        ;              ;         ; Column I/O ;                 ; no       ; On           ;
; F10      ; 164        ; 7        ; RESERVED_INPUT_WITH_WEAK_PULLUP ;        ;              ;         ; Column I/O ;                 ; no       ; On           ;
; F11      ; 166        ; 7        ; RESERVED_INPUT_WITH_WEAK_PULLUP ;        ;              ;         ; Column I/O ;                 ; no       ; On           ;
; F12      ;            ; --       ; VCCA2                           ; power  ;              ; 2.5V    ; --         ;                 ; --       ; --           ;
; F13      ; 138        ; 6        ; RESERVED_INPUT_WITH_WEAK_PULLUP ;        ;              ;         ; Row I/O    ;                 ; no       ; On           ;
; F14      ; 142        ; 6        ; RESERVED_INPUT_WITH_WEAK_PULLUP ;        ;              ;         ; Row I/O    ;                 ; --       ; --           ;
; F15      ; 140        ; 6        ; RESERVED_INPUT_WITH_WEAK_PULLUP ;        ;              ;         ; Row I/O    ;                 ; no       ; On           ;
; F16      ; 139        ; 6        ; RESERVED_INPUT_WITH_WEAK_PULLUP ;        ;              ;         ; Row I/O    ;                 ; no       ; On           ;
; G1       ; 14         ; 1        ; RESERVED_INPUT_WITH_WEAK_PULLUP ;        ;              ;         ; Row I/O    ;                 ; no       ; On           ;
; G2       ; 13         ; 1        ; RESERVED_INPUT_WITH_WEAK_PULLUP ;        ;              ;         ; Row I/O    ;                 ; no       ; On           ;
; G3       ;            ; 1        ; VCCIO1                          ; power  ;              ; 2.5V    ; --         ;                 ; --       ; --           ;
; G4       ;            ;          ; GND                             ; gnd    ;              ;         ; --         ;                 ; --       ; --           ;
; G5       ; 10         ; 1        ; RESERVED_INPUT_WITH_WEAK_PULLUP ;        ;              ;         ; Row I/O    ;                 ; no       ; On           ;
; G6       ;            ;          ; VCCINT                          ; power  ;              ; 1.2V    ; --         ;                 ; --       ; --           ;
; G7       ;            ;          ; VCCINT                          ; power  ;              ; 1.2V    ; --         ;                 ; --       ; --           ;
; G8       ;            ;          ; VCCINT                          ; power  ;              ; 1.2V    ; --         ;                 ; --       ; --           ;
; G9       ;            ;          ; VCCINT                          ; power  ;              ; 1.2V    ; --         ;                 ; --       ; --           ;
; G10      ;            ;          ; VCCINT                          ; power  ;              ; 1.2V    ; --         ;                 ; --       ; --           ;
; G11      ; 145        ; 6        ; RESERVED_INPUT_WITH_WEAK_PULLUP ;        ;              ;         ; Row I/O    ;                 ; no       ; On           ;
; G12      ; 132        ; 6        ; ^MSEL2                          ;        ;              ;         ; --         ;                 ; --       ; --           ;
; G12      ; 133        ; 6        ; ^MSEL3                          ;        ;              ;         ; --         ;                 ; --       ; --           ;
; G13      ;            ;          ; GND                             ; gnd    ;              ;         ; --         ;                 ; --       ; --           ;
; G14      ;            ; 6        ; VCCIO6                          ; power  ;              ; 2.5V    ; --         ;                 ; --       ; --           ;
; G15      ; 137        ; 6        ; RESERVED_INPUT_WITH_WEAK_PULLUP ;        ;              ;         ; Row I/O    ;                 ; no       ; On           ;
; G16      ; 136        ; 6        ; RESERVED_INPUT_WITH_WEAK_PULLUP ;        ;              ;         ; Row I/O    ;                 ; no       ; On           ;
; H1       ; 15         ; 1        ; RESERVED_INPUT_WITH_WEAK_PULLUP ;        ;              ;         ; Row I/O    ;                 ; --       ; On           ;
; H2       ; 16         ; 1        ; RESERVED_INPUT_WITH_WEAK_PULLUP ;        ;              ;         ; Row I/O    ;                 ; no       ; On           ;
; H3       ; 19         ; 1        ; #TCK                            ; input  ;              ;         ; --         ;                 ; --       ; --           ;
; H4       ; 18         ; 1        ; #TDI                            ; input  ;              ;         ; --         ;                 ; --       ; --           ;
; H5       ; 17         ; 1        ; ^nCONFIG                        ;        ;              ;         ; --         ;                 ; --       ; --           ;
; H6       ;            ;          ; VCCINT                          ; power  ;              ; 1.2V    ; --         ;                 ; --       ; --           ;
; H7       ;            ;          ; GND                             ; gnd    ;              ;         ; --         ;                 ; --       ; --           ;
; H8       ;            ;          ; GND                             ; gnd    ;              ;         ; --         ;                 ; --       ; --           ;
; H9       ;            ;          ; GND                             ; gnd    ;              ;         ; --         ;                 ; --       ; --           ;
; H10      ;            ;          ; GND                             ; gnd    ;              ;         ; --         ;                 ; --       ; --           ;
; H11      ;            ;          ; VCCINT                          ; power  ;              ; 1.2V    ; --         ;                 ; --       ; --           ;
; H12      ; 131        ; 6        ; ^MSEL1                          ;        ;              ;         ; --         ;                 ; --       ; --           ;
; H13      ; 130        ; 6        ; ^MSEL0                          ;        ;              ;         ; --         ;                 ; --       ; --           ;
; H14      ; 129        ; 6        ; ^CONF_DONE                      ;        ;              ;         ; --         ;                 ; --       ; --           ;
; H15      ;            ;          ; GND                             ; gnd    ;              ;         ; --         ;                 ; --       ; --           ;
; H16      ;            ;          ; GND                             ; gnd    ;              ;         ; --         ;                 ; --       ; --           ;
; J1       ; 28         ; 2        ; RESERVED_INPUT_WITH_WEAK_PULLUP ;        ;              ;         ; Row I/O    ;                 ; no       ; On           ;
; J2       ; 27         ; 2        ; RESERVED_INPUT_WITH_WEAK_PULLUP ;        ;              ;         ; Row I/O    ;                 ; no       ; On           ;
; J3       ; 22         ; 1        ; ^nCE                            ;        ;              ;         ; --         ;                 ; --       ; --           ;
; J4       ; 21         ; 1        ; #TDO                            ; output ;              ;         ; --         ;                 ; --       ; --           ;
; J5       ; 20         ; 1        ; #TMS                            ; input  ;              ;         ; --         ;                 ; --       ; --           ;
; J6       ; 29         ; 2        ; RESERVED_INPUT_WITH_WEAK_PULLUP ;        ;              ;         ; Row I/O    ;                 ; no       ; On           ;
; J7       ;            ;          ; GND                             ; gnd    ;              ;         ; --         ;                 ; --       ; --           ;
; J8       ;            ;          ; GND                             ; gnd    ;              ;         ; --         ;                 ; --       ; --           ;
; J9       ;            ;          ; GND                             ; gnd    ;              ;         ; --         ;                 ; --       ; --           ;
; J10      ;            ;          ; GND                             ; gnd    ;              ;         ; --         ;                 ; --       ; --           ;
; J11      ; 117        ; 5        ; RESERVED_INPUT_WITH_WEAK_PULLUP ;        ;              ;         ; Row I/O    ;                 ; no       ; On           ;
; J12      ; 123        ; 5        ; RESERVED_INPUT_WITH_WEAK_PULLUP ;        ;              ;         ; Row I/O    ;                 ; no       ; On           ;
; J13      ; 124        ; 5        ; RESERVED_INPUT_WITH_WEAK_PULLUP ;        ;              ;         ; Row I/O    ;                 ; no       ; On           ;
; J14      ; 122        ; 5        ; RESERVED_INPUT_WITH_WEAK_PULLUP ;        ;              ;         ; Row I/O    ;                 ; no       ; On           ;
; J15      ; 121        ; 5        ; RESERVED_INPUT_WITH_WEAK_PULLUP ;        ;              ;         ; Row I/O    ;                 ; no       ; On           ;
; J16      ; 120        ; 5        ; RESERVED_INPUT_WITH_WEAK_PULLUP ;        ;              ;         ; Row I/O    ;                 ; no       ; On           ;
; K1       ; 33         ; 2        ; RESERVED_INPUT_WITH_WEAK_PULLUP ;        ;              ;         ; Row I/O    ;                 ; no       ; On           ;
; K2       ; 32         ; 2        ; RESERVED_INPUT_WITH_WEAK_PULLUP ;        ;              ;         ; Row I/O    ;                 ; no       ; On           ;
; K3       ;            ; 2        ; VCCIO2                          ; power  ;              ; 2.5V    ; --         ;                 ; --       ; --           ;
; K4       ;            ;          ; GND                             ; gnd    ;              ;         ; --         ;                 ; --       ; --           ;
; K5       ; 39         ; 2        ; RESERVED_INPUT_WITH_WEAK_PULLUP ;        ;              ;         ; Row I/O    ;                 ; no       ; On           ;
; K6       ; 30         ; 2        ; RESERVED_INPUT_WITH_WEAK_PULLUP ;        ;              ;         ; Row I/O    ;                 ; no       ; On           ;
; K7       ;            ;          ; VCCINT                          ; power  ;              ; 1.2V    ; --         ;                 ; --       ; --           ;
; K8       ; 60         ; 3        ; RESERVED_INPUT_WITH_WEAK_PULLUP ;        ;              ;         ; Column I/O ;                 ; no       ; On           ;
; K9       ; 76         ; 4        ; RESERVED_INPUT_WITH_WEAK_PULLUP ;        ;              ;         ; Column I/O ;                 ; no       ; On           ;
; K10      ; 87         ; 4        ; RESERVED_INPUT_WITH_WEAK_PULLUP ;        ;              ;         ; Column I/O ;                 ; no       ; On           ;
; K11      ; 110        ; 5        ; RESERVED_INPUT_WITH_WEAK_PULLUP ;        ;              ;         ; Row I/O    ;                 ; no       ; On           ;
; K12      ; 105        ; 5        ; RESERVED_INPUT_WITH_WEAK_PULLUP ;        ;              ;         ; Row I/O    ;                 ; no       ; On           ;
; K13      ;            ;          ; GND                             ; gnd    ;              ;         ; --         ;                 ; --       ; --           ;
; K14      ;            ; 5        ; VCCIO5                          ; power  ;              ; 2.5V    ; --         ;                 ; --       ; --           ;
; K15      ; 119        ; 5        ; RESERVED_INPUT_WITH_WEAK_PULLUP ;        ;              ;         ; Row I/O    ;                 ; no       ; On           ;
; K16      ; 118        ; 5        ; RESERVED_INPUT_WITH_WEAK_PULLUP ;        ;              ;         ; Row I/O    ;                 ; no       ; On           ;
; L1       ; 35         ; 2        ; RESERVED_INPUT_WITH_WEAK_PULLUP ;        ;              ;         ; Row I/O    ;                 ; no       ; On           ;
; L2       ; 34         ; 2        ; RESERVED_INPUT_WITH_WEAK_PULLUP ;        ;              ;         ; Row I/O    ;                 ; no       ; On           ;
; L3       ; 36         ; 2        ; RESERVED_INPUT_WITH_WEAK_PULLUP ;        ;              ;         ; Row I/O    ;                 ; --       ; --           ;
; L4       ; 40         ; 2        ; RESERVED_INPUT_WITH_WEAK_PULLUP ;        ;              ;         ; Row I/O    ;                 ; no       ; On           ;
; L5       ;            ; --       ; VCCA1                           ; power  ;              ; 2.5V    ; --         ;                 ; --       ; --           ;
; L6       ; 31         ; 2        ; RESERVED_INPUT_WITH_WEAK_PULLUP ;        ;              ;         ; Row I/O    ;                 ; no       ; On           ;
; L7       ; 65         ; 3        ; RESERVED_INPUT_WITH_WEAK_PULLUP ;        ;              ;         ; Column I/O ;                 ; no       ; On           ;
; L8       ; 68         ; 3        ; RESERVED_INPUT_WITH_WEAK_PULLUP ;        ;              ;         ; Column I/O ;                 ; no       ; On           ;
; L9       ; 77         ; 4        ; RESERVED_INPUT_WITH_WEAK_PULLUP ;        ;              ;         ; Column I/O ;                 ; no       ; On           ;
; L10      ; 88         ; 4        ; RESERVED_INPUT_WITH_WEAK_PULLUP ;        ;              ;         ; Column I/O ;                 ; no       ; On           ;
; L11      ; 99         ; 4        ; RESERVED_INPUT_WITH_WEAK_PULLUP ;        ;              ;         ; Column I/O ;                 ; no       ; On           ;
; L12      ; 104        ; 5        ; RESERVED_INPUT_WITH_WEAK_PULLUP ;        ;              ;         ; Row I/O    ;                 ; no       ; On           ;
; L13      ; 114        ; 5        ; RESERVED_INPUT_WITH_WEAK_PULLUP ;        ;              ;         ; Row I/O    ;                 ; no       ; On           ;
; L14      ; 113        ; 5        ; RESERVED_INPUT_WITH_WEAK_PULLUP ;        ;              ;         ; Row I/O    ;                 ; --       ; --           ;
; L15      ; 116        ; 5        ; RESERVED_INPUT_WITH_WEAK_PULLUP ;        ;              ;         ; Row I/O    ;                 ; no       ; On           ;
; L16      ; 115        ; 5        ; RESERVED_INPUT_WITH_WEAK_PULLUP ;        ;              ;         ; Row I/O    ;                 ; no       ; On           ;
; M1       ; 26         ; 2        ; GND+                            ;        ;              ;         ; Row I/O    ;                 ; --       ; --           ;
; M2       ; 25         ; 2        ; GND+                            ;        ;              ;         ; Row I/O    ;                 ; --       ; --           ;
; M3       ;            ; 2        ; VCCIO2                          ; power  ;              ; 2.5V    ; --         ;                 ; --       ; --           ;
; M4       ;            ;          ; GND                             ; gnd    ;              ;         ; --         ;                 ; --       ; --           ;
; M5       ;            ;          ; GNDA1                           ; gnd    ;              ;         ; --         ;                 ; --       ; --           ;
; M6       ; 57         ; 3        ; RESERVED_INPUT_WITH_WEAK_PULLUP ;        ;              ;         ; Column I/O ;                 ; no       ; On           ;
; M7       ; 59         ; 3        ; RESERVED_INPUT_WITH_WEAK_PULLUP ;        ;              ;         ; Column I/O ;                 ; no       ; On           ;
; M8       ; 69         ; 3        ; RESERVED_INPUT_WITH_WEAK_PULLUP ;        ;              ;         ; Column I/O ;                 ; no       ; On           ;
; M9       ; 78         ; 4        ; RESERVED_INPUT_WITH_WEAK_PULLUP ;        ;              ;         ; Column I/O ;                 ; no       ; On           ;
; M10      ; 93         ; 4        ; RESERVED_INPUT_WITH_WEAK_PULLUP ;        ;              ;         ; Column I/O ;                 ; no       ; On           ;
; M11      ; 100        ; 4        ; RESERVED_INPUT_WITH_WEAK_PULLUP ;        ;              ;         ; Column I/O ;                 ; no       ; On           ;
; M12      ; 103        ; 5        ; RESERVED_INPUT_WITH_WEAK_PULLUP ;        ;              ;         ; Row I/O    ;                 ; no       ; On           ;
; M13      ;            ;          ; GND                             ; gnd    ;              ;         ; --         ;                 ; --       ; --           ;
; M14      ;            ; 5        ; VCCIO5                          ; power  ;              ; 2.5V    ; --         ;                 ; --       ; --           ;
; M15      ; 126        ; 5        ; GND+                            ;        ;              ;         ; Row I/O    ;                 ; --       ; --           ;
; M16      ; 125        ; 5        ; GND+                            ;        ;              ;         ; Row I/O    ;                 ; --       ; --           ;
; N1       ; 38         ; 2        ; RESERVED_INPUT_WITH_WEAK_PULLUP ;        ;              ;         ; Row I/O    ;                 ; no       ; On           ;
; N2       ; 37         ; 2        ; RESERVED_INPUT_WITH_WEAK_PULLUP ;        ;              ;         ; Row I/O    ;                 ; no       ; On           ;
; N3       ; 45         ; 3        ; RESERVED_INPUT_WITH_WEAK_PULLUP ;        ;              ;         ; Column I/O ;                 ; no       ; On           ;
; N4       ;            ;          ; VCCD_PLL1                       ; power  ;              ; 1.2V    ; --         ;                 ; --       ; --           ;
; N5       ; 55         ; 3        ; RESERVED_INPUT_WITH_WEAK_PULLUP ;        ;              ;         ; Column I/O ;                 ; no       ; On           ;
; N6       ; 56         ; 3        ; RESERVED_INPUT_WITH_WEAK_PULLUP ;        ;              ;         ; Column I/O ;                 ; no       ; On           ;
; N7       ;            ;          ; GND                             ; gnd    ;              ;         ; --         ;                 ; --       ; --           ;
; N8       ; 70         ; 3        ; RESERVED_INPUT_WITH_WEAK_PULLUP ;        ;              ;         ; Column I/O ;                 ; no       ; On           ;
; N9       ; 79         ; 4        ; RESERVED_INPUT_WITH_WEAK_PULLUP ;        ;              ;         ; Column I/O ;                 ; no       ; On           ;
; N10      ;            ;          ; GND                             ; gnd    ;              ;         ; --         ;                 ; --       ; --           ;
; N11      ; 94         ; 4        ; RESERVED_INPUT_WITH_WEAK_PULLUP ;        ;              ;         ; Column I/O ;                 ; no       ; On           ;
; N12      ; 101        ; 4        ; RESERVED_INPUT_WITH_WEAK_PULLUP ;        ;              ;         ; Column I/O ;                 ; no       ; On           ;
; N13      ; 102        ; 5        ; RESERVED_INPUT_WITH_WEAK_PULLUP ;        ;              ;         ; Row I/O    ;                 ; no       ; On           ;
; N14      ; 106        ; 5        ; RESERVED_INPUT_WITH_WEAK_PULLUP ;        ;              ;         ; Row I/O    ;                 ; no       ; On           ;
; N15      ; 112        ; 5        ; RESERVED_INPUT_WITH_WEAK_PULLUP ;        ;              ;         ; Row I/O    ;                 ; no       ; On           ;
; N16      ; 111        ; 5        ; RESERVED_INPUT_WITH_WEAK_PULLUP ;        ;              ;         ; Row I/O    ;                 ; no       ; On           ;
; P1       ; 44         ; 2        ; RESERVED_INPUT_WITH_WEAK_PULLUP ;        ;              ;         ; Row I/O    ;                 ; no       ; On           ;
; P2       ; 43         ; 2        ; RESERVED_INPUT_WITH_WEAK_PULLUP ;        ;              ;         ; Row I/O    ;                 ; no       ; On           ;
; P3       ; 46         ; 3        ; RESERVED_INPUT_WITH_WEAK_PULLUP ;        ;              ;         ; Column I/O ;                 ; no       ; On           ;
; P4       ;            ; 3        ; VCCIO3                          ; power  ;              ; 2.5V    ; --         ;                 ; --       ; --           ;
; P5       ;            ;          ; GND                             ; gnd    ;              ;         ; --         ;                 ; --       ; --           ;
; P6       ; 58         ; 3        ; RESERVED_INPUT_WITH_WEAK_PULLUP ;        ;              ;         ; Column I/O ;                 ; --       ; --           ;
; P7       ;            ; 3        ; VCCIO3                          ; power  ;              ; 2.5V    ; --         ;                 ; --       ; --           ;
; P8       ; 71         ; 3        ; RESERVED_INPUT_WITH_WEAK_PULLUP ;        ;              ;         ; Column I/O ;                 ; no       ; On           ;
; P9       ; 89         ; 4        ; RESERVED_INPUT_WITH_WEAK_PULLUP ;        ;              ;         ; Column I/O ;                 ; no       ; On           ;
; P10      ;            ; 4        ; VCCIO4                          ; power  ;              ; 2.5V    ; --         ;                 ; --       ; --           ;
; P11      ; 90         ; 4        ; RESERVED_INPUT_WITH_WEAK_PULLUP ;        ;              ;         ; Column I/O ;                 ; --       ; --           ;
; P12      ;            ;          ; GND                             ; gnd    ;              ;         ; --         ;                 ; --       ; --           ;
; P13      ;            ; 4        ; VCCIO4                          ; power  ;              ; 2.5V    ; --         ;                 ; --       ; --           ;
; P14      ; 98         ; 4        ; RESERVED_INPUT_WITH_WEAK_PULLUP ;        ;              ;         ; Column I/O ;                 ; no       ; On           ;
; P15      ; 107        ; 5        ; RESERVED_INPUT_WITH_WEAK_PULLUP ;        ;              ;         ; Row I/O    ;                 ; no       ; On           ;
; P16      ; 108        ; 5        ; RESERVED_INPUT_WITH_WEAK_PULLUP ;        ;              ;         ; Row I/O    ;                 ; no       ; On           ;
; R1       ; 42         ; 2        ; RESERVED_INPUT_WITH_WEAK_PULLUP ;        ;              ;         ; Row I/O    ;                 ; no       ; On           ;
; R2       ;            ;          ; GND                             ; gnd    ;              ;         ; --         ;                 ; --       ; --           ;
; R3       ; 47         ; 3        ; RESERVED_INPUT_WITH_WEAK_PULLUP ;        ;              ;         ; Column I/O ;                 ; no       ; On           ;
; R4       ; 53         ; 3        ; RESERVED_INPUT_WITH_WEAK_PULLUP ;        ;              ;         ; Column I/O ;                 ; no       ; On           ;
; R5       ; 61         ; 3        ; RESERVED_INPUT_WITH_WEAK_PULLUP ;        ;              ;         ; Column I/O ;                 ; no       ; On           ;
; R6       ; 63         ; 3        ; RESERVED_INPUT_WITH_WEAK_PULLUP ;        ;              ;         ; Column I/O ;                 ; no       ; On           ;
; R7       ; 66         ; 3        ; RESERVED_INPUT_WITH_WEAK_PULLUP ;        ;              ;         ; Column I/O ;                 ; no       ; On           ;
; R8       ; 72         ; 3        ; RESERVED_INPUT_WITH_WEAK_PULLUP ;        ;              ;         ; Column I/O ;                 ; no       ; On           ;
; R9       ; 74         ; 4        ; RESERVED_INPUT_WITH_WEAK_PULLUP ;        ;              ;         ; Column I/O ;                 ; no       ; On           ;
; R10      ; 80         ; 4        ; RESERVED_INPUT_WITH_WEAK_PULLUP ;        ;              ;         ; Column I/O ;                 ; no       ; On           ;
; R11      ; 83         ; 4        ; RESERVED_INPUT_WITH_WEAK_PULLUP ;        ;              ;         ; Column I/O ;                 ; no       ; On           ;
; R12      ; 85         ; 4        ; RESERVED_INPUT_WITH_WEAK_PULLUP ;        ;              ;         ; Column I/O ;                 ; no       ; On           ;
; R13      ; 91         ; 4        ; RESERVED_INPUT_WITH_WEAK_PULLUP ;        ;              ;         ; Column I/O ;                 ; no       ; On           ;
; R14      ; 97         ; 4        ; RESERVED_INPUT_WITH_WEAK_PULLUP ;        ;              ;         ; Column I/O ;                 ; no       ; On           ;
; R15      ;            ;          ; GND                             ; gnd    ;              ;         ; --         ;                 ; --       ; --           ;
; R16      ; 109        ; 5        ; RESERVED_INPUT_WITH_WEAK_PULLUP ;        ;              ;         ; Row I/O    ;                 ; no       ; On           ;
; T1       ;            ; 3        ; VCCIO3                          ; power  ;              ; 2.5V    ; --         ;                 ; --       ; --           ;
; T2       ; 52         ; 3        ; RESERVED_INPUT_WITH_WEAK_PULLUP ;        ;              ;         ; Column I/O ;                 ; no       ; On           ;
; T3       ; 48         ; 3        ; RESERVED_INPUT_WITH_WEAK_PULLUP ;        ;              ;         ; Column I/O ;                 ; no       ; On           ;
; T4       ; 54         ; 3        ; RESERVED_INPUT_WITH_WEAK_PULLUP ;        ;              ;         ; Column I/O ;                 ; no       ; On           ;
; T5       ; 62         ; 3        ; RESERVED_INPUT_WITH_WEAK_PULLUP ;        ;              ;         ; Column I/O ;                 ; no       ; On           ;
; T6       ; 64         ; 3        ; RESERVED_INPUT_WITH_WEAK_PULLUP ;        ;              ;         ; Column I/O ;                 ; no       ; On           ;
; T7       ; 67         ; 3        ; RESERVED_INPUT_WITH_WEAK_PULLUP ;        ;              ;         ; Column I/O ;                 ; no       ; On           ;
; T8       ; 73         ; 3        ; RESERVED_INPUT_WITH_WEAK_PULLUP ;        ;              ;         ; Column I/O ;                 ; no       ; On           ;
; T9       ; 75         ; 4        ; RESERVED_INPUT_WITH_WEAK_PULLUP ;        ;              ;         ; Column I/O ;                 ; no       ; On           ;
; T10      ; 81         ; 4        ; RESERVED_INPUT_WITH_WEAK_PULLUP ;        ;              ;         ; Column I/O ;                 ; no       ; On           ;
; T11      ; 84         ; 4        ; RESERVED_INPUT_WITH_WEAK_PULLUP ;        ;              ;         ; Column I/O ;                 ; no       ; On           ;
; T12      ; 86         ; 4        ; RESERVED_INPUT_WITH_WEAK_PULLUP ;        ;              ;         ; Column I/O ;                 ; no       ; On           ;
; T13      ; 92         ; 4        ; RESERVED_INPUT_WITH_WEAK_PULLUP ;        ;              ;         ; Column I/O ;                 ; no       ; On           ;
; T14      ; 95         ; 4        ; RESERVED_INPUT_WITH_WEAK_PULLUP ;        ;              ;         ; Column I/O ;                 ; no       ; On           ;
; T15      ; 96         ; 4        ; RESERVED_INPUT_WITH_WEAK_PULLUP ;        ;              ;         ; Column I/O ;                 ; no       ; On           ;
; T16      ;            ; 4        ; VCCIO4                          ; power  ;              ; 2.5V    ; --         ;                 ; --       ; --           ;
+----------+------------+----------+---------------------------------+--------+--------------+---------+------------+-----------------+----------+--------------+
Note: Pin directions (input, output or bidir) are based on device operating in user mode.


+--------------------------------------------+
; I/O Assignment Warnings                    ;
+------------+-------------------------------+
; Pin Name   ; Reason                        ;
+------------+-------------------------------+
; out_d[0]   ; Incomplete set of assignments ;
; out_d[1]   ; Incomplete set of assignments ;
; out_d[2]   ; Incomplete set of assignments ;
; out_d[3]   ; Incomplete set of assignments ;
; out_d[4]   ; Incomplete set of assignments ;
; out_d[5]   ; Incomplete set of assignments ;
; out_d[6]   ; Incomplete set of assignments ;
; out_d[7]   ; Incomplete set of assignments ;
; out_d[8]   ; Incomplete set of assignments ;
; out_d[9]   ; Incomplete set of assignments ;
; out_d[10]  ; Incomplete set of assignments ;
; out_d[11]  ; Incomplete set of assignments ;
; out_d[12]  ; Incomplete set of assignments ;
; out_d[13]  ; Incomplete set of assignments ;
; out_d[14]  ; Incomplete set of assignments ;
; out_d[15]  ; Incomplete set of assignments ;
; out_d[16]  ; Incomplete set of assignments ;
; out_d[17]  ; Incomplete set of assignments ;
; out_d[18]  ; Incomplete set of assignments ;
; out_d[19]  ; Incomplete set of assignments ;
; out_d[20]  ; Incomplete set of assignments ;
; out_d[21]  ; Incomplete set of assignments ;
; out_d[22]  ; Incomplete set of assignments ;
; out_d[23]  ; Incomplete set of assignments ;
; out_d[24]  ; Incomplete set of assignments ;
; out_d[25]  ; Incomplete set of assignments ;
; out_d[26]  ; Incomplete set of assignments ;
; out_d[27]  ; Incomplete set of assignments ;
; out_d[28]  ; Incomplete set of assignments ;
; out_d[29]  ; Incomplete set of assignments ;
; out_d[30]  ; Incomplete set of assignments ;
; out_d[31]  ; Incomplete set of assignments ;
; ready      ; Incomplete set of assignments ;
; down       ; Incomplete set of assignments ;
; read       ; Incomplete set of assignments ;
; write      ; Incomplete set of assignments ;
; clk        ; Incomplete set of assignments ;
; reset      ; Incomplete set of assignments ;
; in_d[0]    ; Incomplete set of assignments ;
; address[0] ; Incomplete set of assignments ;
; address[5] ; Incomplete set of assignments ;
; address[1] ; Incomplete set of assignments ;
; address[6] ; Incomplete set of assignments ;
; address[7] ; Incomplete set of assignments ;
; address[8] ; Incomplete set of assignments ;
; address[2] ; Incomplete set of assignments ;
; address[3] ; Incomplete set of assignments ;
; address[4] ; Incomplete set of assignments ;
; in_d[1]    ; Incomplete set of assignments ;
; in_d[2]    ; Incomplete set of assignments ;
; in_d[3]    ; Incomplete set of assignments ;
; in_d[4]    ; Incomplete set of assignments ;
; in_d[5]    ; Incomplete set of assignments ;
; in_d[6]    ; Incomplete set of assignments ;
; in_d[7]    ; Incomplete set of assignments ;
; in_d[8]    ; Incomplete set of assignments ;
; in_d[9]    ; Incomplete set of assignments ;
; in_d[10]   ; Incomplete set of assignments ;
; in_d[11]   ; Incomplete set of assignments ;
; in_d[12]   ; Incomplete set of assignments ;
; in_d[13]   ; Incomplete set of assignments ;
; in_d[14]   ; Incomplete set of assignments ;
; in_d[15]   ; Incomplete set of assignments ;
; in_d[16]   ; Incomplete set of assignments ;
; in_d[17]   ; Incomplete set of assignments ;
; in_d[18]   ; Incomplete set of assignments ;
; in_d[19]   ; Incomplete set of assignments ;
; in_d[20]   ; Incomplete set of assignments ;
; in_d[21]   ; Incomplete set of assignments ;
; in_d[22]   ; Incomplete set of assignments ;
; in_d[23]   ; Incomplete set of assignments ;
; in_d[24]   ; Incomplete set of assignments ;
; in_d[25]   ; Incomplete set of assignments ;
; in_d[26]   ; Incomplete set of assignments ;
; in_d[27]   ; Incomplete set of assignments ;
; in_d[28]   ; Incomplete set of assignments ;
; in_d[29]   ; Incomplete set of assignments ;
; in_d[30]   ; Incomplete set of assignments ;
; in_d[31]   ; Incomplete set of assignments ;
; out_d[0]   ; Missing location assignment   ;
; out_d[1]   ; Missing location assignment   ;
; out_d[2]   ; Missing location assignment   ;
; out_d[3]   ; Missing location assignment   ;
; out_d[4]   ; Missing location assignment   ;
; out_d[5]   ; Missing location assignment   ;
; out_d[6]   ; Missing location assignment   ;
; out_d[7]   ; Missing location assignment   ;
; out_d[8]   ; Missing location assignment   ;
; out_d[9]   ; Missing location assignment   ;
; out_d[10]  ; Missing location assignment   ;
; out_d[11]  ; Missing location assignment   ;
; out_d[12]  ; Missing location assignment   ;
; out_d[13]  ; Missing location assignment   ;
; out_d[14]  ; Missing location assignment   ;
; out_d[15]  ; Missing location assignment   ;
; out_d[16]  ; Missing location assignment   ;
; out_d[17]  ; Missing location assignment   ;
; out_d[18]  ; Missing location assignment   ;
; out_d[19]  ; Missing location assignment   ;
; out_d[20]  ; Missing location assignment   ;
; out_d[21]  ; Missing location assignment   ;
; out_d[22]  ; Missing location assignment   ;
; out_d[23]  ; Missing location assignment   ;
; out_d[24]  ; Missing location assignment   ;
; out_d[25]  ; Missing location assignment   ;
; out_d[26]  ; Missing location assignment   ;
; out_d[27]  ; Missing location assignment   ;
; out_d[28]  ; Missing location assignment   ;
; out_d[29]  ; Missing location assignment   ;
; out_d[30]  ; Missing location assignment   ;
; out_d[31]  ; Missing location assignment   ;
; ready      ; Missing location assignment   ;
; down       ; Missing location assignment   ;
; read       ; Missing location assignment   ;
; write      ; Missing location assignment   ;
; clk        ; Missing location assignment   ;
; reset      ; Missing location assignment   ;
; in_d[0]    ; Missing location assignment   ;
; address[0] ; Missing location assignment   ;
; address[5] ; Missing location assignment   ;
; address[1] ; Missing location assignment   ;
; address[6] ; Missing location assignment   ;
; address[7] ; Missing location assignment   ;
; address[8] ; Missing location assignment   ;
; address[2] ; Missing location assignment   ;
; address[3] ; Missing location assignment   ;
; address[4] ; Missing location assignment   ;
; in_d[1]    ; Missing location assignment   ;
; in_d[2]    ; Missing location assignment   ;
; in_d[3]    ; Missing location assignment   ;
; in_d[4]    ; Missing location assignment   ;
; in_d[5]    ; Missing location assignment   ;
; in_d[6]    ; Missing location assignment   ;
; in_d[7]    ; Missing location assignment   ;
; in_d[8]    ; Missing location assignment   ;
; in_d[9]    ; Missing location assignment   ;
; in_d[10]   ; Missing location assignment   ;
; in_d[11]   ; Missing location assignment   ;
; in_d[12]   ; Missing location assignment   ;
; in_d[13]   ; Missing location assignment   ;
; in_d[14]   ; Missing location assignment   ;
; in_d[15]   ; Missing location assignment   ;
; in_d[16]   ; Missing location assignment   ;
; in_d[17]   ; Missing location assignment   ;
; in_d[18]   ; Missing location assignment   ;
; in_d[19]   ; Missing location assignment   ;
; in_d[20]   ; Missing location assignment   ;
; in_d[21]   ; Missing location assignment   ;
; in_d[22]   ; Missing location assignment   ;
; in_d[23]   ; Missing location assignment   ;
; in_d[24]   ; Missing location assignment   ;
; in_d[25]   ; Missing location assignment   ;
; in_d[26]   ; Missing location assignment   ;
; in_d[27]   ; Missing location assignment   ;
; in_d[28]   ; Missing location assignment   ;
; in_d[29]   ; Missing location assignment   ;
; in_d[30]   ; Missing location assignment   ;
; in_d[31]   ; Missing location assignment   ;
+------------+-------------------------------+


+----------------------------------------------------------------------------------------------------------------------------------------------------------------------------------------------------------------------------------------------------------------------------------------------------------------------------------------+
; Fitter Resource Utilization by Entity                                                                                                                                                                                                                                                                                                  ;
+---------------------------------------+-------------+---------------------------+---------------+-------------+--------------+---------+-----------+------+--------------+--------------+-------------------+------------------+--------------------------------------------------------------------------+-------------+--------------+
; Compilation Hierarchy Node            ; Logic Cells ; Dedicated Logic Registers ; I/O Registers ; Memory Bits ; DSP Elements ; DSP 9x9 ; DSP 18x18 ; Pins ; Virtual Pins ; LUT-Only LCs ; Register-Only LCs ; LUT/Register LCs ; Full Hierarchy Name                                                      ; Entity Name ; Library Name ;
+---------------------------------------+-------------+---------------------------+---------------+-------------+--------------+---------+-----------+------+--------------+--------------+-------------------+------------------+--------------------------------------------------------------------------+-------------+--------------+
; |ff_network                           ; 0 (0)       ; 5196 (0)                  ; 0 (0)         ; 0           ; 32           ; 0       ; 16        ; 79   ; 0            ; 0 (0)        ; 0 (0)             ; 0 (0)            ; |ff_network                                                              ; ff_network  ; work         ;
;    |layer:layer_inst_in|              ; 0 (0)       ; 0 (0)                     ; 0 (0)         ; 0           ; 0            ; 0       ; 0         ; 0    ; 0            ; 0 (0)        ; 0 (0)             ; 0 (0)            ; |ff_network|layer:layer_inst_in                                          ; layer       ; work         ;
;       |sigmoid:loop_l[0].sigm_inst_o| ; 0 (0)       ; 0 (0)                     ; 0 (0)         ; 0           ; 0            ; 0       ; 0         ; 0    ; 0            ; 0 (0)        ; 0 (0)             ; 0 (0)            ; |ff_network|layer:layer_inst_in|sigmoid:loop_l[0].sigm_inst_o            ; sigmoid     ; work         ;
;       |sigmoid:loop_l[1].sigm_inst_o| ; 0 (0)       ; 0 (0)                     ; 0 (0)         ; 0           ; 0            ; 0       ; 0         ; 0    ; 0            ; 0 (0)        ; 0 (0)             ; 0 (0)            ; |ff_network|layer:layer_inst_in|sigmoid:loop_l[1].sigm_inst_o            ; sigmoid     ; work         ;
;       |sigmoid:loop_l[2].sigm_inst_o| ; 0 (0)       ; 0 (0)                     ; 0 (0)         ; 0           ; 0            ; 0       ; 0         ; 0    ; 0            ; 0 (0)        ; 0 (0)             ; 0 (0)            ; |ff_network|layer:layer_inst_in|sigmoid:loop_l[2].sigm_inst_o            ; sigmoid     ; work         ;
;       |sigmoid:loop_l[3].sigm_inst_o| ; 0 (0)       ; 0 (0)                     ; 0 (0)         ; 0           ; 0            ; 0       ; 0         ; 0    ; 0            ; 0 (0)        ; 0 (0)             ; 0 (0)            ; |ff_network|layer:layer_inst_in|sigmoid:loop_l[3].sigm_inst_o            ; sigmoid     ; work         ;
;       |sigmoid:loop_l[4].sigm_inst_o| ; 0 (0)       ; 0 (0)                     ; 0 (0)         ; 0           ; 0            ; 0       ; 0         ; 0    ; 0            ; 0 (0)        ; 0 (0)             ; 0 (0)            ; |ff_network|layer:layer_inst_in|sigmoid:loop_l[4].sigm_inst_o            ; sigmoid     ; work         ;
;       |sigmoid:loop_l[5].sigm_inst_o| ; 0 (0)       ; 0 (0)                     ; 0 (0)         ; 0           ; 0            ; 0       ; 0         ; 0    ; 0            ; 0 (0)        ; 0 (0)             ; 0 (0)            ; |ff_network|layer:layer_inst_in|sigmoid:loop_l[5].sigm_inst_o            ; sigmoid     ; work         ;
;       |sigmoid:loop_l[6].sigm_inst_o| ; 0 (0)       ; 0 (0)                     ; 0 (0)         ; 0           ; 0            ; 0       ; 0         ; 0    ; 0            ; 0 (0)        ; 0 (0)             ; 0 (0)            ; |ff_network|layer:layer_inst_in|sigmoid:loop_l[6].sigm_inst_o            ; sigmoid     ; work         ;
;       |sigmoid:loop_l[7].sigm_inst_o| ; 0 (0)       ; 0 (0)                     ; 0 (0)         ; 0           ; 0            ; 0       ; 0         ; 0    ; 0            ; 0 (0)        ; 0 (0)             ; 0 (0)            ; |ff_network|layer:layer_inst_in|sigmoid:loop_l[7].sigm_inst_o            ; sigmoid     ; work         ;
;    |layer:layer_inst_out|             ; 0 (0)       ; 0 (0)                     ; 0 (0)         ; 0           ; 32           ; 0       ; 16        ; 0    ; 0            ; 0 (0)        ; 0 (0)             ; 0 (0)            ; |ff_network|layer:layer_inst_out                                         ; layer       ; work         ;
;       |lpm_mult:Mult0|                ; 0 (0)       ; 0 (0)                     ; 0 (0)         ; 0           ; 2            ; 0       ; 1         ; 0    ; 0            ; 0 (0)        ; 0 (0)             ; 0 (0)            ; |ff_network|layer:layer_inst_out|lpm_mult:Mult0                          ; lpm_mult    ; work         ;
;          |mult_obt:auto_generated|    ; 0 (0)       ; 0 (0)                     ; 0 (0)         ; 0           ; 2            ; 0       ; 1         ; 0    ; 0            ; 0 (0)        ; 0 (0)             ; 0 (0)            ; |ff_network|layer:layer_inst_out|lpm_mult:Mult0|mult_obt:auto_generated  ; mult_obt    ; work         ;
;       |lpm_mult:Mult10|               ; 0 (0)       ; 0 (0)                     ; 0 (0)         ; 0           ; 2            ; 0       ; 1         ; 0    ; 0            ; 0 (0)        ; 0 (0)             ; 0 (0)            ; |ff_network|layer:layer_inst_out|lpm_mult:Mult10                         ; lpm_mult    ; work         ;
;          |mult_obt:auto_generated|    ; 0 (0)       ; 0 (0)                     ; 0 (0)         ; 0           ; 2            ; 0       ; 1         ; 0    ; 0            ; 0 (0)        ; 0 (0)             ; 0 (0)            ; |ff_network|layer:layer_inst_out|lpm_mult:Mult10|mult_obt:auto_generated ; mult_obt    ; work         ;
;       |lpm_mult:Mult11|               ; 0 (0)       ; 0 (0)                     ; 0 (0)         ; 0           ; 2            ; 0       ; 1         ; 0    ; 0            ; 0 (0)        ; 0 (0)             ; 0 (0)            ; |ff_network|layer:layer_inst_out|lpm_mult:Mult11                         ; lpm_mult    ; work         ;
;          |mult_obt:auto_generated|    ; 0 (0)       ; 0 (0)                     ; 0 (0)         ; 0           ; 2            ; 0       ; 1         ; 0    ; 0            ; 0 (0)        ; 0 (0)             ; 0 (0)            ; |ff_network|layer:layer_inst_out|lpm_mult:Mult11|mult_obt:auto_generated ; mult_obt    ; work         ;
;       |lpm_mult:Mult12|               ; 0 (0)       ; 0 (0)                     ; 0 (0)         ; 0           ; 2            ; 0       ; 1         ; 0    ; 0            ; 0 (0)        ; 0 (0)             ; 0 (0)            ; |ff_network|layer:layer_inst_out|lpm_mult:Mult12                         ; lpm_mult    ; work         ;
;          |mult_obt:auto_generated|    ; 0 (0)       ; 0 (0)                     ; 0 (0)         ; 0           ; 2            ; 0       ; 1         ; 0    ; 0            ; 0 (0)        ; 0 (0)             ; 0 (0)            ; |ff_network|layer:layer_inst_out|lpm_mult:Mult12|mult_obt:auto_generated ; mult_obt    ; work         ;
;       |lpm_mult:Mult13|               ; 0 (0)       ; 0 (0)                     ; 0 (0)         ; 0           ; 2            ; 0       ; 1         ; 0    ; 0            ; 0 (0)        ; 0 (0)             ; 0 (0)            ; |ff_network|layer:layer_inst_out|lpm_mult:Mult13                         ; lpm_mult    ; work         ;
;          |mult_obt:auto_generated|    ; 0 (0)       ; 0 (0)                     ; 0 (0)         ; 0           ; 2            ; 0       ; 1         ; 0    ; 0            ; 0 (0)        ; 0 (0)             ; 0 (0)            ; |ff_network|layer:layer_inst_out|lpm_mult:Mult13|mult_obt:auto_generated ; mult_obt    ; work         ;
;       |lpm_mult:Mult14|               ; 0 (0)       ; 0 (0)                     ; 0 (0)         ; 0           ; 2            ; 0       ; 1         ; 0    ; 0            ; 0 (0)        ; 0 (0)             ; 0 (0)            ; |ff_network|layer:layer_inst_out|lpm_mult:Mult14                         ; lpm_mult    ; work         ;
;          |mult_obt:auto_generated|    ; 0 (0)       ; 0 (0)                     ; 0 (0)         ; 0           ; 2            ; 0       ; 1         ; 0    ; 0            ; 0 (0)        ; 0 (0)             ; 0 (0)            ; |ff_network|layer:layer_inst_out|lpm_mult:Mult14|mult_obt:auto_generated ; mult_obt    ; work         ;
;       |lpm_mult:Mult15|               ; 0 (0)       ; 0 (0)                     ; 0 (0)         ; 0           ; 2            ; 0       ; 1         ; 0    ; 0            ; 0 (0)        ; 0 (0)             ; 0 (0)            ; |ff_network|layer:layer_inst_out|lpm_mult:Mult15                         ; lpm_mult    ; work         ;
;          |mult_obt:auto_generated|    ; 0 (0)       ; 0 (0)                     ; 0 (0)         ; 0           ; 2            ; 0       ; 1         ; 0    ; 0            ; 0 (0)        ; 0 (0)             ; 0 (0)            ; |ff_network|layer:layer_inst_out|lpm_mult:Mult15|mult_obt:auto_generated ; mult_obt    ; work         ;
;       |lpm_mult:Mult1|                ; 0 (0)       ; 0 (0)                     ; 0 (0)         ; 0           ; 2            ; 0       ; 1         ; 0    ; 0            ; 0 (0)        ; 0 (0)             ; 0 (0)            ; |ff_network|layer:layer_inst_out|lpm_mult:Mult1                          ; lpm_mult    ; work         ;
;          |mult_obt:auto_generated|    ; 0 (0)       ; 0 (0)                     ; 0 (0)         ; 0           ; 2            ; 0       ; 1         ; 0    ; 0            ; 0 (0)        ; 0 (0)             ; 0 (0)            ; |ff_network|layer:layer_inst_out|lpm_mult:Mult1|mult_obt:auto_generated  ; mult_obt    ; work         ;
;       |lpm_mult:Mult2|                ; 0 (0)       ; 0 (0)                     ; 0 (0)         ; 0           ; 2            ; 0       ; 1         ; 0    ; 0            ; 0 (0)        ; 0 (0)             ; 0 (0)            ; |ff_network|layer:layer_inst_out|lpm_mult:Mult2                          ; lpm_mult    ; work         ;
;          |mult_obt:auto_generated|    ; 0 (0)       ; 0 (0)                     ; 0 (0)         ; 0           ; 2            ; 0       ; 1         ; 0    ; 0            ; 0 (0)        ; 0 (0)             ; 0 (0)            ; |ff_network|layer:layer_inst_out|lpm_mult:Mult2|mult_obt:auto_generated  ; mult_obt    ; work         ;
;       |lpm_mult:Mult3|                ; 0 (0)       ; 0 (0)                     ; 0 (0)         ; 0           ; 2            ; 0       ; 1         ; 0    ; 0            ; 0 (0)        ; 0 (0)             ; 0 (0)            ; |ff_network|layer:layer_inst_out|lpm_mult:Mult3                          ; lpm_mult    ; work         ;
;          |mult_obt:auto_generated|    ; 0 (0)       ; 0 (0)                     ; 0 (0)         ; 0           ; 2            ; 0       ; 1         ; 0    ; 0            ; 0 (0)        ; 0 (0)             ; 0 (0)            ; |ff_network|layer:layer_inst_out|lpm_mult:Mult3|mult_obt:auto_generated  ; mult_obt    ; work         ;
;       |lpm_mult:Mult4|                ; 0 (0)       ; 0 (0)                     ; 0 (0)         ; 0           ; 2            ; 0       ; 1         ; 0    ; 0            ; 0 (0)        ; 0 (0)             ; 0 (0)            ; |ff_network|layer:layer_inst_out|lpm_mult:Mult4                          ; lpm_mult    ; work         ;
;          |mult_obt:auto_generated|    ; 0 (0)       ; 0 (0)                     ; 0 (0)         ; 0           ; 2            ; 0       ; 1         ; 0    ; 0            ; 0 (0)        ; 0 (0)             ; 0 (0)            ; |ff_network|layer:layer_inst_out|lpm_mult:Mult4|mult_obt:auto_generated  ; mult_obt    ; work         ;
;       |lpm_mult:Mult5|                ; 0 (0)       ; 0 (0)                     ; 0 (0)         ; 0           ; 2            ; 0       ; 1         ; 0    ; 0            ; 0 (0)        ; 0 (0)             ; 0 (0)            ; |ff_network|layer:layer_inst_out|lpm_mult:Mult5                          ; lpm_mult    ; work         ;
;          |mult_obt:auto_generated|    ; 0 (0)       ; 0 (0)                     ; 0 (0)         ; 0           ; 2            ; 0       ; 1         ; 0    ; 0            ; 0 (0)        ; 0 (0)             ; 0 (0)            ; |ff_network|layer:layer_inst_out|lpm_mult:Mult5|mult_obt:auto_generated  ; mult_obt    ; work         ;
;       |lpm_mult:Mult6|                ; 0 (0)       ; 0 (0)                     ; 0 (0)         ; 0           ; 2            ; 0       ; 1         ; 0    ; 0            ; 0 (0)        ; 0 (0)             ; 0 (0)            ; |ff_network|layer:layer_inst_out|lpm_mult:Mult6                          ; lpm_mult    ; work         ;
;          |mult_obt:auto_generated|    ; 0 (0)       ; 0 (0)                     ; 0 (0)         ; 0           ; 2            ; 0       ; 1         ; 0    ; 0            ; 0 (0)        ; 0 (0)             ; 0 (0)            ; |ff_network|layer:layer_inst_out|lpm_mult:Mult6|mult_obt:auto_generated  ; mult_obt    ; work         ;
;       |lpm_mult:Mult7|                ; 0 (0)       ; 0 (0)                     ; 0 (0)         ; 0           ; 2            ; 0       ; 1         ; 0    ; 0            ; 0 (0)        ; 0 (0)             ; 0 (0)            ; |ff_network|layer:layer_inst_out|lpm_mult:Mult7                          ; lpm_mult    ; work         ;
;          |mult_obt:auto_generated|    ; 0 (0)       ; 0 (0)                     ; 0 (0)         ; 0           ; 2            ; 0       ; 1         ; 0    ; 0            ; 0 (0)        ; 0 (0)             ; 0 (0)            ; |ff_network|layer:layer_inst_out|lpm_mult:Mult7|mult_obt:auto_generated  ; mult_obt    ; work         ;
;       |lpm_mult:Mult8|                ; 0 (0)       ; 0 (0)                     ; 0 (0)         ; 0           ; 2            ; 0       ; 1         ; 0    ; 0            ; 0 (0)        ; 0 (0)             ; 0 (0)            ; |ff_network|layer:layer_inst_out|lpm_mult:Mult8                          ; lpm_mult    ; work         ;
;          |mult_obt:auto_generated|    ; 0 (0)       ; 0 (0)                     ; 0 (0)         ; 0           ; 2            ; 0       ; 1         ; 0    ; 0            ; 0 (0)        ; 0 (0)             ; 0 (0)            ; |ff_network|layer:layer_inst_out|lpm_mult:Mult8|mult_obt:auto_generated  ; mult_obt    ; work         ;
;       |lpm_mult:Mult9|                ; 0 (0)       ; 0 (0)                     ; 0 (0)         ; 0           ; 2            ; 0       ; 1         ; 0    ; 0            ; 0 (0)        ; 0 (0)             ; 0 (0)            ; |ff_network|layer:layer_inst_out|lpm_mult:Mult9                          ; lpm_mult    ; work         ;
;          |mult_obt:auto_generated|    ; 0 (0)       ; 0 (0)                     ; 0 (0)         ; 0           ; 2            ; 0       ; 1         ; 0    ; 0            ; 0 (0)        ; 0 (0)             ; 0 (0)            ; |ff_network|layer:layer_inst_out|lpm_mult:Mult9|mult_obt:auto_generated  ; mult_obt    ; work         ;
;       |sigmoid:loop_l[0].sigm_inst_o| ; 0 (0)       ; 0 (0)                     ; 0 (0)         ; 0           ; 0            ; 0       ; 0         ; 0    ; 0            ; 0 (0)        ; 0 (0)             ; 0 (0)            ; |ff_network|layer:layer_inst_out|sigmoid:loop_l[0].sigm_inst_o           ; sigmoid     ; work         ;
;       |sigmoid:loop_l[1].sigm_inst_o| ; 0 (0)       ; 0 (0)                     ; 0 (0)         ; 0           ; 0            ; 0       ; 0         ; 0    ; 0            ; 0 (0)        ; 0 (0)             ; 0 (0)            ; |ff_network|layer:layer_inst_out|sigmoid:loop_l[1].sigm_inst_o           ; sigmoid     ; work         ;
;    |manager:manager_inst|             ; 0 (0)       ; 5196 (5196)               ; 0 (0)         ; 0           ; 0            ; 0       ; 0         ; 0    ; 0            ; 0 (0)        ; 0 (0)             ; 0 (0)            ; |ff_network|manager:manager_inst                                         ; manager     ; work         ;
+---------------------------------------+-------------+---------------------------+---------------+-------------+--------------+---------+-----------+------+--------------+--------------+-------------------+------------------+--------------------------------------------------------------------------+-------------+--------------+
Note: For table entries with two numbers listed, the numbers in parentheses indicate the number of resources of the given type used by the specific entity alone. The numbers listed outside of parentheses indicate the total resources of the given type used by the specific entity and all of its sub-entities in the hierarchy.


+--------------------------------------------------------------------------------------------+
; Delay Chain Summary                                                                        ;
+------------+----------+---------------+---------------+-----------------------+-----+------+
; Name       ; Pin Type ; Pad to Core 0 ; Pad to Core 1 ; Pad to Input Register ; TCO ; TCOE ;
+------------+----------+---------------+---------------+-----------------------+-----+------+
; out_d[0]   ; Output   ; --            ; --            ; --                    ; --  ; --   ;
; out_d[1]   ; Output   ; --            ; --            ; --                    ; --  ; --   ;
; out_d[2]   ; Output   ; --            ; --            ; --                    ; --  ; --   ;
; out_d[3]   ; Output   ; --            ; --            ; --                    ; --  ; --   ;
; out_d[4]   ; Output   ; --            ; --            ; --                    ; --  ; --   ;
; out_d[5]   ; Output   ; --            ; --            ; --                    ; --  ; --   ;
; out_d[6]   ; Output   ; --            ; --            ; --                    ; --  ; --   ;
; out_d[7]   ; Output   ; --            ; --            ; --                    ; --  ; --   ;
; out_d[8]   ; Output   ; --            ; --            ; --                    ; --  ; --   ;
; out_d[9]   ; Output   ; --            ; --            ; --                    ; --  ; --   ;
; out_d[10]  ; Output   ; --            ; --            ; --                    ; --  ; --   ;
; out_d[11]  ; Output   ; --            ; --            ; --                    ; --  ; --   ;
; out_d[12]  ; Output   ; --            ; --            ; --                    ; --  ; --   ;
; out_d[13]  ; Output   ; --            ; --            ; --                    ; --  ; --   ;
; out_d[14]  ; Output   ; --            ; --            ; --                    ; --  ; --   ;
; out_d[15]  ; Output   ; --            ; --            ; --                    ; --  ; --   ;
; out_d[16]  ; Output   ; --            ; --            ; --                    ; --  ; --   ;
; out_d[17]  ; Output   ; --            ; --            ; --                    ; --  ; --   ;
; out_d[18]  ; Output   ; --            ; --            ; --                    ; --  ; --   ;
; out_d[19]  ; Output   ; --            ; --            ; --                    ; --  ; --   ;
; out_d[20]  ; Output   ; --            ; --            ; --                    ; --  ; --   ;
; out_d[21]  ; Output   ; --            ; --            ; --                    ; --  ; --   ;
; out_d[22]  ; Output   ; --            ; --            ; --                    ; --  ; --   ;
; out_d[23]  ; Output   ; --            ; --            ; --                    ; --  ; --   ;
; out_d[24]  ; Output   ; --            ; --            ; --                    ; --  ; --   ;
; out_d[25]  ; Output   ; --            ; --            ; --                    ; --  ; --   ;
; out_d[26]  ; Output   ; --            ; --            ; --                    ; --  ; --   ;
; out_d[27]  ; Output   ; --            ; --            ; --                    ; --  ; --   ;
; out_d[28]  ; Output   ; --            ; --            ; --                    ; --  ; --   ;
; out_d[29]  ; Output   ; --            ; --            ; --                    ; --  ; --   ;
; out_d[30]  ; Output   ; --            ; --            ; --                    ; --  ; --   ;
; out_d[31]  ; Output   ; --            ; --            ; --                    ; --  ; --   ;
; ready      ; Output   ; --            ; --            ; --                    ; --  ; --   ;
; down       ; Output   ; --            ; --            ; --                    ; --  ; --   ;
; read       ; Input    ; 0             ; --            ; --                    ; --  ; --   ;
; write      ; Input    ; 0             ; --            ; --                    ; --  ; --   ;
; clk        ; Input    ; 0             ; --            ; --                    ; --  ; --   ;
; reset      ; Input    ; 0             ; --            ; --                    ; --  ; --   ;
; in_d[0]    ; Input    ; 0             ; --            ; --                    ; --  ; --   ;
; address[0] ; Input    ; 0             ; --            ; --                    ; --  ; --   ;
; address[5] ; Input    ; 0             ; --            ; --                    ; --  ; --   ;
; address[1] ; Input    ; 0             ; --            ; --                    ; --  ; --   ;
; address[6] ; Input    ; 0             ; --            ; --                    ; --  ; --   ;
; address[7] ; Input    ; 0             ; --            ; --                    ; --  ; --   ;
; address[8] ; Input    ; 0             ; --            ; --                    ; --  ; --   ;
; address[2] ; Input    ; 0             ; --            ; --                    ; --  ; --   ;
; address[3] ; Input    ; 0             ; --            ; --                    ; --  ; --   ;
; address[4] ; Input    ; 0             ; --            ; --                    ; --  ; --   ;
; in_d[1]    ; Input    ; 0             ; --            ; --                    ; --  ; --   ;
; in_d[2]    ; Input    ; 0             ; --            ; --                    ; --  ; --   ;
; in_d[3]    ; Input    ; 0             ; --            ; --                    ; --  ; --   ;
; in_d[4]    ; Input    ; 0             ; --            ; --                    ; --  ; --   ;
; in_d[5]    ; Input    ; 0             ; --            ; --                    ; --  ; --   ;
; in_d[6]    ; Input    ; 0             ; --            ; --                    ; --  ; --   ;
; in_d[7]    ; Input    ; 0             ; --            ; --                    ; --  ; --   ;
; in_d[8]    ; Input    ; 0             ; --            ; --                    ; --  ; --   ;
; in_d[9]    ; Input    ; 0             ; --            ; --                    ; --  ; --   ;
; in_d[10]   ; Input    ; 0             ; --            ; --                    ; --  ; --   ;
; in_d[11]   ; Input    ; 0             ; --            ; --                    ; --  ; --   ;
; in_d[12]   ; Input    ; 0             ; --            ; --                    ; --  ; --   ;
; in_d[13]   ; Input    ; 0             ; --            ; --                    ; --  ; --   ;
; in_d[14]   ; Input    ; 0             ; --            ; --                    ; --  ; --   ;
; in_d[15]   ; Input    ; 0             ; --            ; --                    ; --  ; --   ;
; in_d[16]   ; Input    ; 0             ; --            ; --                    ; --  ; --   ;
; in_d[17]   ; Input    ; 0             ; --            ; --                    ; --  ; --   ;
; in_d[18]   ; Input    ; 0             ; --            ; --                    ; --  ; --   ;
; in_d[19]   ; Input    ; 0             ; --            ; --                    ; --  ; --   ;
; in_d[20]   ; Input    ; 0             ; --            ; --                    ; --  ; --   ;
; in_d[21]   ; Input    ; 0             ; --            ; --                    ; --  ; --   ;
; in_d[22]   ; Input    ; 0             ; --            ; --                    ; --  ; --   ;
; in_d[23]   ; Input    ; 0             ; --            ; --                    ; --  ; --   ;
; in_d[24]   ; Input    ; 0             ; --            ; --                    ; --  ; --   ;
; in_d[25]   ; Input    ; 0             ; --            ; --                    ; --  ; --   ;
; in_d[26]   ; Input    ; 0             ; --            ; --                    ; --  ; --   ;
; in_d[27]   ; Input    ; 0             ; --            ; --                    ; --  ; --   ;
; in_d[28]   ; Input    ; 0             ; --            ; --                    ; --  ; --   ;
; in_d[29]   ; Input    ; 0             ; --            ; --                    ; --  ; --   ;
; in_d[30]   ; Input    ; 0             ; --            ; --                    ; --  ; --   ;
; in_d[31]   ; Input    ; 0             ; --            ; --                    ; --  ; --   ;
+------------+----------+---------------+---------------+-----------------------+-----+------+


+---------------------------------------------------+
; Pad To Core Delay Chain Fanout                    ;
+---------------------+-------------------+---------+
; Source Pin / Fanout ; Pad To Core Index ; Setting ;
+---------------------+-------------------+---------+
; read                ;                   ;         ;
; write               ;                   ;         ;
; clk                 ;                   ;         ;
; reset               ;                   ;         ;
; in_d[0]             ;                   ;         ;
; address[0]          ;                   ;         ;
; address[5]          ;                   ;         ;
; address[1]          ;                   ;         ;
; address[6]          ;                   ;         ;
; address[7]          ;                   ;         ;
; address[8]          ;                   ;         ;
; address[2]          ;                   ;         ;
; address[3]          ;                   ;         ;
; address[4]          ;                   ;         ;
; in_d[1]             ;                   ;         ;
; in_d[2]             ;                   ;         ;
; in_d[3]             ;                   ;         ;
; in_d[4]             ;                   ;         ;
; in_d[5]             ;                   ;         ;
; in_d[6]             ;                   ;         ;
; in_d[7]             ;                   ;         ;
; in_d[8]             ;                   ;         ;
; in_d[9]             ;                   ;         ;
; in_d[10]            ;                   ;         ;
; in_d[11]            ;                   ;         ;
; in_d[12]            ;                   ;         ;
; in_d[13]            ;                   ;         ;
; in_d[14]            ;                   ;         ;
; in_d[15]            ;                   ;         ;
; in_d[16]            ;                   ;         ;
; in_d[17]            ;                   ;         ;
; in_d[18]            ;                   ;         ;
; in_d[19]            ;                   ;         ;
; in_d[20]            ;                   ;         ;
; in_d[21]            ;                   ;         ;
; in_d[22]            ;                   ;         ;
; in_d[23]            ;                   ;         ;
; in_d[24]            ;                   ;         ;
; in_d[25]            ;                   ;         ;
; in_d[26]            ;                   ;         ;
; in_d[27]            ;                   ;         ;
; in_d[28]            ;                   ;         ;
; in_d[29]            ;                   ;         ;
; in_d[30]            ;                   ;         ;
; in_d[31]            ;                   ;         ;
+---------------------+-------------------+---------+


+---------------------------------------------------------------------------------------------------------------------------------------------------------------+
; Control Signals                                                                                                                                               ;
+------------------------------------------+------------+---------+--------------+--------+----------------------+------------------+---------------------------+
; Name                                     ; Location   ; Fan-Out ; Usage        ; Global ; Global Resource Used ; Global Line Name ; Enable Signal Source Name ;
+------------------------------------------+------------+---------+--------------+--------+----------------------+------------------+---------------------------+
; clk                                      ; Unassigned ; 5196    ; Clock        ; yes    ; Global Clock         ; Not Available    ; --                        ;
; manager:manager_inst|buf_reg[0][0]~23    ; Unassigned ; 32      ; Clock enable ; no     ; --                   ; --               ; --                        ;
; manager:manager_inst|buf_reg[10][26]~45  ; Unassigned ; 32      ; Clock enable ; no     ; --                   ; --               ; --                        ;
; manager:manager_inst|buf_reg[11][16]~46  ; Unassigned ; 32      ; Clock enable ; no     ; --                   ; --               ; --                        ;
; manager:manager_inst|buf_reg[12][20]~47  ; Unassigned ; 32      ; Clock enable ; no     ; --                   ; --               ; --                        ;
; manager:manager_inst|buf_reg[13][19]~41  ; Unassigned ; 32      ; Clock enable ; no     ; --                   ; --               ; --                        ;
; manager:manager_inst|buf_reg[14][13]~42  ; Unassigned ; 32      ; Clock enable ; no     ; --                   ; --               ; --                        ;
; manager:manager_inst|buf_reg[15][4]~38   ; Unassigned ; 32      ; Clock enable ; no     ; --                   ; --               ; --                        ;
; manager:manager_inst|buf_reg[16][23]~39  ; Unassigned ; 32      ; Clock enable ; no     ; --                   ; --               ; --                        ;
; manager:manager_inst|buf_reg[17][18]~32  ; Unassigned ; 32      ; Clock enable ; no     ; --                   ; --               ; --                        ;
; manager:manager_inst|buf_reg[18][28]~34  ; Unassigned ; 32      ; Clock enable ; no     ; --                   ; --               ; --                        ;
; manager:manager_inst|buf_reg[19][4]~35   ; Unassigned ; 32      ; Clock enable ; no     ; --                   ; --               ; --                        ;
; manager:manager_inst|buf_reg[1][11]~24   ; Unassigned ; 32      ; Clock enable ; no     ; --                   ; --               ; --                        ;
; manager:manager_inst|buf_reg[20][16]~36  ; Unassigned ; 32      ; Clock enable ; no     ; --                   ; --               ; --                        ;
; manager:manager_inst|buf_reg[21][22]~57  ; Unassigned ; 32      ; Clock enable ; no     ; --                   ; --               ; --                        ;
; manager:manager_inst|buf_reg[22][8]~58   ; Unassigned ; 32      ; Clock enable ; no     ; --                   ; --               ; --                        ;
; manager:manager_inst|buf_reg[23][14]~59  ; Unassigned ; 32      ; Clock enable ; no     ; --                   ; --               ; --                        ;
; manager:manager_inst|buf_reg[24][22]~60  ; Unassigned ; 32      ; Clock enable ; no     ; --                   ; --               ; --                        ;
; manager:manager_inst|buf_reg[25][11]~48  ; Unassigned ; 32      ; Clock enable ; no     ; --                   ; --               ; --                        ;
; manager:manager_inst|buf_reg[26][31]~49  ; Unassigned ; 32      ; Clock enable ; no     ; --                   ; --               ; --                        ;
; manager:manager_inst|buf_reg[272][8]~13  ; Unassigned ; 32      ; Clock enable ; no     ; --                   ; --               ; --                        ;
; manager:manager_inst|buf_reg[27][3]~50   ; Unassigned ; 32      ; Clock enable ; no     ; --                   ; --               ; --                        ;
; manager:manager_inst|buf_reg[28][11]~51  ; Unassigned ; 32      ; Clock enable ; no     ; --                   ; --               ; --                        ;
; manager:manager_inst|buf_reg[29][30]~56  ; Unassigned ; 32      ; Clock enable ; no     ; --                   ; --               ; --                        ;
; manager:manager_inst|buf_reg[2][27]~26   ; Unassigned ; 32      ; Clock enable ; no     ; --                   ; --               ; --                        ;
; manager:manager_inst|buf_reg[305][6]~11  ; Unassigned ; 32      ; Clock enable ; no     ; --                   ; --               ; --                        ;
; manager:manager_inst|buf_reg[306][0]~7   ; Unassigned ; 32      ; Clock enable ; no     ; --                   ; --               ; --                        ;
; manager:manager_inst|buf_reg[307][0]~8   ; Unassigned ; 32      ; Clock enable ; no     ; --                   ; --               ; --                        ;
; manager:manager_inst|buf_reg[308][21]~9  ; Unassigned ; 32      ; Clock enable ; no     ; --                   ; --               ; --                        ;
; manager:manager_inst|buf_reg[30][31]~52  ; Unassigned ; 32      ; Clock enable ; no     ; --                   ; --               ; --                        ;
; manager:manager_inst|buf_reg[31][12]~55  ; Unassigned ; 32      ; Clock enable ; no     ; --                   ; --               ; --                        ;
; manager:manager_inst|buf_reg[32][23]~106 ; Unassigned ; 32      ; Clock enable ; no     ; --                   ; --               ; --                        ;
; manager:manager_inst|buf_reg[33][31]~109 ; Unassigned ; 32      ; Clock enable ; no     ; --                   ; --               ; --                        ;
; manager:manager_inst|buf_reg[34][7]~107  ; Unassigned ; 32      ; Clock enable ; no     ; --                   ; --               ; --                        ;
; manager:manager_inst|buf_reg[35][21]~108 ; Unassigned ; 32      ; Clock enable ; no     ; --                   ; --               ; --                        ;
; manager:manager_inst|buf_reg[36][4]~96   ; Unassigned ; 32      ; Clock enable ; no     ; --                   ; --               ; --                        ;
; manager:manager_inst|buf_reg[37][16]~94  ; Unassigned ; 32      ; Clock enable ; no     ; --                   ; --               ; --                        ;
; manager:manager_inst|buf_reg[38][11]~97  ; Unassigned ; 32      ; Clock enable ; no     ; --                   ; --               ; --                        ;
; manager:manager_inst|buf_reg[39][10]~101 ; Unassigned ; 32      ; Clock enable ; no     ; --                   ; --               ; --                        ;
; manager:manager_inst|buf_reg[3][10]~27   ; Unassigned ; 32      ; Clock enable ; no     ; --                   ; --               ; --                        ;
; manager:manager_inst|buf_reg[40][8]~98   ; Unassigned ; 32      ; Clock enable ; no     ; --                   ; --               ; --                        ;
; manager:manager_inst|buf_reg[41][30]~100 ; Unassigned ; 32      ; Clock enable ; no     ; --                   ; --               ; --                        ;
; manager:manager_inst|buf_reg[42][25]~105 ; Unassigned ; 32      ; Clock enable ; no     ; --                   ; --               ; --                        ;
; manager:manager_inst|buf_reg[43][14]~102 ; Unassigned ; 32      ; Clock enable ; no     ; --                   ; --               ; --                        ;
; manager:manager_inst|buf_reg[44][7]~103  ; Unassigned ; 32      ; Clock enable ; no     ; --                   ; --               ; --                        ;
; manager:manager_inst|buf_reg[45][21]~111 ; Unassigned ; 32      ; Clock enable ; no     ; --                   ; --               ; --                        ;
; manager:manager_inst|buf_reg[46][11]~110 ; Unassigned ; 32      ; Clock enable ; no     ; --                   ; --               ; --                        ;
; manager:manager_inst|buf_reg[47][3]~112  ; Unassigned ; 32      ; Clock enable ; no     ; --                   ; --               ; --                        ;
; manager:manager_inst|buf_reg[48][20]~115 ; Unassigned ; 32      ; Clock enable ; no     ; --                   ; --               ; --                        ;
; manager:manager_inst|buf_reg[49][24]~113 ; Unassigned ; 32      ; Clock enable ; no     ; --                   ; --               ; --                        ;
; manager:manager_inst|buf_reg[4][24]~22   ; Unassigned ; 32      ; Clock enable ; no     ; --                   ; --               ; --                        ;
; manager:manager_inst|buf_reg[50][11]~114 ; Unassigned ; 32      ; Clock enable ; no     ; --                   ; --               ; --                        ;
; manager:manager_inst|buf_reg[51][19]~118 ; Unassigned ; 32      ; Clock enable ; no     ; --                   ; --               ; --                        ;
; manager:manager_inst|buf_reg[52][20]~116 ; Unassigned ; 32      ; Clock enable ; no     ; --                   ; --               ; --                        ;
; manager:manager_inst|buf_reg[53][16]~117 ; Unassigned ; 32      ; Clock enable ; no     ; --                   ; --               ; --                        ;
; manager:manager_inst|buf_reg[54][21]~84  ; Unassigned ; 32      ; Clock enable ; no     ; --                   ; --               ; --                        ;
; manager:manager_inst|buf_reg[55][28]~82  ; Unassigned ; 32      ; Clock enable ; no     ; --                   ; --               ; --                        ;
; manager:manager_inst|buf_reg[56][24]~85  ; Unassigned ; 32      ; Clock enable ; no     ; --                   ; --               ; --                        ;
; manager:manager_inst|buf_reg[57][4]~88   ; Unassigned ; 32      ; Clock enable ; no     ; --                   ; --               ; --                        ;
; manager:manager_inst|buf_reg[58][25]~86  ; Unassigned ; 32      ; Clock enable ; no     ; --                   ; --               ; --                        ;
; manager:manager_inst|buf_reg[59][13]~87  ; Unassigned ; 32      ; Clock enable ; no     ; --                   ; --               ; --                        ;
; manager:manager_inst|buf_reg[5][3]~18    ; Unassigned ; 32      ; Clock enable ; no     ; --                   ; --               ; --                        ;
; manager:manager_inst|buf_reg[60][17]~91  ; Unassigned ; 32      ; Clock enable ; no     ; --                   ; --               ; --                        ;
; manager:manager_inst|buf_reg[61][2]~89   ; Unassigned ; 32      ; Clock enable ; no     ; --                   ; --               ; --                        ;
; manager:manager_inst|buf_reg[62][7]~90   ; Unassigned ; 32      ; Clock enable ; no     ; --                   ; --               ; --                        ;
; manager:manager_inst|buf_reg[63][15]~70  ; Unassigned ; 32      ; Clock enable ; no     ; --                   ; --               ; --                        ;
; manager:manager_inst|buf_reg[64][22]~67  ; Unassigned ; 32      ; Clock enable ; no     ; --                   ; --               ; --                        ;
; manager:manager_inst|buf_reg[65][5]~71   ; Unassigned ; 32      ; Clock enable ; no     ; --                   ; --               ; --                        ;
; manager:manager_inst|buf_reg[66][16]~76  ; Unassigned ; 32      ; Clock enable ; no     ; --                   ; --               ; --                        ;
; manager:manager_inst|buf_reg[67][19]~73  ; Unassigned ; 32      ; Clock enable ; no     ; --                   ; --               ; --                        ;
; manager:manager_inst|buf_reg[68][16]~75  ; Unassigned ; 32      ; Clock enable ; no     ; --                   ; --               ; --                        ;
; manager:manager_inst|buf_reg[69][21]~80  ; Unassigned ; 32      ; Clock enable ; no     ; --                   ; --               ; --                        ;
; manager:manager_inst|buf_reg[6][17]~21   ; Unassigned ; 32      ; Clock enable ; no     ; --                   ; --               ; --                        ;
; manager:manager_inst|buf_reg[70][14]~77  ; Unassigned ; 32      ; Clock enable ; no     ; --                   ; --               ; --                        ;
; manager:manager_inst|buf_reg[71][31]~79  ; Unassigned ; 32      ; Clock enable ; no     ; --                   ; --               ; --                        ;
; manager:manager_inst|buf_reg[72][13]~92  ; Unassigned ; 32      ; Clock enable ; no     ; --                   ; --               ; --                        ;
; manager:manager_inst|buf_reg[73][0]~64   ; Unassigned ; 32      ; Clock enable ; no     ; --                   ; --               ; --                        ;
; manager:manager_inst|buf_reg[74][24]~66  ; Unassigned ; 32      ; Clock enable ; no     ; --                   ; --               ; --                        ;
; manager:manager_inst|buf_reg[75][2]~120  ; Unassigned ; 32      ; Clock enable ; no     ; --                   ; --               ; --                        ;
; manager:manager_inst|buf_reg[76][14]~119 ; Unassigned ; 16      ; Clock enable ; no     ; --                   ; --               ; --                        ;
; manager:manager_inst|buf_reg[7][1]~28    ; Unassigned ; 32      ; Clock enable ; no     ; --                   ; --               ; --                        ;
; manager:manager_inst|buf_reg[8][3]~30    ; Unassigned ; 32      ; Clock enable ; no     ; --                   ; --               ; --                        ;
; manager:manager_inst|buf_reg[9][15]~43   ; Unassigned ; 32      ; Clock enable ; no     ; --                   ; --               ; --                        ;
; manager:manager_inst|prev_reg[1][31]~0   ; Unassigned ; 64      ; Clock enable ; no     ; --                   ; --               ; --                        ;
; manager:manager_inst|state.Load_I_St     ; Unassigned ; 66      ; Sync. load   ; no     ; --                   ; --               ; --                        ;
; manager:manager_inst|state.Load_W_St     ; Unassigned ; 2452    ; Sync. load   ; no     ; --                   ; --               ; --                        ;
; manager:manager_inst|wr                  ; Unassigned ; 2448    ; Latch enable ; yes    ; Global Clock         ; Not Available    ; --                        ;
; reset                                    ; Unassigned ; 2517    ; Clock enable ; no     ; --                   ; --               ; --                        ;
; reset                                    ; Unassigned ; 2617    ; Async. clear ; yes    ; Global Clock         ; Not Available    ; --                        ;
+------------------------------------------+------------+---------+--------------+--------+----------------------+------------------+---------------------------+


+-------------------------------------------------------------------------------------------------------------------------------------------------------------+
; Global & Other Fast Signals                                                                                                                                 ;
+-------------------------+------------+---------+--------------------------------------+----------------------+------------------+---------------------------+
; Name                    ; Location   ; Fan-Out ; Fan-Out Using Intentional Clock Skew ; Global Resource Used ; Global Line Name ; Enable Signal Source Name ;
+-------------------------+------------+---------+--------------------------------------+----------------------+------------------+---------------------------+
; clk                     ; Unassigned ; 5196    ; 0                                    ; Global Clock         ; Not Available    ; --                        ;
; manager:manager_inst|wr ; Unassigned ; 2448    ; 0                                    ; Global Clock         ; Not Available    ; --                        ;
; reset                   ; Unassigned ; 2617    ; 0                                    ; Global Clock         ; Not Available    ; --                        ;
+-------------------------+------------+---------+--------------------------------------+----------------------+------------------+---------------------------+


+------------------------------------------------+
; Non-Global High Fan-Out Signals                ;
+--------------------------------------+---------+
; Name                                 ; Fan-Out ;
+--------------------------------------+---------+
; manager:manager_inst|state.Reset_St  ; 2744    ;
; reset~input                          ; 2516    ;
; manager:manager_inst|state.Load_W_St ; 2452    ;
+--------------------------------------+---------+


+-----------------------------------------------------------------------------------------------+
; Fitter DSP Block Usage Summary                                                                ;
+---------------------------------------+-------------+---------------------+-------------------+
; Statistic                             ; Number Used ; Available per Block ; Maximum Available ;
+---------------------------------------+-------------+---------------------+-------------------+
; Simple Multipliers (9-bit)            ; 0           ; 2                   ; 46                ;
; Simple Multipliers (18-bit)           ; 16          ; 1                   ; 23                ;
; Embedded Multiplier Blocks            ; --          ; --                  ; 23                ;
; Embedded Multiplier 9-bit elements    ; 32          ; 2                   ; 46                ;
; Signed Embedded Multipliers           ; 0           ; --                  ; --                ;
; Unsigned Embedded Multipliers         ; 16          ; --                  ; --                ;
; Mixed Sign Embedded Multipliers       ; 0           ; --                  ; --                ;
; Variable Sign Embedded Multipliers    ; 0           ; --                  ; --                ;
; Dedicated Input Shift Register Chains ; 0           ; --                  ; --                ;
+---------------------------------------+-------------+---------------------+-------------------+
Note: number of Embedded Multiplier Blocks used is only available after a successful fit.


+------------------------------------------------------------------------------------------------------------------------------------------------------------------------------------------------------------------------------------------------------------------+
; DSP Block Details                                                                                                                                                                                                                                                ;
+---------------------------------------------------------------------------+----------------------------+------------+---------------------+--------------------------------+-----------------------+-----------------------+-------------------+-----------------+
; Name                                                                      ; Mode                       ; Location   ; Sign Representation ; Has Input Shift Register Chain ; Data A Input Register ; Data B Input Register ; Pipeline Register ; Output Register ;
+---------------------------------------------------------------------------+----------------------------+------------+---------------------+--------------------------------+-----------------------+-----------------------+-------------------+-----------------+
; layer:layer_inst_out|lpm_mult:Mult7|mult_obt:auto_generated|mac_out2      ; Simple Multiplier (18-bit) ; Unassigned ;                     ; No                             ;                       ;                       ;                   ; no              ;
;    layer:layer_inst_out|lpm_mult:Mult7|mult_obt:auto_generated|mac_mult1  ;                            ; Unassigned ; Unsigned            ;                                ; no                    ; no                    ; no                ;                 ;
; layer:layer_inst_out|lpm_mult:Mult6|mult_obt:auto_generated|mac_out2      ; Simple Multiplier (18-bit) ; Unassigned ;                     ; No                             ;                       ;                       ;                   ; no              ;
;    layer:layer_inst_out|lpm_mult:Mult6|mult_obt:auto_generated|mac_mult1  ;                            ; Unassigned ; Unsigned            ;                                ; no                    ; no                    ; no                ;                 ;
; layer:layer_inst_out|lpm_mult:Mult1|mult_obt:auto_generated|mac_out2      ; Simple Multiplier (18-bit) ; Unassigned ;                     ; No                             ;                       ;                       ;                   ; no              ;
;    layer:layer_inst_out|lpm_mult:Mult1|mult_obt:auto_generated|mac_mult1  ;                            ; Unassigned ; Unsigned            ;                                ; no                    ; no                    ; no                ;                 ;
; layer:layer_inst_out|lpm_mult:Mult0|mult_obt:auto_generated|mac_out2      ; Simple Multiplier (18-bit) ; Unassigned ;                     ; No                             ;                       ;                       ;                   ; no              ;
;    layer:layer_inst_out|lpm_mult:Mult0|mult_obt:auto_generated|mac_mult1  ;                            ; Unassigned ; Unsigned            ;                                ; no                    ; no                    ; no                ;                 ;
; layer:layer_inst_out|lpm_mult:Mult2|mult_obt:auto_generated|mac_out2      ; Simple Multiplier (18-bit) ; Unassigned ;                     ; No                             ;                       ;                       ;                   ; no              ;
;    layer:layer_inst_out|lpm_mult:Mult2|mult_obt:auto_generated|mac_mult1  ;                            ; Unassigned ; Unsigned            ;                                ; no                    ; no                    ; no                ;                 ;
; layer:layer_inst_out|lpm_mult:Mult4|mult_obt:auto_generated|mac_out2      ; Simple Multiplier (18-bit) ; Unassigned ;                     ; No                             ;                       ;                       ;                   ; no              ;
;    layer:layer_inst_out|lpm_mult:Mult4|mult_obt:auto_generated|mac_mult1  ;                            ; Unassigned ; Unsigned            ;                                ; no                    ; no                    ; no                ;                 ;
; layer:layer_inst_out|lpm_mult:Mult3|mult_obt:auto_generated|mac_out2      ; Simple Multiplier (18-bit) ; Unassigned ;                     ; No                             ;                       ;                       ;                   ; no              ;
;    layer:layer_inst_out|lpm_mult:Mult3|mult_obt:auto_generated|mac_mult1  ;                            ; Unassigned ; Unsigned            ;                                ; no                    ; no                    ; no                ;                 ;
; layer:layer_inst_out|lpm_mult:Mult5|mult_obt:auto_generated|mac_out2      ; Simple Multiplier (18-bit) ; Unassigned ;                     ; No                             ;                       ;                       ;                   ; no              ;
;    layer:layer_inst_out|lpm_mult:Mult5|mult_obt:auto_generated|mac_mult1  ;                            ; Unassigned ; Unsigned            ;                                ; no                    ; no                    ; no                ;                 ;
; layer:layer_inst_out|lpm_mult:Mult15|mult_obt:auto_generated|mac_out2     ; Simple Multiplier (18-bit) ; Unassigned ;                     ; No                             ;                       ;                       ;                   ; no              ;
;    layer:layer_inst_out|lpm_mult:Mult15|mult_obt:auto_generated|mac_mult1 ;                            ; Unassigned ; Unsigned            ;                                ; no                    ; no                    ; no                ;                 ;
; layer:layer_inst_out|lpm_mult:Mult14|mult_obt:auto_generated|mac_out2     ; Simple Multiplier (18-bit) ; Unassigned ;                     ; No                             ;                       ;                       ;                   ; no              ;
;    layer:layer_inst_out|lpm_mult:Mult14|mult_obt:auto_generated|mac_mult1 ;                            ; Unassigned ; Unsigned            ;                                ; no                    ; no                    ; no                ;                 ;
; layer:layer_inst_out|lpm_mult:Mult9|mult_obt:auto_generated|mac_out2      ; Simple Multiplier (18-bit) ; Unassigned ;                     ; No                             ;                       ;                       ;                   ; no              ;
;    layer:layer_inst_out|lpm_mult:Mult9|mult_obt:auto_generated|mac_mult1  ;                            ; Unassigned ; Unsigned            ;                                ; no                    ; no                    ; no                ;                 ;
; layer:layer_inst_out|lpm_mult:Mult8|mult_obt:auto_generated|mac_out2      ; Simple Multiplier (18-bit) ; Unassigned ;                     ; No                             ;                       ;                       ;                   ; no              ;
;    layer:layer_inst_out|lpm_mult:Mult8|mult_obt:auto_generated|mac_mult1  ;                            ; Unassigned ; Unsigned            ;                                ; no                    ; no                    ; no                ;                 ;
; layer:layer_inst_out|lpm_mult:Mult10|mult_obt:auto_generated|mac_out2     ; Simple Multiplier (18-bit) ; Unassigned ;                     ; No                             ;                       ;                       ;                   ; no              ;
;    layer:layer_inst_out|lpm_mult:Mult10|mult_obt:auto_generated|mac_mult1 ;                            ; Unassigned ; Unsigned            ;                                ; no                    ; no                    ; no                ;                 ;
; layer:layer_inst_out|lpm_mult:Mult12|mult_obt:auto_generated|mac_out2     ; Simple Multiplier (18-bit) ; Unassigned ;                     ; No                             ;                       ;                       ;                   ; no              ;
;    layer:layer_inst_out|lpm_mult:Mult12|mult_obt:auto_generated|mac_mult1 ;                            ; Unassigned ; Unsigned            ;                                ; no                    ; no                    ; no                ;                 ;
; layer:layer_inst_out|lpm_mult:Mult11|mult_obt:auto_generated|mac_out2     ; Simple Multiplier (18-bit) ; Unassigned ;                     ; No                             ;                       ;                       ;                   ; no              ;
;    layer:layer_inst_out|lpm_mult:Mult11|mult_obt:auto_generated|mac_mult1 ;                            ; Unassigned ; Unsigned            ;                                ; no                    ; no                    ; no                ;                 ;
; layer:layer_inst_out|lpm_mult:Mult13|mult_obt:auto_generated|mac_out2     ; Simple Multiplier (18-bit) ; Unassigned ;                     ; No                             ;                       ;                       ;                   ; no              ;
;    layer:layer_inst_out|lpm_mult:Mult13|mult_obt:auto_generated|mac_mult1 ;                            ; Unassigned ; Unsigned            ;                                ; no                    ; no                    ; no                ;                 ;
+---------------------------------------------------------------------------+----------------------------+------------+---------------------+--------------------------------+-----------------------+-----------------------+-------------------+-----------------+


+------------------------------------------+
; I/O Rules Summary                        ;
+----------------------------------+-------+
; I/O Rules Statistic              ; Total ;
+----------------------------------+-------+
; Total I/O Rules                  ; 30    ;
; Number of I/O Rules Passed       ; 2     ;
; Number of I/O Rules Failed       ; 0     ;
; Number of I/O Rules Unchecked    ; 7     ;
; Number of I/O Rules Inapplicable ; 21    ;
+----------------------------------+-------+


+-----------------------------------------------------------------------------------------------------------------------------------------------------------------------------------------------------------------------------------------------------------------------------------------------------+
; I/O Rules Details                                                                                                                                                                                                                                                                                   ;
+--------------+-----------+-----------------------------------+------------------------------------------------------------------------------------------------------+----------+--------------------------------------------------------------------------+---------------------+-------------------+
; Status       ; ID        ; Category                          ; Rule Description                                                                                     ; Severity ; Information                                                              ; Area                ; Extra Information ;
+--------------+-----------+-----------------------------------+------------------------------------------------------------------------------------------------------+----------+--------------------------------------------------------------------------+---------------------+-------------------+
; Inapplicable ; IO_000001 ; Capacity Checks                   ; Number of pins in an I/O bank should not exceed the number of locations available.                   ; Critical ; No Location assignments found.                                           ; I/O                 ;                   ;
; Inapplicable ; IO_000002 ; Capacity Checks                   ; Number of clocks in an I/O bank should not exceed the number of clocks available.                    ; Critical ; No Global Signal assignments found.                                      ; I/O                 ;                   ;
; Inapplicable ; IO_000003 ; Capacity Checks                   ; Number of pins in a Vrefgroup should not exceed the number of locations available.                   ; Critical ; No Location assignments found.                                           ; I/O                 ;                   ;
; Inapplicable ; IO_000004 ; Voltage Compatibility Checks      ; The I/O bank should support the requested VCCIO.                                                     ; Critical ; No IOBANK_VCCIO assignments found.                                       ; I/O                 ;                   ;
; Inapplicable ; IO_000005 ; Voltage Compatibility Checks      ; The I/O bank should not have competing VREF values.                                                  ; Critical ; No VREF I/O Standard assignments found.                                  ; I/O                 ;                   ;
; Unchecked    ; IO_000006 ; Voltage Compatibility Checks      ; The I/O bank should not have competing VCCIO values.                                                 ; Critical ; 0 such failures found.                                                   ; I/O                 ;                   ;
; Inapplicable ; IO_000007 ; Valid Location Checks             ; Checks for unavailable locations.                                                                    ; Critical ; No Location assignments found.                                           ; I/O                 ;                   ;
; Inapplicable ; IO_000008 ; Valid Location Checks             ; Checks for reserved locations.                                                                       ; Critical ; No reserved LogicLock region found.                                      ; I/O                 ;                   ;
; Unchecked    ; IO_000009 ; I/O Properties Checks for One I/O ; The location should support the requested I/O standard.                                              ; Critical ; 0 such failures found.                                                   ; I/O                 ;                   ;
; Unchecked    ; IO_000010 ; I/O Properties Checks for One I/O ; The location should support the requested I/O direction.                                             ; Critical ; 0 such failures found.                                                   ; I/O                 ;                   ;
; Inapplicable ; IO_000011 ; I/O Properties Checks for One I/O ; The location should support the requested Current Strength.                                          ; Critical ; No Current Strength assignments found.                                   ; I/O                 ;                   ;
; Unchecked    ; IO_000012 ; I/O Properties Checks for One I/O ; The location should support the requested On Chip Termination value.                                 ; Critical ; 0 such failures found.                                                   ; I/O                 ;                   ;
; Inapplicable ; IO_000013 ; I/O Properties Checks for One I/O ; The location should support the requested Bus Hold value.                                            ; Critical ; No Enable Bus-Hold Circuitry assignments found.                          ; I/O                 ;                   ;
; Inapplicable ; IO_000014 ; I/O Properties Checks for One I/O ; The location should support the requested Weak Pull Up value.                                        ; Critical ; No Weak Pull-Up Resistor assignments found.                              ; I/O                 ;                   ;
; Unchecked    ; IO_000015 ; I/O Properties Checks for One I/O ; The location should support the requested PCI Clamp Diode.                                           ; Critical ; 0 such failures found.                                                   ; I/O                 ;                   ;
; Inapplicable ; IO_000018 ; I/O Properties Checks for One I/O ; The I/O standard should support the requested Current Strength.                                      ; Critical ; No Current Strength assignments found.                                   ; I/O                 ;                   ;
; Unchecked    ; IO_000019 ; I/O Properties Checks for One I/O ; The I/O standard should support the requested On Chip Termination value.                             ; Critical ; 0 such failures found.                                                   ; I/O                 ;                   ;
; Pass         ; IO_000020 ; I/O Properties Checks for One I/O ; The I/O standard should support the requested PCI Clamp Diode.                                       ; Critical ; 0 such failures found.                                                   ; I/O                 ;                   ;
; Inapplicable ; IO_000021 ; I/O Properties Checks for One I/O ; The I/O standard should support the requested Weak Pull Up value.                                    ; Critical ; No Weak Pull-Up Resistor assignments found.                              ; I/O                 ;                   ;
; Inapplicable ; IO_000022 ; I/O Properties Checks for One I/O ; The I/O standard should support the requested Bus Hold value.                                        ; Critical ; No Enable Bus-Hold Circuitry assignments found.                          ; I/O                 ;                   ;
; Inapplicable ; IO_000023 ; I/O Properties Checks for One I/O ; The I/O standard should support the Open Drain value.                                                ; Critical ; No open drain assignments found.                                         ; I/O                 ;                   ;
; Pass         ; IO_000024 ; I/O Properties Checks for One I/O ; The I/O direction should support the On Chip Termination value.                                      ; Critical ; 0 such failures found.                                                   ; I/O                 ;                   ;
; Inapplicable ; IO_000026 ; I/O Properties Checks for One I/O ; On Chip Termination and Current Strength should not be used at the same time.                        ; Critical ; No Current Strength assignments found.                                   ; I/O                 ;                   ;
; Inapplicable ; IO_000027 ; I/O Properties Checks for One I/O ; Weak Pull Up and Bus Hold should not be used at the same time.                                       ; Critical ; No Enable Bus-Hold Circuitry or Weak Pull-Up Resistor assignments found. ; I/O                 ;                   ;
; Inapplicable ; IO_000045 ; I/O Properties Checks for One I/O ; The I/O standard should support the requested Slew Rate value.                                       ; Critical ; No Slew Rate assignments found.                                          ; I/O                 ;                   ;
; Inapplicable ; IO_000046 ; I/O Properties Checks for One I/O ; The location should support the requested Slew Rate value.                                           ; Critical ; No Slew Rate assignments found.                                          ; I/O                 ;                   ;
; Inapplicable ; IO_000047 ; I/O Properties Checks for One I/O ; On Chip Termination and Slew Rate should not be used at the same time.                               ; Critical ; No Slew Rate assignments found.                                          ; I/O                 ;                   ;
; Unchecked    ; IO_000033 ; Electromigration Checks           ; Current density for consecutive I/Os should not exceed 240mA for row I/Os and 240mA for column I/Os. ; Critical ; 0 such failures found.                                                   ; I/O                 ;                   ;
; Inapplicable ; IO_000034 ; SI Related Distance Checks        ; Single-ended outputs should be 5 LAB row(s) away from a differential I/O.                            ; High     ; No Differential I/O Standard assignments found.                          ; I/O                 ;                   ;
; Inapplicable ; IO_000042 ; SI Related SSO Limit Checks       ; No more than 20 outputs are allowed in a VREF group when VREF is being read from.                    ; High     ; No VREF I/O Standard assignments found.                                  ; I/O                 ;                   ;
; ----         ; ----      ; Disclaimer                        ; OCT rules are checked but not reported.                                                              ; None     ; ----                                                                     ; On Chip Termination ;                   ;
+--------------+-----------+-----------------------------------+------------------------------------------------------------------------------------------------------+----------+--------------------------------------------------------------------------+---------------------+-------------------+


+--------------------------------------------------------------------------------------------------------------------------------------------------------------------------------------------------------------------------------------------------------------------------------------------------------------------------------------------------------------------------------------------------------------------------------------------------------------------------+
; I/O Rules Matrix                                                                                                                                                                                                                                                                                                                                                                                                                                                         ;
+--------------------+--------------+--------------+--------------+--------------+--------------+-----------+--------------+--------------+-----------+-----------+--------------+--------------+--------------+--------------+--------------+--------------+--------------+--------------+--------------+--------------+--------------+--------------+--------------+--------------+--------------+--------------+--------------+-----------+--------------+--------------+
; Pin/Rules          ; IO_000001    ; IO_000002    ; IO_000003    ; IO_000004    ; IO_000005    ; IO_000006 ; IO_000007    ; IO_000008    ; IO_000009 ; IO_000010 ; IO_000011    ; IO_000012    ; IO_000013    ; IO_000014    ; IO_000015    ; IO_000018    ; IO_000019    ; IO_000020    ; IO_000021    ; IO_000022    ; IO_000023    ; IO_000024    ; IO_000026    ; IO_000027    ; IO_000045    ; IO_000046    ; IO_000047    ; IO_000033 ; IO_000034    ; IO_000042    ;
+--------------------+--------------+--------------+--------------+--------------+--------------+-----------+--------------+--------------+-----------+-----------+--------------+--------------+--------------+--------------+--------------+--------------+--------------+--------------+--------------+--------------+--------------+--------------+--------------+--------------+--------------+--------------+--------------+-----------+--------------+--------------+
; Total Pass         ; 0            ; 0            ; 0            ; 0            ; 0            ; 2         ; 0            ; 0            ; 2         ; 2         ; 0            ; 0            ; 0            ; 0            ; 2            ; 0            ; 0            ; 45           ; 0            ; 0            ; 0            ; 34           ; 0            ; 0            ; 0            ; 0            ; 0            ; 2         ; 0            ; 0            ;
; Total Unchecked    ; 0            ; 0            ; 0            ; 0            ; 0            ; 77        ; 0            ; 0            ; 77        ; 77        ; 0            ; 34           ; 0            ; 0            ; 43           ; 0            ; 34           ; 0            ; 0            ; 0            ; 0            ; 0            ; 0            ; 0            ; 0            ; 0            ; 0            ; 77        ; 0            ; 0            ;
; Total Inapplicable ; 79           ; 79           ; 79           ; 79           ; 79           ; 0         ; 79           ; 79           ; 0         ; 0         ; 79           ; 45           ; 79           ; 79           ; 34           ; 79           ; 45           ; 34           ; 79           ; 79           ; 79           ; 45           ; 79           ; 79           ; 79           ; 79           ; 79           ; 0         ; 79           ; 79           ;
; Total Fail         ; 0            ; 0            ; 0            ; 0            ; 0            ; 0         ; 0            ; 0            ; 0         ; 0         ; 0            ; 0            ; 0            ; 0            ; 0            ; 0            ; 0            ; 0            ; 0            ; 0            ; 0            ; 0            ; 0            ; 0            ; 0            ; 0            ; 0            ; 0         ; 0            ; 0            ;
; out_d[0]           ; Inapplicable ; Inapplicable ; Inapplicable ; Inapplicable ; Inapplicable ; Unchecked ; Inapplicable ; Inapplicable ; Unchecked ; Unchecked ; Inapplicable ; Unchecked    ; Inapplicable ; Inapplicable ; Inapplicable ; Inapplicable ; Unchecked    ; Inapplicable ; Inapplicable ; Inapplicable ; Inapplicable ; Pass         ; Inapplicable ; Inapplicable ; Inapplicable ; Inapplicable ; Inapplicable ; Unchecked ; Inapplicable ; Inapplicable ;
; out_d[1]           ; Inapplicable ; Inapplicable ; Inapplicable ; Inapplicable ; Inapplicable ; Unchecked ; Inapplicable ; Inapplicable ; Unchecked ; Unchecked ; Inapplicable ; Unchecked    ; Inapplicable ; Inapplicable ; Inapplicable ; Inapplicable ; Unchecked    ; Inapplicable ; Inapplicable ; Inapplicable ; Inapplicable ; Pass         ; Inapplicable ; Inapplicable ; Inapplicable ; Inapplicable ; Inapplicable ; Unchecked ; Inapplicable ; Inapplicable ;
; out_d[2]           ; Inapplicable ; Inapplicable ; Inapplicable ; Inapplicable ; Inapplicable ; Unchecked ; Inapplicable ; Inapplicable ; Unchecked ; Unchecked ; Inapplicable ; Unchecked    ; Inapplicable ; Inapplicable ; Inapplicable ; Inapplicable ; Unchecked    ; Inapplicable ; Inapplicable ; Inapplicable ; Inapplicable ; Pass         ; Inapplicable ; Inapplicable ; Inapplicable ; Inapplicable ; Inapplicable ; Unchecked ; Inapplicable ; Inapplicable ;
; out_d[3]           ; Inapplicable ; Inapplicable ; Inapplicable ; Inapplicable ; Inapplicable ; Unchecked ; Inapplicable ; Inapplicable ; Unchecked ; Unchecked ; Inapplicable ; Unchecked    ; Inapplicable ; Inapplicable ; Inapplicable ; Inapplicable ; Unchecked    ; Inapplicable ; Inapplicable ; Inapplicable ; Inapplicable ; Pass         ; Inapplicable ; Inapplicable ; Inapplicable ; Inapplicable ; Inapplicable ; Unchecked ; Inapplicable ; Inapplicable ;
; out_d[4]           ; Inapplicable ; Inapplicable ; Inapplicable ; Inapplicable ; Inapplicable ; Unchecked ; Inapplicable ; Inapplicable ; Unchecked ; Unchecked ; Inapplicable ; Unchecked    ; Inapplicable ; Inapplicable ; Inapplicable ; Inapplicable ; Unchecked    ; Inapplicable ; Inapplicable ; Inapplicable ; Inapplicable ; Pass         ; Inapplicable ; Inapplicable ; Inapplicable ; Inapplicable ; Inapplicable ; Unchecked ; Inapplicable ; Inapplicable ;
; out_d[5]           ; Inapplicable ; Inapplicable ; Inapplicable ; Inapplicable ; Inapplicable ; Unchecked ; Inapplicable ; Inapplicable ; Unchecked ; Unchecked ; Inapplicable ; Unchecked    ; Inapplicable ; Inapplicable ; Inapplicable ; Inapplicable ; Unchecked    ; Inapplicable ; Inapplicable ; Inapplicable ; Inapplicable ; Pass         ; Inapplicable ; Inapplicable ; Inapplicable ; Inapplicable ; Inapplicable ; Unchecked ; Inapplicable ; Inapplicable ;
; out_d[6]           ; Inapplicable ; Inapplicable ; Inapplicable ; Inapplicable ; Inapplicable ; Unchecked ; Inapplicable ; Inapplicable ; Unchecked ; Unchecked ; Inapplicable ; Unchecked    ; Inapplicable ; Inapplicable ; Inapplicable ; Inapplicable ; Unchecked    ; Inapplicable ; Inapplicable ; Inapplicable ; Inapplicable ; Pass         ; Inapplicable ; Inapplicable ; Inapplicable ; Inapplicable ; Inapplicable ; Unchecked ; Inapplicable ; Inapplicable ;
; out_d[7]           ; Inapplicable ; Inapplicable ; Inapplicable ; Inapplicable ; Inapplicable ; Unchecked ; Inapplicable ; Inapplicable ; Unchecked ; Unchecked ; Inapplicable ; Unchecked    ; Inapplicable ; Inapplicable ; Inapplicable ; Inapplicable ; Unchecked    ; Inapplicable ; Inapplicable ; Inapplicable ; Inapplicable ; Pass         ; Inapplicable ; Inapplicable ; Inapplicable ; Inapplicable ; Inapplicable ; Unchecked ; Inapplicable ; Inapplicable ;
; out_d[8]           ; Inapplicable ; Inapplicable ; Inapplicable ; Inapplicable ; Inapplicable ; Unchecked ; Inapplicable ; Inapplicable ; Unchecked ; Unchecked ; Inapplicable ; Unchecked    ; Inapplicable ; Inapplicable ; Inapplicable ; Inapplicable ; Unchecked    ; Inapplicable ; Inapplicable ; Inapplicable ; Inapplicable ; Pass         ; Inapplicable ; Inapplicable ; Inapplicable ; Inapplicable ; Inapplicable ; Unchecked ; Inapplicable ; Inapplicable ;
; out_d[9]           ; Inapplicable ; Inapplicable ; Inapplicable ; Inapplicable ; Inapplicable ; Unchecked ; Inapplicable ; Inapplicable ; Unchecked ; Unchecked ; Inapplicable ; Unchecked    ; Inapplicable ; Inapplicable ; Inapplicable ; Inapplicable ; Unchecked    ; Inapplicable ; Inapplicable ; Inapplicable ; Inapplicable ; Pass         ; Inapplicable ; Inapplicable ; Inapplicable ; Inapplicable ; Inapplicable ; Unchecked ; Inapplicable ; Inapplicable ;
; out_d[10]          ; Inapplicable ; Inapplicable ; Inapplicable ; Inapplicable ; Inapplicable ; Unchecked ; Inapplicable ; Inapplicable ; Unchecked ; Unchecked ; Inapplicable ; Unchecked    ; Inapplicable ; Inapplicable ; Inapplicable ; Inapplicable ; Unchecked    ; Inapplicable ; Inapplicable ; Inapplicable ; Inapplicable ; Pass         ; Inapplicable ; Inapplicable ; Inapplicable ; Inapplicable ; Inapplicable ; Unchecked ; Inapplicable ; Inapplicable ;
; out_d[11]          ; Inapplicable ; Inapplicable ; Inapplicable ; Inapplicable ; Inapplicable ; Unchecked ; Inapplicable ; Inapplicable ; Unchecked ; Unchecked ; Inapplicable ; Unchecked    ; Inapplicable ; Inapplicable ; Inapplicable ; Inapplicable ; Unchecked    ; Inapplicable ; Inapplicable ; Inapplicable ; Inapplicable ; Pass         ; Inapplicable ; Inapplicable ; Inapplicable ; Inapplicable ; Inapplicable ; Unchecked ; Inapplicable ; Inapplicable ;
; out_d[12]          ; Inapplicable ; Inapplicable ; Inapplicable ; Inapplicable ; Inapplicable ; Unchecked ; Inapplicable ; Inapplicable ; Unchecked ; Unchecked ; Inapplicable ; Unchecked    ; Inapplicable ; Inapplicable ; Inapplicable ; Inapplicable ; Unchecked    ; Inapplicable ; Inapplicable ; Inapplicable ; Inapplicable ; Pass         ; Inapplicable ; Inapplicable ; Inapplicable ; Inapplicable ; Inapplicable ; Unchecked ; Inapplicable ; Inapplicable ;
; out_d[13]          ; Inapplicable ; Inapplicable ; Inapplicable ; Inapplicable ; Inapplicable ; Unchecked ; Inapplicable ; Inapplicable ; Unchecked ; Unchecked ; Inapplicable ; Unchecked    ; Inapplicable ; Inapplicable ; Inapplicable ; Inapplicable ; Unchecked    ; Inapplicable ; Inapplicable ; Inapplicable ; Inapplicable ; Pass         ; Inapplicable ; Inapplicable ; Inapplicable ; Inapplicable ; Inapplicable ; Unchecked ; Inapplicable ; Inapplicable ;
; out_d[14]          ; Inapplicable ; Inapplicable ; Inapplicable ; Inapplicable ; Inapplicable ; Unchecked ; Inapplicable ; Inapplicable ; Unchecked ; Unchecked ; Inapplicable ; Unchecked    ; Inapplicable ; Inapplicable ; Inapplicable ; Inapplicable ; Unchecked    ; Inapplicable ; Inapplicable ; Inapplicable ; Inapplicable ; Pass         ; Inapplicable ; Inapplicable ; Inapplicable ; Inapplicable ; Inapplicable ; Unchecked ; Inapplicable ; Inapplicable ;
; out_d[15]          ; Inapplicable ; Inapplicable ; Inapplicable ; Inapplicable ; Inapplicable ; Unchecked ; Inapplicable ; Inapplicable ; Unchecked ; Unchecked ; Inapplicable ; Unchecked    ; Inapplicable ; Inapplicable ; Inapplicable ; Inapplicable ; Unchecked    ; Inapplicable ; Inapplicable ; Inapplicable ; Inapplicable ; Pass         ; Inapplicable ; Inapplicable ; Inapplicable ; Inapplicable ; Inapplicable ; Unchecked ; Inapplicable ; Inapplicable ;
; out_d[16]          ; Inapplicable ; Inapplicable ; Inapplicable ; Inapplicable ; Inapplicable ; Unchecked ; Inapplicable ; Inapplicable ; Unchecked ; Unchecked ; Inapplicable ; Unchecked    ; Inapplicable ; Inapplicable ; Inapplicable ; Inapplicable ; Unchecked    ; Inapplicable ; Inapplicable ; Inapplicable ; Inapplicable ; Pass         ; Inapplicable ; Inapplicable ; Inapplicable ; Inapplicable ; Inapplicable ; Unchecked ; Inapplicable ; Inapplicable ;
; out_d[17]          ; Inapplicable ; Inapplicable ; Inapplicable ; Inapplicable ; Inapplicable ; Unchecked ; Inapplicable ; Inapplicable ; Unchecked ; Unchecked ; Inapplicable ; Unchecked    ; Inapplicable ; Inapplicable ; Inapplicable ; Inapplicable ; Unchecked    ; Inapplicable ; Inapplicable ; Inapplicable ; Inapplicable ; Pass         ; Inapplicable ; Inapplicable ; Inapplicable ; Inapplicable ; Inapplicable ; Unchecked ; Inapplicable ; Inapplicable ;
; out_d[18]          ; Inapplicable ; Inapplicable ; Inapplicable ; Inapplicable ; Inapplicable ; Unchecked ; Inapplicable ; Inapplicable ; Unchecked ; Unchecked ; Inapplicable ; Unchecked    ; Inapplicable ; Inapplicable ; Inapplicable ; Inapplicable ; Unchecked    ; Inapplicable ; Inapplicable ; Inapplicable ; Inapplicable ; Pass         ; Inapplicable ; Inapplicable ; Inapplicable ; Inapplicable ; Inapplicable ; Unchecked ; Inapplicable ; Inapplicable ;
; out_d[19]          ; Inapplicable ; Inapplicable ; Inapplicable ; Inapplicable ; Inapplicable ; Unchecked ; Inapplicable ; Inapplicable ; Unchecked ; Unchecked ; Inapplicable ; Unchecked    ; Inapplicable ; Inapplicable ; Inapplicable ; Inapplicable ; Unchecked    ; Inapplicable ; Inapplicable ; Inapplicable ; Inapplicable ; Pass         ; Inapplicable ; Inapplicable ; Inapplicable ; Inapplicable ; Inapplicable ; Unchecked ; Inapplicable ; Inapplicable ;
; out_d[20]          ; Inapplicable ; Inapplicable ; Inapplicable ; Inapplicable ; Inapplicable ; Unchecked ; Inapplicable ; Inapplicable ; Unchecked ; Unchecked ; Inapplicable ; Unchecked    ; Inapplicable ; Inapplicable ; Inapplicable ; Inapplicable ; Unchecked    ; Inapplicable ; Inapplicable ; Inapplicable ; Inapplicable ; Pass         ; Inapplicable ; Inapplicable ; Inapplicable ; Inapplicable ; Inapplicable ; Unchecked ; Inapplicable ; Inapplicable ;
; out_d[21]          ; Inapplicable ; Inapplicable ; Inapplicable ; Inapplicable ; Inapplicable ; Unchecked ; Inapplicable ; Inapplicable ; Unchecked ; Unchecked ; Inapplicable ; Unchecked    ; Inapplicable ; Inapplicable ; Inapplicable ; Inapplicable ; Unchecked    ; Inapplicable ; Inapplicable ; Inapplicable ; Inapplicable ; Pass         ; Inapplicable ; Inapplicable ; Inapplicable ; Inapplicable ; Inapplicable ; Unchecked ; Inapplicable ; Inapplicable ;
; out_d[22]          ; Inapplicable ; Inapplicable ; Inapplicable ; Inapplicable ; Inapplicable ; Unchecked ; Inapplicable ; Inapplicable ; Unchecked ; Unchecked ; Inapplicable ; Unchecked    ; Inapplicable ; Inapplicable ; Inapplicable ; Inapplicable ; Unchecked    ; Inapplicable ; Inapplicable ; Inapplicable ; Inapplicable ; Pass         ; Inapplicable ; Inapplicable ; Inapplicable ; Inapplicable ; Inapplicable ; Unchecked ; Inapplicable ; Inapplicable ;
; out_d[23]          ; Inapplicable ; Inapplicable ; Inapplicable ; Inapplicable ; Inapplicable ; Unchecked ; Inapplicable ; Inapplicable ; Unchecked ; Unchecked ; Inapplicable ; Unchecked    ; Inapplicable ; Inapplicable ; Inapplicable ; Inapplicable ; Unchecked    ; Inapplicable ; Inapplicable ; Inapplicable ; Inapplicable ; Pass         ; Inapplicable ; Inapplicable ; Inapplicable ; Inapplicable ; Inapplicable ; Unchecked ; Inapplicable ; Inapplicable ;
; out_d[24]          ; Inapplicable ; Inapplicable ; Inapplicable ; Inapplicable ; Inapplicable ; Unchecked ; Inapplicable ; Inapplicable ; Unchecked ; Unchecked ; Inapplicable ; Unchecked    ; Inapplicable ; Inapplicable ; Inapplicable ; Inapplicable ; Unchecked    ; Inapplicable ; Inapplicable ; Inapplicable ; Inapplicable ; Pass         ; Inapplicable ; Inapplicable ; Inapplicable ; Inapplicable ; Inapplicable ; Unchecked ; Inapplicable ; Inapplicable ;
; out_d[25]          ; Inapplicable ; Inapplicable ; Inapplicable ; Inapplicable ; Inapplicable ; Unchecked ; Inapplicable ; Inapplicable ; Unchecked ; Unchecked ; Inapplicable ; Unchecked    ; Inapplicable ; Inapplicable ; Inapplicable ; Inapplicable ; Unchecked    ; Inapplicable ; Inapplicable ; Inapplicable ; Inapplicable ; Pass         ; Inapplicable ; Inapplicable ; Inapplicable ; Inapplicable ; Inapplicable ; Unchecked ; Inapplicable ; Inapplicable ;
; out_d[26]          ; Inapplicable ; Inapplicable ; Inapplicable ; Inapplicable ; Inapplicable ; Unchecked ; Inapplicable ; Inapplicable ; Unchecked ; Unchecked ; Inapplicable ; Unchecked    ; Inapplicable ; Inapplicable ; Inapplicable ; Inapplicable ; Unchecked    ; Inapplicable ; Inapplicable ; Inapplicable ; Inapplicable ; Pass         ; Inapplicable ; Inapplicable ; Inapplicable ; Inapplicable ; Inapplicable ; Unchecked ; Inapplicable ; Inapplicable ;
; out_d[27]          ; Inapplicable ; Inapplicable ; Inapplicable ; Inapplicable ; Inapplicable ; Unchecked ; Inapplicable ; Inapplicable ; Unchecked ; Unchecked ; Inapplicable ; Unchecked    ; Inapplicable ; Inapplicable ; Inapplicable ; Inapplicable ; Unchecked    ; Inapplicable ; Inapplicable ; Inapplicable ; Inapplicable ; Pass         ; Inapplicable ; Inapplicable ; Inapplicable ; Inapplicable ; Inapplicable ; Unchecked ; Inapplicable ; Inapplicable ;
; out_d[28]          ; Inapplicable ; Inapplicable ; Inapplicable ; Inapplicable ; Inapplicable ; Unchecked ; Inapplicable ; Inapplicable ; Unchecked ; Unchecked ; Inapplicable ; Unchecked    ; Inapplicable ; Inapplicable ; Inapplicable ; Inapplicable ; Unchecked    ; Inapplicable ; Inapplicable ; Inapplicable ; Inapplicable ; Pass         ; Inapplicable ; Inapplicable ; Inapplicable ; Inapplicable ; Inapplicable ; Unchecked ; Inapplicable ; Inapplicable ;
; out_d[29]          ; Inapplicable ; Inapplicable ; Inapplicable ; Inapplicable ; Inapplicable ; Unchecked ; Inapplicable ; Inapplicable ; Unchecked ; Unchecked ; Inapplicable ; Unchecked    ; Inapplicable ; Inapplicable ; Inapplicable ; Inapplicable ; Unchecked    ; Inapplicable ; Inapplicable ; Inapplicable ; Inapplicable ; Pass         ; Inapplicable ; Inapplicable ; Inapplicable ; Inapplicable ; Inapplicable ; Unchecked ; Inapplicable ; Inapplicable ;
; out_d[30]          ; Inapplicable ; Inapplicable ; Inapplicable ; Inapplicable ; Inapplicable ; Unchecked ; Inapplicable ; Inapplicable ; Unchecked ; Unchecked ; Inapplicable ; Unchecked    ; Inapplicable ; Inapplicable ; Inapplicable ; Inapplicable ; Unchecked    ; Inapplicable ; Inapplicable ; Inapplicable ; Inapplicable ; Pass         ; Inapplicable ; Inapplicable ; Inapplicable ; Inapplicable ; Inapplicable ; Unchecked ; Inapplicable ; Inapplicable ;
; out_d[31]          ; Inapplicable ; Inapplicable ; Inapplicable ; Inapplicable ; Inapplicable ; Unchecked ; Inapplicable ; Inapplicable ; Unchecked ; Unchecked ; Inapplicable ; Unchecked    ; Inapplicable ; Inapplicable ; Inapplicable ; Inapplicable ; Unchecked    ; Inapplicable ; Inapplicable ; Inapplicable ; Inapplicable ; Pass         ; Inapplicable ; Inapplicable ; Inapplicable ; Inapplicable ; Inapplicable ; Unchecked ; Inapplicable ; Inapplicable ;
; ready              ; Inapplicable ; Inapplicable ; Inapplicable ; Inapplicable ; Inapplicable ; Unchecked ; Inapplicable ; Inapplicable ; Unchecked ; Unchecked ; Inapplicable ; Unchecked    ; Inapplicable ; Inapplicable ; Inapplicable ; Inapplicable ; Unchecked    ; Inapplicable ; Inapplicable ; Inapplicable ; Inapplicable ; Pass         ; Inapplicable ; Inapplicable ; Inapplicable ; Inapplicable ; Inapplicable ; Unchecked ; Inapplicable ; Inapplicable ;
; down               ; Inapplicable ; Inapplicable ; Inapplicable ; Inapplicable ; Inapplicable ; Unchecked ; Inapplicable ; Inapplicable ; Unchecked ; Unchecked ; Inapplicable ; Unchecked    ; Inapplicable ; Inapplicable ; Inapplicable ; Inapplicable ; Unchecked    ; Inapplicable ; Inapplicable ; Inapplicable ; Inapplicable ; Pass         ; Inapplicable ; Inapplicable ; Inapplicable ; Inapplicable ; Inapplicable ; Unchecked ; Inapplicable ; Inapplicable ;
; read               ; Inapplicable ; Inapplicable ; Inapplicable ; Inapplicable ; Inapplicable ; Unchecked ; Inapplicable ; Inapplicable ; Unchecked ; Unchecked ; Inapplicable ; Inapplicable ; Inapplicable ; Inapplicable ; Unchecked    ; Inapplicable ; Inapplicable ; Pass         ; Inapplicable ; Inapplicable ; Inapplicable ; Inapplicable ; Inapplicable ; Inapplicable ; Inapplicable ; Inapplicable ; Inapplicable ; Unchecked ; Inapplicable ; Inapplicable ;
; write              ; Inapplicable ; Inapplicable ; Inapplicable ; Inapplicable ; Inapplicable ; Unchecked ; Inapplicable ; Inapplicable ; Unchecked ; Unchecked ; Inapplicable ; Inapplicable ; Inapplicable ; Inapplicable ; Unchecked    ; Inapplicable ; Inapplicable ; Pass         ; Inapplicable ; Inapplicable ; Inapplicable ; Inapplicable ; Inapplicable ; Inapplicable ; Inapplicable ; Inapplicable ; Inapplicable ; Unchecked ; Inapplicable ; Inapplicable ;
; clk                ; Inapplicable ; Inapplicable ; Inapplicable ; Inapplicable ; Inapplicable ; Pass      ; Inapplicable ; Inapplicable ; Pass      ; Pass      ; Inapplicable ; Inapplicable ; Inapplicable ; Inapplicable ; Pass         ; Inapplicable ; Inapplicable ; Pass         ; Inapplicable ; Inapplicable ; Inapplicable ; Inapplicable ; Inapplicable ; Inapplicable ; Inapplicable ; Inapplicable ; Inapplicable ; Pass      ; Inapplicable ; Inapplicable ;
; reset              ; Inapplicable ; Inapplicable ; Inapplicable ; Inapplicable ; Inapplicable ; Pass      ; Inapplicable ; Inapplicable ; Pass      ; Pass      ; Inapplicable ; Inapplicable ; Inapplicable ; Inapplicable ; Pass         ; Inapplicable ; Inapplicable ; Pass         ; Inapplicable ; Inapplicable ; Inapplicable ; Inapplicable ; Inapplicable ; Inapplicable ; Inapplicable ; Inapplicable ; Inapplicable ; Pass      ; Inapplicable ; Inapplicable ;
; in_d[0]            ; Inapplicable ; Inapplicable ; Inapplicable ; Inapplicable ; Inapplicable ; Unchecked ; Inapplicable ; Inapplicable ; Unchecked ; Unchecked ; Inapplicable ; Inapplicable ; Inapplicable ; Inapplicable ; Unchecked    ; Inapplicable ; Inapplicable ; Pass         ; Inapplicable ; Inapplicable ; Inapplicable ; Inapplicable ; Inapplicable ; Inapplicable ; Inapplicable ; Inapplicable ; Inapplicable ; Unchecked ; Inapplicable ; Inapplicable ;
; address[0]         ; Inapplicable ; Inapplicable ; Inapplicable ; Inapplicable ; Inapplicable ; Unchecked ; Inapplicable ; Inapplicable ; Unchecked ; Unchecked ; Inapplicable ; Inapplicable ; Inapplicable ; Inapplicable ; Unchecked    ; Inapplicable ; Inapplicable ; Pass         ; Inapplicable ; Inapplicable ; Inapplicable ; Inapplicable ; Inapplicable ; Inapplicable ; Inapplicable ; Inapplicable ; Inapplicable ; Unchecked ; Inapplicable ; Inapplicable ;
; address[5]         ; Inapplicable ; Inapplicable ; Inapplicable ; Inapplicable ; Inapplicable ; Unchecked ; Inapplicable ; Inapplicable ; Unchecked ; Unchecked ; Inapplicable ; Inapplicable ; Inapplicable ; Inapplicable ; Unchecked    ; Inapplicable ; Inapplicable ; Pass         ; Inapplicable ; Inapplicable ; Inapplicable ; Inapplicable ; Inapplicable ; Inapplicable ; Inapplicable ; Inapplicable ; Inapplicable ; Unchecked ; Inapplicable ; Inapplicable ;
; address[1]         ; Inapplicable ; Inapplicable ; Inapplicable ; Inapplicable ; Inapplicable ; Unchecked ; Inapplicable ; Inapplicable ; Unchecked ; Unchecked ; Inapplicable ; Inapplicable ; Inapplicable ; Inapplicable ; Unchecked    ; Inapplicable ; Inapplicable ; Pass         ; Inapplicable ; Inapplicable ; Inapplicable ; Inapplicable ; Inapplicable ; Inapplicable ; Inapplicable ; Inapplicable ; Inapplicable ; Unchecked ; Inapplicable ; Inapplicable ;
; address[6]         ; Inapplicable ; Inapplicable ; Inapplicable ; Inapplicable ; Inapplicable ; Unchecked ; Inapplicable ; Inapplicable ; Unchecked ; Unchecked ; Inapplicable ; Inapplicable ; Inapplicable ; Inapplicable ; Unchecked    ; Inapplicable ; Inapplicable ; Pass         ; Inapplicable ; Inapplicable ; Inapplicable ; Inapplicable ; Inapplicable ; Inapplicable ; Inapplicable ; Inapplicable ; Inapplicable ; Unchecked ; Inapplicable ; Inapplicable ;
; address[7]         ; Inapplicable ; Inapplicable ; Inapplicable ; Inapplicable ; Inapplicable ; Unchecked ; Inapplicable ; Inapplicable ; Unchecked ; Unchecked ; Inapplicable ; Inapplicable ; Inapplicable ; Inapplicable ; Unchecked    ; Inapplicable ; Inapplicable ; Pass         ; Inapplicable ; Inapplicable ; Inapplicable ; Inapplicable ; Inapplicable ; Inapplicable ; Inapplicable ; Inapplicable ; Inapplicable ; Unchecked ; Inapplicable ; Inapplicable ;
; address[8]         ; Inapplicable ; Inapplicable ; Inapplicable ; Inapplicable ; Inapplicable ; Unchecked ; Inapplicable ; Inapplicable ; Unchecked ; Unchecked ; Inapplicable ; Inapplicable ; Inapplicable ; Inapplicable ; Unchecked    ; Inapplicable ; Inapplicable ; Pass         ; Inapplicable ; Inapplicable ; Inapplicable ; Inapplicable ; Inapplicable ; Inapplicable ; Inapplicable ; Inapplicable ; Inapplicable ; Unchecked ; Inapplicable ; Inapplicable ;
; address[2]         ; Inapplicable ; Inapplicable ; Inapplicable ; Inapplicable ; Inapplicable ; Unchecked ; Inapplicable ; Inapplicable ; Unchecked ; Unchecked ; Inapplicable ; Inapplicable ; Inapplicable ; Inapplicable ; Unchecked    ; Inapplicable ; Inapplicable ; Pass         ; Inapplicable ; Inapplicable ; Inapplicable ; Inapplicable ; Inapplicable ; Inapplicable ; Inapplicable ; Inapplicable ; Inapplicable ; Unchecked ; Inapplicable ; Inapplicable ;
; address[3]         ; Inapplicable ; Inapplicable ; Inapplicable ; Inapplicable ; Inapplicable ; Unchecked ; Inapplicable ; Inapplicable ; Unchecked ; Unchecked ; Inapplicable ; Inapplicable ; Inapplicable ; Inapplicable ; Unchecked    ; Inapplicable ; Inapplicable ; Pass         ; Inapplicable ; Inapplicable ; Inapplicable ; Inapplicable ; Inapplicable ; Inapplicable ; Inapplicable ; Inapplicable ; Inapplicable ; Unchecked ; Inapplicable ; Inapplicable ;
; address[4]         ; Inapplicable ; Inapplicable ; Inapplicable ; Inapplicable ; Inapplicable ; Unchecked ; Inapplicable ; Inapplicable ; Unchecked ; Unchecked ; Inapplicable ; Inapplicable ; Inapplicable ; Inapplicable ; Unchecked    ; Inapplicable ; Inapplicable ; Pass         ; Inapplicable ; Inapplicable ; Inapplicable ; Inapplicable ; Inapplicable ; Inapplicable ; Inapplicable ; Inapplicable ; Inapplicable ; Unchecked ; Inapplicable ; Inapplicable ;
; in_d[1]            ; Inapplicable ; Inapplicable ; Inapplicable ; Inapplicable ; Inapplicable ; Unchecked ; Inapplicable ; Inapplicable ; Unchecked ; Unchecked ; Inapplicable ; Inapplicable ; Inapplicable ; Inapplicable ; Unchecked    ; Inapplicable ; Inapplicable ; Pass         ; Inapplicable ; Inapplicable ; Inapplicable ; Inapplicable ; Inapplicable ; Inapplicable ; Inapplicable ; Inapplicable ; Inapplicable ; Unchecked ; Inapplicable ; Inapplicable ;
; in_d[2]            ; Inapplicable ; Inapplicable ; Inapplicable ; Inapplicable ; Inapplicable ; Unchecked ; Inapplicable ; Inapplicable ; Unchecked ; Unchecked ; Inapplicable ; Inapplicable ; Inapplicable ; Inapplicable ; Unchecked    ; Inapplicable ; Inapplicable ; Pass         ; Inapplicable ; Inapplicable ; Inapplicable ; Inapplicable ; Inapplicable ; Inapplicable ; Inapplicable ; Inapplicable ; Inapplicable ; Unchecked ; Inapplicable ; Inapplicable ;
; in_d[3]            ; Inapplicable ; Inapplicable ; Inapplicable ; Inapplicable ; Inapplicable ; Unchecked ; Inapplicable ; Inapplicable ; Unchecked ; Unchecked ; Inapplicable ; Inapplicable ; Inapplicable ; Inapplicable ; Unchecked    ; Inapplicable ; Inapplicable ; Pass         ; Inapplicable ; Inapplicable ; Inapplicable ; Inapplicable ; Inapplicable ; Inapplicable ; Inapplicable ; Inapplicable ; Inapplicable ; Unchecked ; Inapplicable ; Inapplicable ;
; in_d[4]            ; Inapplicable ; Inapplicable ; Inapplicable ; Inapplicable ; Inapplicable ; Unchecked ; Inapplicable ; Inapplicable ; Unchecked ; Unchecked ; Inapplicable ; Inapplicable ; Inapplicable ; Inapplicable ; Unchecked    ; Inapplicable ; Inapplicable ; Pass         ; Inapplicable ; Inapplicable ; Inapplicable ; Inapplicable ; Inapplicable ; Inapplicable ; Inapplicable ; Inapplicable ; Inapplicable ; Unchecked ; Inapplicable ; Inapplicable ;
; in_d[5]            ; Inapplicable ; Inapplicable ; Inapplicable ; Inapplicable ; Inapplicable ; Unchecked ; Inapplicable ; Inapplicable ; Unchecked ; Unchecked ; Inapplicable ; Inapplicable ; Inapplicable ; Inapplicable ; Unchecked    ; Inapplicable ; Inapplicable ; Pass         ; Inapplicable ; Inapplicable ; Inapplicable ; Inapplicable ; Inapplicable ; Inapplicable ; Inapplicable ; Inapplicable ; Inapplicable ; Unchecked ; Inapplicable ; Inapplicable ;
; in_d[6]            ; Inapplicable ; Inapplicable ; Inapplicable ; Inapplicable ; Inapplicable ; Unchecked ; Inapplicable ; Inapplicable ; Unchecked ; Unchecked ; Inapplicable ; Inapplicable ; Inapplicable ; Inapplicable ; Unchecked    ; Inapplicable ; Inapplicable ; Pass         ; Inapplicable ; Inapplicable ; Inapplicable ; Inapplicable ; Inapplicable ; Inapplicable ; Inapplicable ; Inapplicable ; Inapplicable ; Unchecked ; Inapplicable ; Inapplicable ;
; in_d[7]            ; Inapplicable ; Inapplicable ; Inapplicable ; Inapplicable ; Inapplicable ; Unchecked ; Inapplicable ; Inapplicable ; Unchecked ; Unchecked ; Inapplicable ; Inapplicable ; Inapplicable ; Inapplicable ; Unchecked    ; Inapplicable ; Inapplicable ; Pass         ; Inapplicable ; Inapplicable ; Inapplicable ; Inapplicable ; Inapplicable ; Inapplicable ; Inapplicable ; Inapplicable ; Inapplicable ; Unchecked ; Inapplicable ; Inapplicable ;
; in_d[8]            ; Inapplicable ; Inapplicable ; Inapplicable ; Inapplicable ; Inapplicable ; Unchecked ; Inapplicable ; Inapplicable ; Unchecked ; Unchecked ; Inapplicable ; Inapplicable ; Inapplicable ; Inapplicable ; Unchecked    ; Inapplicable ; Inapplicable ; Pass         ; Inapplicable ; Inapplicable ; Inapplicable ; Inapplicable ; Inapplicable ; Inapplicable ; Inapplicable ; Inapplicable ; Inapplicable ; Unchecked ; Inapplicable ; Inapplicable ;
; in_d[9]            ; Inapplicable ; Inapplicable ; Inapplicable ; Inapplicable ; Inapplicable ; Unchecked ; Inapplicable ; Inapplicable ; Unchecked ; Unchecked ; Inapplicable ; Inapplicable ; Inapplicable ; Inapplicable ; Unchecked    ; Inapplicable ; Inapplicable ; Pass         ; Inapplicable ; Inapplicable ; Inapplicable ; Inapplicable ; Inapplicable ; Inapplicable ; Inapplicable ; Inapplicable ; Inapplicable ; Unchecked ; Inapplicable ; Inapplicable ;
; in_d[10]           ; Inapplicable ; Inapplicable ; Inapplicable ; Inapplicable ; Inapplicable ; Unchecked ; Inapplicable ; Inapplicable ; Unchecked ; Unchecked ; Inapplicable ; Inapplicable ; Inapplicable ; Inapplicable ; Unchecked    ; Inapplicable ; Inapplicable ; Pass         ; Inapplicable ; Inapplicable ; Inapplicable ; Inapplicable ; Inapplicable ; Inapplicable ; Inapplicable ; Inapplicable ; Inapplicable ; Unchecked ; Inapplicable ; Inapplicable ;
; in_d[11]           ; Inapplicable ; Inapplicable ; Inapplicable ; Inapplicable ; Inapplicable ; Unchecked ; Inapplicable ; Inapplicable ; Unchecked ; Unchecked ; Inapplicable ; Inapplicable ; Inapplicable ; Inapplicable ; Unchecked    ; Inapplicable ; Inapplicable ; Pass         ; Inapplicable ; Inapplicable ; Inapplicable ; Inapplicable ; Inapplicable ; Inapplicable ; Inapplicable ; Inapplicable ; Inapplicable ; Unchecked ; Inapplicable ; Inapplicable ;
; in_d[12]           ; Inapplicable ; Inapplicable ; Inapplicable ; Inapplicable ; Inapplicable ; Unchecked ; Inapplicable ; Inapplicable ; Unchecked ; Unchecked ; Inapplicable ; Inapplicable ; Inapplicable ; Inapplicable ; Unchecked    ; Inapplicable ; Inapplicable ; Pass         ; Inapplicable ; Inapplicable ; Inapplicable ; Inapplicable ; Inapplicable ; Inapplicable ; Inapplicable ; Inapplicable ; Inapplicable ; Unchecked ; Inapplicable ; Inapplicable ;
; in_d[13]           ; Inapplicable ; Inapplicable ; Inapplicable ; Inapplicable ; Inapplicable ; Unchecked ; Inapplicable ; Inapplicable ; Unchecked ; Unchecked ; Inapplicable ; Inapplicable ; Inapplicable ; Inapplicable ; Unchecked    ; Inapplicable ; Inapplicable ; Pass         ; Inapplicable ; Inapplicable ; Inapplicable ; Inapplicable ; Inapplicable ; Inapplicable ; Inapplicable ; Inapplicable ; Inapplicable ; Unchecked ; Inapplicable ; Inapplicable ;
; in_d[14]           ; Inapplicable ; Inapplicable ; Inapplicable ; Inapplicable ; Inapplicable ; Unchecked ; Inapplicable ; Inapplicable ; Unchecked ; Unchecked ; Inapplicable ; Inapplicable ; Inapplicable ; Inapplicable ; Unchecked    ; Inapplicable ; Inapplicable ; Pass         ; Inapplicable ; Inapplicable ; Inapplicable ; Inapplicable ; Inapplicable ; Inapplicable ; Inapplicable ; Inapplicable ; Inapplicable ; Unchecked ; Inapplicable ; Inapplicable ;
; in_d[15]           ; Inapplicable ; Inapplicable ; Inapplicable ; Inapplicable ; Inapplicable ; Unchecked ; Inapplicable ; Inapplicable ; Unchecked ; Unchecked ; Inapplicable ; Inapplicable ; Inapplicable ; Inapplicable ; Unchecked    ; Inapplicable ; Inapplicable ; Pass         ; Inapplicable ; Inapplicable ; Inapplicable ; Inapplicable ; Inapplicable ; Inapplicable ; Inapplicable ; Inapplicable ; Inapplicable ; Unchecked ; Inapplicable ; Inapplicable ;
; in_d[16]           ; Inapplicable ; Inapplicable ; Inapplicable ; Inapplicable ; Inapplicable ; Unchecked ; Inapplicable ; Inapplicable ; Unchecked ; Unchecked ; Inapplicable ; Inapplicable ; Inapplicable ; Inapplicable ; Unchecked    ; Inapplicable ; Inapplicable ; Pass         ; Inapplicable ; Inapplicable ; Inapplicable ; Inapplicable ; Inapplicable ; Inapplicable ; Inapplicable ; Inapplicable ; Inapplicable ; Unchecked ; Inapplicable ; Inapplicable ;
; in_d[17]           ; Inapplicable ; Inapplicable ; Inapplicable ; Inapplicable ; Inapplicable ; Unchecked ; Inapplicable ; Inapplicable ; Unchecked ; Unchecked ; Inapplicable ; Inapplicable ; Inapplicable ; Inapplicable ; Unchecked    ; Inapplicable ; Inapplicable ; Pass         ; Inapplicable ; Inapplicable ; Inapplicable ; Inapplicable ; Inapplicable ; Inapplicable ; Inapplicable ; Inapplicable ; Inapplicable ; Unchecked ; Inapplicable ; Inapplicable ;
; in_d[18]           ; Inapplicable ; Inapplicable ; Inapplicable ; Inapplicable ; Inapplicable ; Unchecked ; Inapplicable ; Inapplicable ; Unchecked ; Unchecked ; Inapplicable ; Inapplicable ; Inapplicable ; Inapplicable ; Unchecked    ; Inapplicable ; Inapplicable ; Pass         ; Inapplicable ; Inapplicable ; Inapplicable ; Inapplicable ; Inapplicable ; Inapplicable ; Inapplicable ; Inapplicable ; Inapplicable ; Unchecked ; Inapplicable ; Inapplicable ;
; in_d[19]           ; Inapplicable ; Inapplicable ; Inapplicable ; Inapplicable ; Inapplicable ; Unchecked ; Inapplicable ; Inapplicable ; Unchecked ; Unchecked ; Inapplicable ; Inapplicable ; Inapplicable ; Inapplicable ; Unchecked    ; Inapplicable ; Inapplicable ; Pass         ; Inapplicable ; Inapplicable ; Inapplicable ; Inapplicable ; Inapplicable ; Inapplicable ; Inapplicable ; Inapplicable ; Inapplicable ; Unchecked ; Inapplicable ; Inapplicable ;
; in_d[20]           ; Inapplicable ; Inapplicable ; Inapplicable ; Inapplicable ; Inapplicable ; Unchecked ; Inapplicable ; Inapplicable ; Unchecked ; Unchecked ; Inapplicable ; Inapplicable ; Inapplicable ; Inapplicable ; Unchecked    ; Inapplicable ; Inapplicable ; Pass         ; Inapplicable ; Inapplicable ; Inapplicable ; Inapplicable ; Inapplicable ; Inapplicable ; Inapplicable ; Inapplicable ; Inapplicable ; Unchecked ; Inapplicable ; Inapplicable ;
; in_d[21]           ; Inapplicable ; Inapplicable ; Inapplicable ; Inapplicable ; Inapplicable ; Unchecked ; Inapplicable ; Inapplicable ; Unchecked ; Unchecked ; Inapplicable ; Inapplicable ; Inapplicable ; Inapplicable ; Unchecked    ; Inapplicable ; Inapplicable ; Pass         ; Inapplicable ; Inapplicable ; Inapplicable ; Inapplicable ; Inapplicable ; Inapplicable ; Inapplicable ; Inapplicable ; Inapplicable ; Unchecked ; Inapplicable ; Inapplicable ;
; in_d[22]           ; Inapplicable ; Inapplicable ; Inapplicable ; Inapplicable ; Inapplicable ; Unchecked ; Inapplicable ; Inapplicable ; Unchecked ; Unchecked ; Inapplicable ; Inapplicable ; Inapplicable ; Inapplicable ; Unchecked    ; Inapplicable ; Inapplicable ; Pass         ; Inapplicable ; Inapplicable ; Inapplicable ; Inapplicable ; Inapplicable ; Inapplicable ; Inapplicable ; Inapplicable ; Inapplicable ; Unchecked ; Inapplicable ; Inapplicable ;
; in_d[23]           ; Inapplicable ; Inapplicable ; Inapplicable ; Inapplicable ; Inapplicable ; Unchecked ; Inapplicable ; Inapplicable ; Unchecked ; Unchecked ; Inapplicable ; Inapplicable ; Inapplicable ; Inapplicable ; Unchecked    ; Inapplicable ; Inapplicable ; Pass         ; Inapplicable ; Inapplicable ; Inapplicable ; Inapplicable ; Inapplicable ; Inapplicable ; Inapplicable ; Inapplicable ; Inapplicable ; Unchecked ; Inapplicable ; Inapplicable ;
; in_d[24]           ; Inapplicable ; Inapplicable ; Inapplicable ; Inapplicable ; Inapplicable ; Unchecked ; Inapplicable ; Inapplicable ; Unchecked ; Unchecked ; Inapplicable ; Inapplicable ; Inapplicable ; Inapplicable ; Unchecked    ; Inapplicable ; Inapplicable ; Pass         ; Inapplicable ; Inapplicable ; Inapplicable ; Inapplicable ; Inapplicable ; Inapplicable ; Inapplicable ; Inapplicable ; Inapplicable ; Unchecked ; Inapplicable ; Inapplicable ;
; in_d[25]           ; Inapplicable ; Inapplicable ; Inapplicable ; Inapplicable ; Inapplicable ; Unchecked ; Inapplicable ; Inapplicable ; Unchecked ; Unchecked ; Inapplicable ; Inapplicable ; Inapplicable ; Inapplicable ; Unchecked    ; Inapplicable ; Inapplicable ; Pass         ; Inapplicable ; Inapplicable ; Inapplicable ; Inapplicable ; Inapplicable ; Inapplicable ; Inapplicable ; Inapplicable ; Inapplicable ; Unchecked ; Inapplicable ; Inapplicable ;
; in_d[26]           ; Inapplicable ; Inapplicable ; Inapplicable ; Inapplicable ; Inapplicable ; Unchecked ; Inapplicable ; Inapplicable ; Unchecked ; Unchecked ; Inapplicable ; Inapplicable ; Inapplicable ; Inapplicable ; Unchecked    ; Inapplicable ; Inapplicable ; Pass         ; Inapplicable ; Inapplicable ; Inapplicable ; Inapplicable ; Inapplicable ; Inapplicable ; Inapplicable ; Inapplicable ; Inapplicable ; Unchecked ; Inapplicable ; Inapplicable ;
; in_d[27]           ; Inapplicable ; Inapplicable ; Inapplicable ; Inapplicable ; Inapplicable ; Unchecked ; Inapplicable ; Inapplicable ; Unchecked ; Unchecked ; Inapplicable ; Inapplicable ; Inapplicable ; Inapplicable ; Unchecked    ; Inapplicable ; Inapplicable ; Pass         ; Inapplicable ; Inapplicable ; Inapplicable ; Inapplicable ; Inapplicable ; Inapplicable ; Inapplicable ; Inapplicable ; Inapplicable ; Unchecked ; Inapplicable ; Inapplicable ;
; in_d[28]           ; Inapplicable ; Inapplicable ; Inapplicable ; Inapplicable ; Inapplicable ; Unchecked ; Inapplicable ; Inapplicable ; Unchecked ; Unchecked ; Inapplicable ; Inapplicable ; Inapplicable ; Inapplicable ; Unchecked    ; Inapplicable ; Inapplicable ; Pass         ; Inapplicable ; Inapplicable ; Inapplicable ; Inapplicable ; Inapplicable ; Inapplicable ; Inapplicable ; Inapplicable ; Inapplicable ; Unchecked ; Inapplicable ; Inapplicable ;
; in_d[29]           ; Inapplicable ; Inapplicable ; Inapplicable ; Inapplicable ; Inapplicable ; Unchecked ; Inapplicable ; Inapplicable ; Unchecked ; Unchecked ; Inapplicable ; Inapplicable ; Inapplicable ; Inapplicable ; Unchecked    ; Inapplicable ; Inapplicable ; Pass         ; Inapplicable ; Inapplicable ; Inapplicable ; Inapplicable ; Inapplicable ; Inapplicable ; Inapplicable ; Inapplicable ; Inapplicable ; Unchecked ; Inapplicable ; Inapplicable ;
; in_d[30]           ; Inapplicable ; Inapplicable ; Inapplicable ; Inapplicable ; Inapplicable ; Unchecked ; Inapplicable ; Inapplicable ; Unchecked ; Unchecked ; Inapplicable ; Inapplicable ; Inapplicable ; Inapplicable ; Unchecked    ; Inapplicable ; Inapplicable ; Pass         ; Inapplicable ; Inapplicable ; Inapplicable ; Inapplicable ; Inapplicable ; Inapplicable ; Inapplicable ; Inapplicable ; Inapplicable ; Unchecked ; Inapplicable ; Inapplicable ;
; in_d[31]           ; Inapplicable ; Inapplicable ; Inapplicable ; Inapplicable ; Inapplicable ; Unchecked ; Inapplicable ; Inapplicable ; Unchecked ; Unchecked ; Inapplicable ; Inapplicable ; Inapplicable ; Inapplicable ; Unchecked    ; Inapplicable ; Inapplicable ; Pass         ; Inapplicable ; Inapplicable ; Inapplicable ; Inapplicable ; Inapplicable ; Inapplicable ; Inapplicable ; Inapplicable ; Inapplicable ; Unchecked ; Inapplicable ; Inapplicable ;
+--------------------+--------------+--------------+--------------+--------------+--------------+-----------+--------------+--------------+-----------+-----------+--------------+--------------+--------------+--------------+--------------+--------------+--------------+--------------+--------------+--------------+--------------+--------------+--------------+--------------+--------------+--------------+--------------+-----------+--------------+--------------+


+---------------------------------------------------------------------------------------------+
; Fitter Device Options                                                                       ;
+------------------------------------------------------------------+--------------------------+
; Option                                                           ; Setting                  ;
+------------------------------------------------------------------+--------------------------+
; Enable user-supplied start-up clock (CLKUSR)                     ; Off                      ;
; Enable device-wide reset (DEV_CLRn)                              ; Off                      ;
; Enable device-wide output enable (DEV_OE)                        ; Off                      ;
; Enable INIT_DONE output                                          ; Off                      ;
; Configuration scheme                                             ; Active Serial            ;
; Error detection CRC                                              ; Off                      ;
; Enable open drain on CRC_ERROR pin                               ; Off                      ;
; Enable input tri-state on active configuration pins in user mode ; Off                      ;
; Configuration Voltage Level                                      ; Auto                     ;
; Force Configuration Voltage Level                                ; Off                      ;
; nCEO                                                             ; As output driving ground ;
; Data[0]                                                          ; As input tri-stated      ;
; Data[1]/ASDO                                                     ; As input tri-stated      ;
; Data[7..2]                                                       ; Unreserved               ;
; FLASH_nCE/nCSO                                                   ; As input tri-stated      ;
; Other Active Parallel pins                                       ; Unreserved               ;
; DCLK                                                             ; As output driving ground ;
+------------------------------------------------------------------+--------------------------+


+------------------------------------+
; Operating Settings and Conditions  ;
+---------------------------+--------+
; Setting                   ; Value  ;
+---------------------------+--------+
; Nominal Core Voltage      ; 1.20 V ;
; Low Junction Temperature  ; 0 °C   ;
; High Junction Temperature ; 85 °C  ;
+---------------------------+--------+


+-----------------+
; Fitter Messages ;
+-----------------+
Warning (18236): Number of processors has not been specified which may cause overloading on shared machines.  Set the global assignment NUM_PARALLEL_PROCESSORS in your QSF to an appropriate value for best performance.
Info (20030): Parallel compilation is enabled and will use 16 of the 16 processors detected
Info (119006): Selected device EP4CE10F17C8 for design "projectML"
Info (21077): Low junction temperature is 0 degrees C
Info (21077): High junction temperature is 85 degrees C
Info (171003): Fitter is performing an Auto Fit compilation, which may decrease Fitter effort to reduce compilation time
Warning (292013): Feature LogicLock is only available with a valid subscription license. You can purchase a software subscription to gain full access to this feature.
Info (176444): Device migration not selected. If you intend to use device migration later, you may need to change the pin assignments as they may be incompatible with other devices
    Info (176445): Device EP4CE6F17C8 is compatible
    Info (176445): Device EP4CE15F17C8 is compatible
    Info (176445): Device EP4CE22F17C8 is compatible
Info (169124): Fitter converted 5 user pins into dedicated programming pins
    Info (169125): Pin ~ALTERA_ASDO_DATA1~ is reserved at location C1
    Info (169125): Pin ~ALTERA_FLASH_nCE_nCSO~ is reserved at location D2
    Info (169125): Pin ~ALTERA_DCLK~ is reserved at location H1
    Info (169125): Pin ~ALTERA_DATA0~ is reserved at location H2
    Info (169125): Pin ~ALTERA_nCEO~ is reserved at location F16
Warning (15714): Some pins have incomplete I/O assignments. Refer to the I/O Assignment Warnings report for details
Critical Warning (169085): No exact pin location assignment(s) for 79 pins of 79 total pins. For the list of pins please refer to the I/O Assignment Warnings table in the fitter report.
Warning (335093): The Timing Analyzer is analyzing 2448 combinational loops as latches. For more details, run the Check Timing command in the Timing Analyzer or view the "User-Specified and Inferred Latches" table in the Analysis & Synthesis report.
Critical Warning (332012): Synopsys Design Constraints File file not found: 'projectML.sdc'. A Synopsys Design Constraints File is required by the Timing Analyzer to get proper timing constraints. Without it, the Compiler will not properly optimize the design.
Info (332144): No user constrained base clocks found in the design
Info (332143): No user constrained clock uncertainty found in the design. Calling "derive_clock_uncertainty"
Info (332123): Deriving Clock Uncertainty. Please refer to report_sdc in the Timing Analyzer to see clock uncertainties.
Info (332130): Timing requirements not specified -- quality metrics such as performance may be sacrificed to reduce compilation time.
Info (176353): Automatically promoted node clk~input (placed in PIN E1 (CLK1, DIFFCLK_0n)) File: D:/verilogProject/projectML/projectML/ff_network.sv Line: 32
    Info (176355): Automatically promoted destinations to use location or clock signal Global Clock CLKCTRL_G2
Info (176353): Automatically promoted node manager:manager_inst|wr  File: D:/verilogProject/projectML/projectML/manager.sv Line: 38
    Info (176355): Automatically promoted destinations to use location or clock signal Global Clock
    Info (176356): Following destination nodes may be non-global or may not use global or regional clocks
        Info (176357): Destination node manager:manager_inst|Selector2680~0 File: D:/verilogProject/projectML/projectML/manager.sv Line: 199
Info (176353): Automatically promoted node reset~input (placed in PIN M2 (CLK2, DIFFCLK_1p)) File: D:/verilogProject/projectML/projectML/ff_network.sv Line: 32
    Info (176355): Automatically promoted destinations to use location or clock signal Global Clock CLKCTRL_G4
    Info (176356): Following destination nodes may be non-global or may not use global or regional clocks
        Info (176357): Destination node manager:manager_inst|out_d[0] File: D:/verilogProject/projectML/projectML/manager.sv Line: 199
        Info (176357): Destination node manager:manager_inst|out_d[1] File: D:/verilogProject/projectML/projectML/manager.sv Line: 199
        Info (176357): Destination node manager:manager_inst|out_d[2] File: D:/verilogProject/projectML/projectML/manager.sv Line: 199
        Info (176357): Destination node manager:manager_inst|out_d[3] File: D:/verilogProject/projectML/projectML/manager.sv Line: 199
        Info (176357): Destination node manager:manager_inst|out_d[4] File: D:/verilogProject/projectML/projectML/manager.sv Line: 199
        Info (176357): Destination node manager:manager_inst|out_d[5] File: D:/verilogProject/projectML/projectML/manager.sv Line: 199
        Info (176357): Destination node manager:manager_inst|out_d[6] File: D:/verilogProject/projectML/projectML/manager.sv Line: 199
        Info (176357): Destination node manager:manager_inst|out_d[7] File: D:/verilogProject/projectML/projectML/manager.sv Line: 199
        Info (176357): Destination node manager:manager_inst|out_d[8] File: D:/verilogProject/projectML/projectML/manager.sv Line: 199
        Info (176357): Destination node manager:manager_inst|out_d[9] File: D:/verilogProject/projectML/projectML/manager.sv Line: 199
        Info (176358): Non-global destination nodes limited to 10 nodes
Info (176233): Starting register packing
Info (176235): Finished register packing
    Extra Info (176219): No registers were packed into other blocks
Info (176214): Statistics of I/O pins that need to be placed that use the same VCCIO and VREF, before I/O pin placement
    Info (176211): Number of I/O pins in group: 77 (unused VREF, 2.5V VCCIO, 43 input, 34 output, 0 bidirectional)
        Info (176212): I/O standards used: 2.5 V.
Info (176215): I/O bank details before I/O pin placement
    Info (176214): Statistics of I/O banks
        Info (176213): I/O bank number 1 does not use VREF pins and has undetermined VCCIO pins. 5 total pin(s) used --  12 pins available
        Info (176213): I/O bank number 2 does not use VREF pins and has undetermined VCCIO pins. 1 total pin(s) used --  18 pins available
        Info (176213): I/O bank number 3 does not use VREF pins and has undetermined VCCIO pins. 0 total pin(s) used --  26 pins available
        Info (176213): I/O bank number 4 does not use VREF pins and has undetermined VCCIO pins. 0 total pin(s) used --  27 pins available
        Info (176213): I/O bank number 5 does not use VREF pins and has undetermined VCCIO pins. 0 total pin(s) used --  25 pins available
        Info (176213): I/O bank number 6 does not use VREF pins and has undetermined VCCIO pins. 1 total pin(s) used --  13 pins available
        Info (176213): I/O bank number 7 does not use VREF pins and has undetermined VCCIO pins. 0 total pin(s) used --  26 pins available
        Info (176213): I/O bank number 8 does not use VREF pins and has undetermined VCCIO pins. 0 total pin(s) used --  26 pins available
Warning (15705): Ignored locations or region assignments to the following nodes
    Warning (15706): Node "clk_clk" is assigned to location or region, but does not exist in design
    Warning (15706): Node "reset_reset_n" is assigned to location or region, but does not exist in design
    Warning (15706): Node "uart_rxd" is assigned to location or region, but does not exist in design
    Warning (15706): Node "uart_txd" is assigned to location or region, but does not exist in design
Info (171121): Fitter preparation operations ending: elapsed time is 00:00:09
Info (14896): Fitter has disabled Advanced Physical Optimization because it is not supported for the current family.
Info (170189): Fitter placement preparation operations beginning
Error (170011): Design contains 15043 blocks of type combinational node.  However, the device contains only 10320 blocks.
Info (170190): Fitter placement preparation operations ending: elapsed time is 00:00:02
Info (11888): Total time spent on timing analysis during the Fitter is 0.47 seconds.
Warning (171167): Found invalid Fitter assignments. See the Ignored Assignments panel in the Fitter Compilation Report for more information.
Error (171000): Can't fit design in device
Info (144001): Generated suppressed messages file D:/verilogProject/projectML/projectML/output_files/projectML.fit.smsg
Error: Quartus Prime Fitter was unsuccessful. 2 errors, 12 warnings
    Error: Peak virtual memory: 5944 megabytes
    Error: Processing ended: Sun Mar 30 11:58:02 2025
    Error: Elapsed time: 00:00:26
    Error: Total CPU time (on all processors): 00:00:27


+----------------------------+
; Fitter Suppressed Messages ;
+----------------------------+
The suppressed messages can be found in D:/verilogProject/projectML/projectML/output_files/projectML.fit.smsg.


