Analysis & Synthesis report for projectML
Fri May 16 19:08:25 2025
Quartus Prime Version 18.1.0 Build 625 09/12/2018 SJ Lite Edition


---------------------
; Table of Contents ;
---------------------
  1. Legal Notice
  2. Analysis & Synthesis Summary
  3. Analysis & Synthesis Settings
  4. Parallel Compilation
  5. Analysis & Synthesis Source Files Read
  6. Analysis & Synthesis Resource Usage Summary
  7. Analysis & Synthesis Resource Utilization by Entity
  8. User-Specified and Inferred Latches
  9. Registers Removed During Synthesis
 10. General Register Statistics
 11. Parameter Settings for User Entity Instance: Top-level Entity: |layer
 12. Parameter Settings for User Entity Instance: twos_compleme:loop_k[0].loop_m[0].tc
 13. Parameter Settings for User Entity Instance: twos_compleme:loop_k[0].loop_m[1].tc
 14. Parameter Settings for User Entity Instance: twos_compleme:loop_k[1].loop_m[0].tc
 15. Parameter Settings for User Entity Instance: twos_compleme:loop_k[1].loop_m[1].tc
 16. Parameter Settings for User Entity Instance: sigmoid:loop_l[0].sigm_inst_o
 17. Parameter Settings for User Entity Instance: sigmoid:loop_l[1].sigm_inst_o
 18. Parameter Settings for Inferred Entity Instance: lpm_mult:Mult1
 19. Parameter Settings for Inferred Entity Instance: lpm_mult:Mult0
 20. Parameter Settings for Inferred Entity Instance: lpm_mult:Mult3
 21. Parameter Settings for Inferred Entity Instance: lpm_mult:Mult2
 22. lpm_mult Parameter Settings by Entity Instance
 23. Port Connectivity Checks: "twos_compleme:loop_k[1].loop_m[1].tc"
 24. Port Connectivity Checks: "twos_compleme:loop_k[1].loop_m[0].tc"
 25. Port Connectivity Checks: "twos_compleme:loop_k[0].loop_m[1].tc"
 26. Port Connectivity Checks: "twos_compleme:loop_k[0].loop_m[0].tc"
 27. Post-Synthesis Netlist Statistics for Top Partition
 28. Elapsed Time Per Partition
 29. Analysis & Synthesis Messages



----------------
; Legal Notice ;
----------------
Copyright (C) 2018  Intel Corporation. All rights reserved.
Your use of Intel Corporation's design tools, logic functions 
and other software and tools, and its AMPP partner logic 
functions, and any output files from any of the foregoing 
(including device programming or simulation files), and any 
associated documentation or information are expressly subject 
to the terms and conditions of the Intel Program License 
Subscription Agreement, the Intel Quartus Prime License Agreement,
the Intel FPGA IP License Agreement, or other applicable license
agreement, including, without limitation, that your use is for
the sole purpose of programming logic devices manufactured by
Intel and sold by Intel or its authorized distributors.  Please
refer to the applicable agreement for further details.



+----------------------------------------------------------------------------------+
; Analysis & Synthesis Summary                                                     ;
+------------------------------------+---------------------------------------------+
; Analysis & Synthesis Status        ; Successful - Fri May 16 19:08:25 2025       ;
; Quartus Prime Version              ; 18.1.0 Build 625 09/12/2018 SJ Lite Edition ;
; Revision Name                      ; projectML                                   ;
; Top-level Entity Name              ; layer                                       ;
; Family                             ; Cyclone IV E                                ;
; Total logic elements               ; 1,171                                       ;
;     Total combinational functions  ; 1,171                                       ;
;     Dedicated logic registers      ; 52                                          ;
; Total registers                    ; 52                                          ;
; Total pins                         ; 58                                          ;
; Total virtual pins                 ; 0                                           ;
; Total memory bits                  ; 0                                           ;
; Embedded Multiplier 9-bit elements ; 0                                           ;
; Total PLLs                         ; 0                                           ;
+------------------------------------+---------------------------------------------+


+------------------------------------------------------------------------------------------------------------+
; Analysis & Synthesis Settings                                                                              ;
+------------------------------------------------------------------+--------------------+--------------------+
; Option                                                           ; Setting            ; Default Value      ;
+------------------------------------------------------------------+--------------------+--------------------+
; Device                                                           ; EP4CE10F17C8       ;                    ;
; Top-level entity name                                            ; layer              ; projectML          ;
; Family name                                                      ; Cyclone IV E       ; Cyclone V          ;
; Use smart compilation                                            ; Off                ; Off                ;
; Enable parallel Assembler and Timing Analyzer during compilation ; On                 ; On                 ;
; Enable compact report table                                      ; Off                ; Off                ;
; Restructure Multiplexers                                         ; Auto               ; Auto               ;
; Create Debugging Nodes for IP Cores                              ; Off                ; Off                ;
; Preserve fewer node names                                        ; On                 ; On                 ;
; Intel FPGA IP Evaluation Mode                                    ; Enable             ; Enable             ;
; Verilog Version                                                  ; Verilog_2001       ; Verilog_2001       ;
; VHDL Version                                                     ; VHDL_1993          ; VHDL_1993          ;
; State Machine Processing                                         ; Auto               ; Auto               ;
; Safe State Machine                                               ; Off                ; Off                ;
; Extract Verilog State Machines                                   ; On                 ; On                 ;
; Extract VHDL State Machines                                      ; On                 ; On                 ;
; Ignore Verilog initial constructs                                ; Off                ; Off                ;
; Iteration limit for constant Verilog loops                       ; 5000               ; 5000               ;
; Iteration limit for non-constant Verilog loops                   ; 250                ; 250                ;
; Add Pass-Through Logic to Inferred RAMs                          ; On                 ; On                 ;
; Infer RAMs from Raw Logic                                        ; On                 ; On                 ;
; Parallel Synthesis                                               ; On                 ; On                 ;
; DSP Block Balancing                                              ; Auto               ; Auto               ;
; NOT Gate Push-Back                                               ; On                 ; On                 ;
; Power-Up Don't Care                                              ; On                 ; On                 ;
; Remove Redundant Logic Cells                                     ; Off                ; Off                ;
; Remove Duplicate Registers                                       ; On                 ; On                 ;
; Ignore CARRY Buffers                                             ; Off                ; Off                ;
; Ignore CASCADE Buffers                                           ; Off                ; Off                ;
; Ignore GLOBAL Buffers                                            ; Off                ; Off                ;
; Ignore ROW GLOBAL Buffers                                        ; Off                ; Off                ;
; Ignore LCELL Buffers                                             ; Off                ; Off                ;
; Ignore SOFT Buffers                                              ; On                 ; On                 ;
; Limit AHDL Integers to 32 Bits                                   ; Off                ; Off                ;
; Optimization Technique                                           ; Balanced           ; Balanced           ;
; Carry Chain Length                                               ; 70                 ; 70                 ;
; Auto Carry Chains                                                ; On                 ; On                 ;
; Auto Open-Drain Pins                                             ; On                 ; On                 ;
; Perform WYSIWYG Primitive Resynthesis                            ; Off                ; Off                ;
; Auto ROM Replacement                                             ; On                 ; On                 ;
; Auto RAM Replacement                                             ; On                 ; On                 ;
; Auto DSP Block Replacement                                       ; On                 ; On                 ;
; Auto Shift Register Replacement                                  ; Auto               ; Auto               ;
; Allow Shift Register Merging across Hierarchies                  ; Auto               ; Auto               ;
; Auto Clock Enable Replacement                                    ; On                 ; On                 ;
; Strict RAM Replacement                                           ; Off                ; Off                ;
; Allow Synchronous Control Signals                                ; On                 ; On                 ;
; Force Use of Synchronous Clear Signals                           ; Off                ; Off                ;
; Auto RAM Block Balancing                                         ; On                 ; On                 ;
; Auto RAM to Logic Cell Conversion                                ; Off                ; Off                ;
; Auto Resource Sharing                                            ; Off                ; Off                ;
; Allow Any RAM Size For Recognition                               ; Off                ; Off                ;
; Allow Any ROM Size For Recognition                               ; Off                ; Off                ;
; Allow Any Shift Register Size For Recognition                    ; Off                ; Off                ;
; Use LogicLock Constraints during Resource Balancing              ; On                 ; On                 ;
; Ignore translate_off and synthesis_off directives                ; Off                ; Off                ;
; Timing-Driven Synthesis                                          ; On                 ; On                 ;
; Report Parameter Settings                                        ; On                 ; On                 ;
; Report Source Assignments                                        ; On                 ; On                 ;
; Report Connectivity Checks                                       ; On                 ; On                 ;
; Ignore Maximum Fan-Out Assignments                               ; Off                ; Off                ;
; Synchronization Register Chain Length                            ; 2                  ; 2                  ;
; Power Optimization During Synthesis                              ; Normal compilation ; Normal compilation ;
; HDL message level                                                ; Level2             ; Level2             ;
; Suppress Register Optimization Related Messages                  ; Off                ; Off                ;
; Number of Removed Registers Reported in Synthesis Report         ; 5000               ; 5000               ;
; Number of Swept Nodes Reported in Synthesis Report               ; 5000               ; 5000               ;
; Number of Inverted Registers Reported in Synthesis Report        ; 100                ; 100                ;
; Clock MUX Protection                                             ; On                 ; On                 ;
; Auto Gated Clock Conversion                                      ; Off                ; Off                ;
; Block Design Naming                                              ; Auto               ; Auto               ;
; SDC constraint protection                                        ; Off                ; Off                ;
; Synthesis Effort                                                 ; Auto               ; Auto               ;
; Shift Register Replacement - Allow Asynchronous Clear Signal     ; On                 ; On                 ;
; Pre-Mapping Resynthesis Optimization                             ; Off                ; Off                ;
; Analysis & Synthesis Message Level                               ; Medium             ; Medium             ;
; Disable Register Merging Across Hierarchies                      ; Auto               ; Auto               ;
; Resource Aware Inference For Block RAM                           ; On                 ; On                 ;
+------------------------------------------------------------------+--------------------+--------------------+


+------------------------------------------+
; Parallel Compilation                     ;
+----------------------------+-------------+
; Processors                 ; Number      ;
+----------------------------+-------------+
; Number detected on machine ; 16          ;
; Maximum allowed            ; 16          ;
;                            ;             ;
; Average used               ; 1.00        ;
; Maximum used               ; 16          ;
;                            ;             ;
; Usage by Processor         ; % Time Used ;
;     Processor 1            ; 100.0%      ;
;     Processor 2            ;   0.0%      ;
;     Processor 3            ;   0.0%      ;
;     Processor 4            ;   0.0%      ;
;     Processor 5            ;   0.0%      ;
;     Processor 6            ;   0.0%      ;
;     Processor 7            ;   0.0%      ;
;     Processor 8            ;   0.0%      ;
;     Processors 9-16        ;   0.0%      ;
+----------------------------+-------------+


+------------------------------------------------------------------------------------------------------------------------------------------------------------------------------+
; Analysis & Synthesis Source Files Read                                                                                                                                       ;
+----------------------------------+-----------------+------------------------------+--------------------------------------------------------------------------------+---------+
; File Name with User-Entered Path ; Used in Netlist ; File Type                    ; File Name with Absolute Path                                                   ; Library ;
+----------------------------------+-----------------+------------------------------+--------------------------------------------------------------------------------+---------+
; layer.sv                         ; yes             ; User SystemVerilog HDL File  ; D:/verilogProject/projectML/projectML/layer.sv                                 ;         ;
; sigmoid.sv                       ; yes             ; User SystemVerilog HDL File  ; D:/verilogProject/projectML/projectML/sigmoid.sv                               ;         ;
; twos_compleme.sv                 ; yes             ; User SystemVerilog HDL File  ; D:/verilogProject/projectML/projectML/twos_compleme.sv                         ;         ;
; snum.txt                         ; yes             ; Auto-Found File              ; D:/verilogProject/projectML/projectML/snum.txt                                 ;         ;
; lpm_mult.tdf                     ; yes             ; Megafunction                 ; d:/intelfpga_lite/18.1/quartus/libraries/megafunctions/lpm_mult.tdf            ;         ;
; aglobal181.inc                   ; yes             ; Megafunction                 ; d:/intelfpga_lite/18.1/quartus/libraries/megafunctions/aglobal181.inc          ;         ;
; lpm_add_sub.inc                  ; yes             ; Megafunction                 ; d:/intelfpga_lite/18.1/quartus/libraries/megafunctions/lpm_add_sub.inc         ;         ;
; multcore.inc                     ; yes             ; Megafunction                 ; d:/intelfpga_lite/18.1/quartus/libraries/megafunctions/multcore.inc            ;         ;
; bypassff.inc                     ; yes             ; Megafunction                 ; d:/intelfpga_lite/18.1/quartus/libraries/megafunctions/bypassff.inc            ;         ;
; altshift.inc                     ; yes             ; Megafunction                 ; d:/intelfpga_lite/18.1/quartus/libraries/megafunctions/altshift.inc            ;         ;
; multcore.tdf                     ; yes             ; Megafunction                 ; d:/intelfpga_lite/18.1/quartus/libraries/megafunctions/multcore.tdf            ;         ;
; csa_add.inc                      ; yes             ; Megafunction                 ; d:/intelfpga_lite/18.1/quartus/libraries/megafunctions/csa_add.inc             ;         ;
; mpar_add.inc                     ; yes             ; Megafunction                 ; d:/intelfpga_lite/18.1/quartus/libraries/megafunctions/mpar_add.inc            ;         ;
; muleabz.inc                      ; yes             ; Megafunction                 ; d:/intelfpga_lite/18.1/quartus/libraries/megafunctions/muleabz.inc             ;         ;
; mul_lfrg.inc                     ; yes             ; Megafunction                 ; d:/intelfpga_lite/18.1/quartus/libraries/megafunctions/mul_lfrg.inc            ;         ;
; mul_boothc.inc                   ; yes             ; Megafunction                 ; d:/intelfpga_lite/18.1/quartus/libraries/megafunctions/mul_boothc.inc          ;         ;
; alt_ded_mult.inc                 ; yes             ; Megafunction                 ; d:/intelfpga_lite/18.1/quartus/libraries/megafunctions/alt_ded_mult.inc        ;         ;
; alt_ded_mult_y.inc               ; yes             ; Megafunction                 ; d:/intelfpga_lite/18.1/quartus/libraries/megafunctions/alt_ded_mult_y.inc      ;         ;
; dffpipe.inc                      ; yes             ; Megafunction                 ; d:/intelfpga_lite/18.1/quartus/libraries/megafunctions/dffpipe.inc             ;         ;
; mpar_add.tdf                     ; yes             ; Megafunction                 ; d:/intelfpga_lite/18.1/quartus/libraries/megafunctions/mpar_add.tdf            ;         ;
; lpm_add_sub.tdf                  ; yes             ; Megafunction                 ; d:/intelfpga_lite/18.1/quartus/libraries/megafunctions/lpm_add_sub.tdf         ;         ;
; addcore.inc                      ; yes             ; Megafunction                 ; d:/intelfpga_lite/18.1/quartus/libraries/megafunctions/addcore.inc             ;         ;
; look_add.inc                     ; yes             ; Megafunction                 ; d:/intelfpga_lite/18.1/quartus/libraries/megafunctions/look_add.inc            ;         ;
; alt_stratix_add_sub.inc          ; yes             ; Megafunction                 ; d:/intelfpga_lite/18.1/quartus/libraries/megafunctions/alt_stratix_add_sub.inc ;         ;
; db/add_sub_vch.tdf               ; yes             ; Auto-Generated Megafunction  ; D:/verilogProject/projectML/projectML/db/add_sub_vch.tdf                       ;         ;
; db/add_sub_0dh.tdf               ; yes             ; Auto-Generated Megafunction  ; D:/verilogProject/projectML/projectML/db/add_sub_0dh.tdf                       ;         ;
; altshift.tdf                     ; yes             ; Megafunction                 ; d:/intelfpga_lite/18.1/quartus/libraries/megafunctions/altshift.tdf            ;         ;
+----------------------------------+-----------------+------------------------------+--------------------------------------------------------------------------------+---------+


+------------------------------------------------------------------+
; Analysis & Synthesis Resource Usage Summary                      ;
+---------------------------------------------+--------------------+
; Resource                                    ; Usage              ;
+---------------------------------------------+--------------------+
; Estimated Total logic elements              ; 1,171              ;
;                                             ;                    ;
; Total combinational functions               ; 1171               ;
; Logic element usage by number of LUT inputs ;                    ;
;     -- 4 input functions                    ; 762                ;
;     -- 3 input functions                    ; 254                ;
;     -- <=2 input functions                  ; 155                ;
;                                             ;                    ;
; Logic elements by mode                      ;                    ;
;     -- normal mode                          ; 1019               ;
;     -- arithmetic mode                      ; 152                ;
;                                             ;                    ;
; Total registers                             ; 52                 ;
;     -- Dedicated logic registers            ; 52                 ;
;     -- I/O registers                        ; 0                  ;
;                                             ;                    ;
; I/O pins                                    ; 58                 ;
;                                             ;                    ;
; Embedded Multiplier 9-bit elements          ; 0                  ;
;                                             ;                    ;
; Maximum fan-out node                        ; sum_mult[0][13]~16 ;
; Maximum fan-out                             ; 149                ;
; Total fan-out                               ; 4282               ;
; Average fan-out                             ; 3.20               ;
+---------------------------------------------+--------------------+


+------------------------------------------------------------------------------------------------------------------------------------------------------------------------------------------------------------------------------------------------------------------------------------------------------------------+
; Analysis & Synthesis Resource Utilization by Entity                                                                                                                                                                                                                                                              ;
+---------------------------------------------+---------------------+---------------------------+-------------+--------------+---------+-----------+------+--------------+----------------------------------------------------------------------------------------------------------+---------------+--------------+
; Compilation Hierarchy Node                  ; Combinational ALUTs ; Dedicated Logic Registers ; Memory Bits ; DSP Elements ; DSP 9x9 ; DSP 18x18 ; Pins ; Virtual Pins ; Full Hierarchy Name                                                                                      ; Entity Name   ; Library Name ;
+---------------------------------------------+---------------------+---------------------------+-------------+--------------+---------+-----------+------+--------------+----------------------------------------------------------------------------------------------------------+---------------+--------------+
; |layer                                      ; 1171 (50)           ; 52 (0)                    ; 0           ; 0            ; 0       ; 0         ; 58   ; 0            ; |layer                                                                                                   ; layer         ; work         ;
;    |lpm_mult:Mult0|                         ; 37 (0)              ; 0 (0)                     ; 0           ; 0            ; 0       ; 0         ; 0    ; 0            ; |layer|lpm_mult:Mult0                                                                                    ; lpm_mult      ; work         ;
;       |multcore:mult_core|                  ; 37 (27)             ; 0 (0)                     ; 0           ; 0            ; 0       ; 0         ; 0    ; 0            ; |layer|lpm_mult:Mult0|multcore:mult_core                                                                 ; multcore      ; work         ;
;          |mpar_add:padder|                  ; 10 (0)              ; 0 (0)                     ; 0           ; 0            ; 0       ; 0         ; 0    ; 0            ; |layer|lpm_mult:Mult0|multcore:mult_core|mpar_add:padder                                                 ; mpar_add      ; work         ;
;             |lpm_add_sub:adder[0]|          ; 10 (0)              ; 0 (0)                     ; 0           ; 0            ; 0       ; 0         ; 0    ; 0            ; |layer|lpm_mult:Mult0|multcore:mult_core|mpar_add:padder|lpm_add_sub:adder[0]                            ; lpm_add_sub   ; work         ;
;                |add_sub_vch:auto_generated| ; 10 (10)             ; 0 (0)                     ; 0           ; 0            ; 0       ; 0         ; 0    ; 0            ; |layer|lpm_mult:Mult0|multcore:mult_core|mpar_add:padder|lpm_add_sub:adder[0]|add_sub_vch:auto_generated ; add_sub_vch   ; work         ;
;    |lpm_mult:Mult1|                         ; 37 (0)              ; 0 (0)                     ; 0           ; 0            ; 0       ; 0         ; 0    ; 0            ; |layer|lpm_mult:Mult1                                                                                    ; lpm_mult      ; work         ;
;       |multcore:mult_core|                  ; 37 (27)             ; 0 (0)                     ; 0           ; 0            ; 0       ; 0         ; 0    ; 0            ; |layer|lpm_mult:Mult1|multcore:mult_core                                                                 ; multcore      ; work         ;
;          |mpar_add:padder|                  ; 10 (0)              ; 0 (0)                     ; 0           ; 0            ; 0       ; 0         ; 0    ; 0            ; |layer|lpm_mult:Mult1|multcore:mult_core|mpar_add:padder                                                 ; mpar_add      ; work         ;
;             |lpm_add_sub:adder[0]|          ; 10 (0)              ; 0 (0)                     ; 0           ; 0            ; 0       ; 0         ; 0    ; 0            ; |layer|lpm_mult:Mult1|multcore:mult_core|mpar_add:padder|lpm_add_sub:adder[0]                            ; lpm_add_sub   ; work         ;
;                |add_sub_vch:auto_generated| ; 10 (10)             ; 0 (0)                     ; 0           ; 0            ; 0       ; 0         ; 0    ; 0            ; |layer|lpm_mult:Mult1|multcore:mult_core|mpar_add:padder|lpm_add_sub:adder[0]|add_sub_vch:auto_generated ; add_sub_vch   ; work         ;
;    |lpm_mult:Mult2|                         ; 37 (0)              ; 0 (0)                     ; 0           ; 0            ; 0       ; 0         ; 0    ; 0            ; |layer|lpm_mult:Mult2                                                                                    ; lpm_mult      ; work         ;
;       |multcore:mult_core|                  ; 37 (27)             ; 0 (0)                     ; 0           ; 0            ; 0       ; 0         ; 0    ; 0            ; |layer|lpm_mult:Mult2|multcore:mult_core                                                                 ; multcore      ; work         ;
;          |mpar_add:padder|                  ; 10 (0)              ; 0 (0)                     ; 0           ; 0            ; 0       ; 0         ; 0    ; 0            ; |layer|lpm_mult:Mult2|multcore:mult_core|mpar_add:padder                                                 ; mpar_add      ; work         ;
;             |lpm_add_sub:adder[0]|          ; 10 (0)              ; 0 (0)                     ; 0           ; 0            ; 0       ; 0         ; 0    ; 0            ; |layer|lpm_mult:Mult2|multcore:mult_core|mpar_add:padder|lpm_add_sub:adder[0]                            ; lpm_add_sub   ; work         ;
;                |add_sub_vch:auto_generated| ; 10 (10)             ; 0 (0)                     ; 0           ; 0            ; 0       ; 0         ; 0    ; 0            ; |layer|lpm_mult:Mult2|multcore:mult_core|mpar_add:padder|lpm_add_sub:adder[0]|add_sub_vch:auto_generated ; add_sub_vch   ; work         ;
;    |lpm_mult:Mult3|                         ; 37 (0)              ; 0 (0)                     ; 0           ; 0            ; 0       ; 0         ; 0    ; 0            ; |layer|lpm_mult:Mult3                                                                                    ; lpm_mult      ; work         ;
;       |multcore:mult_core|                  ; 37 (27)             ; 0 (0)                     ; 0           ; 0            ; 0       ; 0         ; 0    ; 0            ; |layer|lpm_mult:Mult3|multcore:mult_core                                                                 ; multcore      ; work         ;
;          |mpar_add:padder|                  ; 10 (0)              ; 0 (0)                     ; 0           ; 0            ; 0       ; 0         ; 0    ; 0            ; |layer|lpm_mult:Mult3|multcore:mult_core|mpar_add:padder                                                 ; mpar_add      ; work         ;
;             |lpm_add_sub:adder[0]|          ; 10 (0)              ; 0 (0)                     ; 0           ; 0            ; 0       ; 0         ; 0    ; 0            ; |layer|lpm_mult:Mult3|multcore:mult_core|mpar_add:padder|lpm_add_sub:adder[0]                            ; lpm_add_sub   ; work         ;
;                |add_sub_vch:auto_generated| ; 10 (10)             ; 0 (0)                     ; 0           ; 0            ; 0       ; 0         ; 0    ; 0            ; |layer|lpm_mult:Mult3|multcore:mult_core|mpar_add:padder|lpm_add_sub:adder[0]|add_sub_vch:auto_generated ; add_sub_vch   ; work         ;
;    |sigmoid:loop_l[0].sigm_inst_o|          ; 436 (436)           ; 0 (0)                     ; 0           ; 0            ; 0       ; 0         ; 0    ; 0            ; |layer|sigmoid:loop_l[0].sigm_inst_o                                                                     ; sigmoid       ; work         ;
;    |sigmoid:loop_l[1].sigm_inst_o|          ; 437 (437)           ; 0 (0)                     ; 0           ; 0            ; 0       ; 0         ; 0    ; 0            ; |layer|sigmoid:loop_l[1].sigm_inst_o                                                                     ; sigmoid       ; work         ;
;    |twos_compleme:loop_k[0].loop_m[0].tc|   ; 25 (25)             ; 13 (13)                   ; 0           ; 0            ; 0       ; 0         ; 0    ; 0            ; |layer|twos_compleme:loop_k[0].loop_m[0].tc                                                              ; twos_compleme ; work         ;
;    |twos_compleme:loop_k[0].loop_m[1].tc|   ; 25 (25)             ; 13 (13)                   ; 0           ; 0            ; 0       ; 0         ; 0    ; 0            ; |layer|twos_compleme:loop_k[0].loop_m[1].tc                                                              ; twos_compleme ; work         ;
;    |twos_compleme:loop_k[1].loop_m[0].tc|   ; 25 (25)             ; 13 (13)                   ; 0           ; 0            ; 0       ; 0         ; 0    ; 0            ; |layer|twos_compleme:loop_k[1].loop_m[0].tc                                                              ; twos_compleme ; work         ;
;    |twos_compleme:loop_k[1].loop_m[1].tc|   ; 25 (25)             ; 13 (13)                   ; 0           ; 0            ; 0       ; 0         ; 0    ; 0            ; |layer|twos_compleme:loop_k[1].loop_m[1].tc                                                              ; twos_compleme ; work         ;
+---------------------------------------------+---------------------+---------------------------+-------------+--------------+---------+-----------+------+--------------+----------------------------------------------------------------------------------------------------------+---------------+--------------+
Note: For table entries with two numbers listed, the numbers in parentheses indicate the number of resources of the given type used by the specific entity alone. The numbers listed outside of parentheses indicate the total resources of the given type used by the specific entity and all of its sub-entities in the hierarchy.


+----------------------------------------------------------------------------------------------------+
; User-Specified and Inferred Latches                                                                ;
+-----------------------------------------------------+---------------------+------------------------+
; Latch Name                                          ; Latch Enable Signal ; Free of Timing Hazards ;
+-----------------------------------------------------+---------------------+------------------------+
; w[1][3]                                             ; wr                  ; yes                    ;
; w[0][3]                                             ; wr                  ; yes                    ;
; w[3][3]                                             ; wr                  ; yes                    ;
; w[2][3]                                             ; wr                  ; yes                    ;
; w[1][2]                                             ; wr                  ; yes                    ;
; w[1][0]                                             ; wr                  ; yes                    ;
; w[0][2]                                             ; wr                  ; yes                    ;
; w[0][0]                                             ; wr                  ; yes                    ;
; w[3][2]                                             ; wr                  ; yes                    ;
; w[3][0]                                             ; wr                  ; yes                    ;
; w[2][2]                                             ; wr                  ; yes                    ;
; w[2][0]                                             ; wr                  ; yes                    ;
; w[1][1]                                             ; wr                  ; yes                    ;
; w[0][1]                                             ; wr                  ; yes                    ;
; w[3][1]                                             ; wr                  ; yes                    ;
; w[2][1]                                             ; wr                  ; yes                    ;
; Number of user-specified and inferred latches = 16  ;                     ;                        ;
+-----------------------------------------------------+---------------------+------------------------+
Note: All latches listed above may not be present at the end of synthesis due to various synthesis optimizations.


+---------------------------------------------------------------------------------------------+
; Registers Removed During Synthesis                                                          ;
+----------------------------------------------------+----------------------------------------+
; Register name                                      ; Reason for Removal                     ;
+----------------------------------------------------+----------------------------------------+
; twos_compleme:loop_k[1].loop_m[1].tc|in_reg[12,13] ; Stuck at GND due to stuck port data_in ;
; twos_compleme:loop_k[1].loop_m[0].tc|in_reg[12,13] ; Stuck at GND due to stuck port data_in ;
; twos_compleme:loop_k[0].loop_m[1].tc|in_reg[12,13] ; Stuck at GND due to stuck port data_in ;
; twos_compleme:loop_k[0].loop_m[0].tc|in_reg[12,13] ; Stuck at GND due to stuck port data_in ;
; Total Number of Removed Registers = 8              ;                                        ;
+----------------------------------------------------+----------------------------------------+


+------------------------------------------------------+
; General Register Statistics                          ;
+----------------------------------------------+-------+
; Statistic                                    ; Value ;
+----------------------------------------------+-------+
; Total registers                              ; 52    ;
; Number of registers using Synchronous Clear  ; 0     ;
; Number of registers using Synchronous Load   ; 0     ;
; Number of registers using Asynchronous Clear ; 0     ;
; Number of registers using Asynchronous Load  ; 0     ;
; Number of registers using Clock Enable       ; 0     ;
; Number of registers using Preset             ; 0     ;
+----------------------------------------------+-------+


+-----------------------------------------------------------------------+
; Parameter Settings for User Entity Instance: Top-level Entity: |layer ;
+----------------+-------+----------------------------------------------+
; Parameter Name ; Value ; Type                                         ;
+----------------+-------+----------------------------------------------+
; LENGHT_I       ; 2     ; Signed Integer                               ;
; LENGHT_O       ; 2     ; Signed Integer                               ;
; WIDTH_W        ; 4     ; Signed Integer                               ;
; WIDTH_O        ; 10    ; Signed Integer                               ;
; WIDTH_I        ; 10    ; Signed Integer                               ;
; WIDTH_SM       ; 15    ; Signed Integer                               ;
; RANGE_SIGM     ; 1000  ; Signed Integer                               ;
; ZERO_NUM       ; -5    ; Signed Integer                               ;
; WIDTH_SIGM     ; 10    ; Signed Integer                               ;
+----------------+-------+----------------------------------------------+
Note: In order to hide this table in the UI and the text report file, please set the "Show Parameter Settings in Synthesis Report" option in "Analysis and Synthesis Settings -> More Settings" to "Off".


+-----------------------------------------------------------------------------------+
; Parameter Settings for User Entity Instance: twos_compleme:loop_k[0].loop_m[0].tc ;
+----------------+-------+----------------------------------------------------------+
; Parameter Name ; Value ; Type                                                     ;
+----------------+-------+----------------------------------------------------------+
; WIDTH_I        ; 10    ; Signed Integer                                           ;
; WIDTH_W        ; 4     ; Signed Integer                                           ;
+----------------+-------+----------------------------------------------------------+
Note: In order to hide this table in the UI and the text report file, please set the "Show Parameter Settings in Synthesis Report" option in "Analysis and Synthesis Settings -> More Settings" to "Off".


+-----------------------------------------------------------------------------------+
; Parameter Settings for User Entity Instance: twos_compleme:loop_k[0].loop_m[1].tc ;
+----------------+-------+----------------------------------------------------------+
; Parameter Name ; Value ; Type                                                     ;
+----------------+-------+----------------------------------------------------------+
; WIDTH_I        ; 10    ; Signed Integer                                           ;
; WIDTH_W        ; 4     ; Signed Integer                                           ;
+----------------+-------+----------------------------------------------------------+
Note: In order to hide this table in the UI and the text report file, please set the "Show Parameter Settings in Synthesis Report" option in "Analysis and Synthesis Settings -> More Settings" to "Off".


+-----------------------------------------------------------------------------------+
; Parameter Settings for User Entity Instance: twos_compleme:loop_k[1].loop_m[0].tc ;
+----------------+-------+----------------------------------------------------------+
; Parameter Name ; Value ; Type                                                     ;
+----------------+-------+----------------------------------------------------------+
; WIDTH_I        ; 10    ; Signed Integer                                           ;
; WIDTH_W        ; 4     ; Signed Integer                                           ;
+----------------+-------+----------------------------------------------------------+
Note: In order to hide this table in the UI and the text report file, please set the "Show Parameter Settings in Synthesis Report" option in "Analysis and Synthesis Settings -> More Settings" to "Off".


+-----------------------------------------------------------------------------------+
; Parameter Settings for User Entity Instance: twos_compleme:loop_k[1].loop_m[1].tc ;
+----------------+-------+----------------------------------------------------------+
; Parameter Name ; Value ; Type                                                     ;
+----------------+-------+----------------------------------------------------------+
; WIDTH_I        ; 10    ; Signed Integer                                           ;
; WIDTH_W        ; 4     ; Signed Integer                                           ;
+----------------+-------+----------------------------------------------------------+
Note: In order to hide this table in the UI and the text report file, please set the "Show Parameter Settings in Synthesis Report" option in "Analysis and Synthesis Settings -> More Settings" to "Off".


+----------------------------------------------------------------------------+
; Parameter Settings for User Entity Instance: sigmoid:loop_l[0].sigm_inst_o ;
+----------------+-------+---------------------------------------------------+
; Parameter Name ; Value ; Type                                              ;
+----------------+-------+---------------------------------------------------+
; RANGE          ; 1000  ; Signed Integer                                    ;
; WIDTH_I        ; 10    ; Signed Integer                                    ;
; WIDTH_O        ; 10    ; Signed Integer                                    ;
+----------------+-------+---------------------------------------------------+
Note: In order to hide this table in the UI and the text report file, please set the "Show Parameter Settings in Synthesis Report" option in "Analysis and Synthesis Settings -> More Settings" to "Off".


+----------------------------------------------------------------------------+
; Parameter Settings for User Entity Instance: sigmoid:loop_l[1].sigm_inst_o ;
+----------------+-------+---------------------------------------------------+
; Parameter Name ; Value ; Type                                              ;
+----------------+-------+---------------------------------------------------+
; RANGE          ; 1000  ; Signed Integer                                    ;
; WIDTH_I        ; 10    ; Signed Integer                                    ;
; WIDTH_O        ; 10    ; Signed Integer                                    ;
+----------------+-------+---------------------------------------------------+
Note: In order to hide this table in the UI and the text report file, please set the "Show Parameter Settings in Synthesis Report" option in "Analysis and Synthesis Settings -> More Settings" to "Off".


+-------------------------------------------------------------------------------------+
; Parameter Settings for Inferred Entity Instance: lpm_mult:Mult1                     ;
+------------------------------------------------+--------------+---------------------+
; Parameter Name                                 ; Value        ; Type                ;
+------------------------------------------------+--------------+---------------------+
; AUTO_CARRY_CHAINS                              ; ON           ; AUTO_CARRY          ;
; IGNORE_CARRY_BUFFERS                           ; OFF          ; IGNORE_CARRY        ;
; AUTO_CASCADE_CHAINS                            ; ON           ; AUTO_CASCADE        ;
; IGNORE_CASCADE_BUFFERS                         ; OFF          ; IGNORE_CASCADE      ;
; LPM_WIDTHA                                     ; 3            ; Untyped             ;
; LPM_WIDTHB                                     ; 9            ; Untyped             ;
; LPM_WIDTHP                                     ; 12           ; Untyped             ;
; LPM_WIDTHR                                     ; 12           ; Untyped             ;
; LPM_WIDTHS                                     ; 1            ; Untyped             ;
; LPM_REPRESENTATION                             ; UNSIGNED     ; Untyped             ;
; LPM_PIPELINE                                   ; 0            ; Untyped             ;
; LATENCY                                        ; 0            ; Untyped             ;
; INPUT_A_IS_CONSTANT                            ; NO           ; Untyped             ;
; INPUT_B_IS_CONSTANT                            ; NO           ; Untyped             ;
; USE_EAB                                        ; OFF          ; Untyped             ;
; MAXIMIZE_SPEED                                 ; 5            ; Untyped             ;
; DEVICE_FAMILY                                  ; Cyclone IV E ; Untyped             ;
; CARRY_CHAIN                                    ; MANUAL       ; Untyped             ;
; APEX20K_TECHNOLOGY_MAPPER                      ; LUT          ; TECH_MAPPER_APEX20K ;
; DEDICATED_MULTIPLIER_CIRCUITRY                 ; AUTO         ; Untyped             ;
; DEDICATED_MULTIPLIER_MIN_INPUT_WIDTH_FOR_AUTO  ; 0            ; Untyped             ;
; DEDICATED_MULTIPLIER_MIN_OUTPUT_WIDTH_FOR_AUTO ; 0            ; Untyped             ;
; CBXI_PARAMETER                                 ; NOTHING      ; Untyped             ;
; INPUT_A_FIXED_VALUE                            ; Bx           ; Untyped             ;
; INPUT_B_FIXED_VALUE                            ; Bx           ; Untyped             ;
; USE_AHDL_IMPLEMENTATION                        ; OFF          ; Untyped             ;
+------------------------------------------------+--------------+---------------------+
Note: In order to hide this table in the UI and the text report file, please set the "Show Parameter Settings in Synthesis Report" option in "Analysis and Synthesis Settings -> More Settings" to "Off".


+-------------------------------------------------------------------------------------+
; Parameter Settings for Inferred Entity Instance: lpm_mult:Mult0                     ;
+------------------------------------------------+--------------+---------------------+
; Parameter Name                                 ; Value        ; Type                ;
+------------------------------------------------+--------------+---------------------+
; AUTO_CARRY_CHAINS                              ; ON           ; AUTO_CARRY          ;
; IGNORE_CARRY_BUFFERS                           ; OFF          ; IGNORE_CARRY        ;
; AUTO_CASCADE_CHAINS                            ; ON           ; AUTO_CASCADE        ;
; IGNORE_CASCADE_BUFFERS                         ; OFF          ; IGNORE_CASCADE      ;
; LPM_WIDTHA                                     ; 3            ; Untyped             ;
; LPM_WIDTHB                                     ; 9            ; Untyped             ;
; LPM_WIDTHP                                     ; 12           ; Untyped             ;
; LPM_WIDTHR                                     ; 12           ; Untyped             ;
; LPM_WIDTHS                                     ; 1            ; Untyped             ;
; LPM_REPRESENTATION                             ; UNSIGNED     ; Untyped             ;
; LPM_PIPELINE                                   ; 0            ; Untyped             ;
; LATENCY                                        ; 0            ; Untyped             ;
; INPUT_A_IS_CONSTANT                            ; NO           ; Untyped             ;
; INPUT_B_IS_CONSTANT                            ; NO           ; Untyped             ;
; USE_EAB                                        ; OFF          ; Untyped             ;
; MAXIMIZE_SPEED                                 ; 5            ; Untyped             ;
; DEVICE_FAMILY                                  ; Cyclone IV E ; Untyped             ;
; CARRY_CHAIN                                    ; MANUAL       ; Untyped             ;
; APEX20K_TECHNOLOGY_MAPPER                      ; LUT          ; TECH_MAPPER_APEX20K ;
; DEDICATED_MULTIPLIER_CIRCUITRY                 ; AUTO         ; Untyped             ;
; DEDICATED_MULTIPLIER_MIN_INPUT_WIDTH_FOR_AUTO  ; 0            ; Untyped             ;
; DEDICATED_MULTIPLIER_MIN_OUTPUT_WIDTH_FOR_AUTO ; 0            ; Untyped             ;
; CBXI_PARAMETER                                 ; NOTHING      ; Untyped             ;
; INPUT_A_FIXED_VALUE                            ; Bx           ; Untyped             ;
; INPUT_B_FIXED_VALUE                            ; Bx           ; Untyped             ;
; USE_AHDL_IMPLEMENTATION                        ; OFF          ; Untyped             ;
+------------------------------------------------+--------------+---------------------+
Note: In order to hide this table in the UI and the text report file, please set the "Show Parameter Settings in Synthesis Report" option in "Analysis and Synthesis Settings -> More Settings" to "Off".


+-------------------------------------------------------------------------------------+
; Parameter Settings for Inferred Entity Instance: lpm_mult:Mult3                     ;
+------------------------------------------------+--------------+---------------------+
; Parameter Name                                 ; Value        ; Type                ;
+------------------------------------------------+--------------+---------------------+
; AUTO_CARRY_CHAINS                              ; ON           ; AUTO_CARRY          ;
; IGNORE_CARRY_BUFFERS                           ; OFF          ; IGNORE_CARRY        ;
; AUTO_CASCADE_CHAINS                            ; ON           ; AUTO_CASCADE        ;
; IGNORE_CASCADE_BUFFERS                         ; OFF          ; IGNORE_CASCADE      ;
; LPM_WIDTHA                                     ; 3            ; Untyped             ;
; LPM_WIDTHB                                     ; 9            ; Untyped             ;
; LPM_WIDTHP                                     ; 12           ; Untyped             ;
; LPM_WIDTHR                                     ; 12           ; Untyped             ;
; LPM_WIDTHS                                     ; 1            ; Untyped             ;
; LPM_REPRESENTATION                             ; UNSIGNED     ; Untyped             ;
; LPM_PIPELINE                                   ; 0            ; Untyped             ;
; LATENCY                                        ; 0            ; Untyped             ;
; INPUT_A_IS_CONSTANT                            ; NO           ; Untyped             ;
; INPUT_B_IS_CONSTANT                            ; NO           ; Untyped             ;
; USE_EAB                                        ; OFF          ; Untyped             ;
; MAXIMIZE_SPEED                                 ; 5            ; Untyped             ;
; DEVICE_FAMILY                                  ; Cyclone IV E ; Untyped             ;
; CARRY_CHAIN                                    ; MANUAL       ; Untyped             ;
; APEX20K_TECHNOLOGY_MAPPER                      ; LUT          ; TECH_MAPPER_APEX20K ;
; DEDICATED_MULTIPLIER_CIRCUITRY                 ; AUTO         ; Untyped             ;
; DEDICATED_MULTIPLIER_MIN_INPUT_WIDTH_FOR_AUTO  ; 0            ; Untyped             ;
; DEDICATED_MULTIPLIER_MIN_OUTPUT_WIDTH_FOR_AUTO ; 0            ; Untyped             ;
; CBXI_PARAMETER                                 ; NOTHING      ; Untyped             ;
; INPUT_A_FIXED_VALUE                            ; Bx           ; Untyped             ;
; INPUT_B_FIXED_VALUE                            ; Bx           ; Untyped             ;
; USE_AHDL_IMPLEMENTATION                        ; OFF          ; Untyped             ;
+------------------------------------------------+--------------+---------------------+
Note: In order to hide this table in the UI and the text report file, please set the "Show Parameter Settings in Synthesis Report" option in "Analysis and Synthesis Settings -> More Settings" to "Off".


+-------------------------------------------------------------------------------------+
; Parameter Settings for Inferred Entity Instance: lpm_mult:Mult2                     ;
+------------------------------------------------+--------------+---------------------+
; Parameter Name                                 ; Value        ; Type                ;
+------------------------------------------------+--------------+---------------------+
; AUTO_CARRY_CHAINS                              ; ON           ; AUTO_CARRY          ;
; IGNORE_CARRY_BUFFERS                           ; OFF          ; IGNORE_CARRY        ;
; AUTO_CASCADE_CHAINS                            ; ON           ; AUTO_CASCADE        ;
; IGNORE_CASCADE_BUFFERS                         ; OFF          ; IGNORE_CASCADE      ;
; LPM_WIDTHA                                     ; 3            ; Untyped             ;
; LPM_WIDTHB                                     ; 9            ; Untyped             ;
; LPM_WIDTHP                                     ; 12           ; Untyped             ;
; LPM_WIDTHR                                     ; 12           ; Untyped             ;
; LPM_WIDTHS                                     ; 1            ; Untyped             ;
; LPM_REPRESENTATION                             ; UNSIGNED     ; Untyped             ;
; LPM_PIPELINE                                   ; 0            ; Untyped             ;
; LATENCY                                        ; 0            ; Untyped             ;
; INPUT_A_IS_CONSTANT                            ; NO           ; Untyped             ;
; INPUT_B_IS_CONSTANT                            ; NO           ; Untyped             ;
; USE_EAB                                        ; OFF          ; Untyped             ;
; MAXIMIZE_SPEED                                 ; 5            ; Untyped             ;
; DEVICE_FAMILY                                  ; Cyclone IV E ; Untyped             ;
; CARRY_CHAIN                                    ; MANUAL       ; Untyped             ;
; APEX20K_TECHNOLOGY_MAPPER                      ; LUT          ; TECH_MAPPER_APEX20K ;
; DEDICATED_MULTIPLIER_CIRCUITRY                 ; AUTO         ; Untyped             ;
; DEDICATED_MULTIPLIER_MIN_INPUT_WIDTH_FOR_AUTO  ; 0            ; Untyped             ;
; DEDICATED_MULTIPLIER_MIN_OUTPUT_WIDTH_FOR_AUTO ; 0            ; Untyped             ;
; CBXI_PARAMETER                                 ; NOTHING      ; Untyped             ;
; INPUT_A_FIXED_VALUE                            ; Bx           ; Untyped             ;
; INPUT_B_FIXED_VALUE                            ; Bx           ; Untyped             ;
; USE_AHDL_IMPLEMENTATION                        ; OFF          ; Untyped             ;
+------------------------------------------------+--------------+---------------------+
Note: In order to hide this table in the UI and the text report file, please set the "Show Parameter Settings in Synthesis Report" option in "Analysis and Synthesis Settings -> More Settings" to "Off".


+--------------------------------------------------------+
; lpm_mult Parameter Settings by Entity Instance         ;
+---------------------------------------+----------------+
; Name                                  ; Value          ;
+---------------------------------------+----------------+
; Number of entity instances            ; 4              ;
; Entity Instance                       ; lpm_mult:Mult1 ;
;     -- LPM_WIDTHA                     ; 3              ;
;     -- LPM_WIDTHB                     ; 9              ;
;     -- LPM_WIDTHP                     ; 12             ;
;     -- LPM_REPRESENTATION             ; UNSIGNED       ;
;     -- INPUT_A_IS_CONSTANT            ; NO             ;
;     -- INPUT_B_IS_CONSTANT            ; NO             ;
;     -- USE_EAB                        ; OFF            ;
;     -- DEDICATED_MULTIPLIER_CIRCUITRY ; AUTO           ;
;     -- INPUT_A_FIXED_VALUE            ; Bx             ;
;     -- INPUT_B_FIXED_VALUE            ; Bx             ;
; Entity Instance                       ; lpm_mult:Mult0 ;
;     -- LPM_WIDTHA                     ; 3              ;
;     -- LPM_WIDTHB                     ; 9              ;
;     -- LPM_WIDTHP                     ; 12             ;
;     -- LPM_REPRESENTATION             ; UNSIGNED       ;
;     -- INPUT_A_IS_CONSTANT            ; NO             ;
;     -- INPUT_B_IS_CONSTANT            ; NO             ;
;     -- USE_EAB                        ; OFF            ;
;     -- DEDICATED_MULTIPLIER_CIRCUITRY ; AUTO           ;
;     -- INPUT_A_FIXED_VALUE            ; Bx             ;
;     -- INPUT_B_FIXED_VALUE            ; Bx             ;
; Entity Instance                       ; lpm_mult:Mult3 ;
;     -- LPM_WIDTHA                     ; 3              ;
;     -- LPM_WIDTHB                     ; 9              ;
;     -- LPM_WIDTHP                     ; 12             ;
;     -- LPM_REPRESENTATION             ; UNSIGNED       ;
;     -- INPUT_A_IS_CONSTANT            ; NO             ;
;     -- INPUT_B_IS_CONSTANT            ; NO             ;
;     -- USE_EAB                        ; OFF            ;
;     -- DEDICATED_MULTIPLIER_CIRCUITRY ; AUTO           ;
;     -- INPUT_A_FIXED_VALUE            ; Bx             ;
;     -- INPUT_B_FIXED_VALUE            ; Bx             ;
; Entity Instance                       ; lpm_mult:Mult2 ;
;     -- LPM_WIDTHA                     ; 3              ;
;     -- LPM_WIDTHB                     ; 9              ;
;     -- LPM_WIDTHP                     ; 12             ;
;     -- LPM_REPRESENTATION             ; UNSIGNED       ;
;     -- INPUT_A_IS_CONSTANT            ; NO             ;
;     -- INPUT_B_IS_CONSTANT            ; NO             ;
;     -- USE_EAB                        ; OFF            ;
;     -- DEDICATED_MULTIPLIER_CIRCUITRY ; AUTO           ;
;     -- INPUT_A_FIXED_VALUE            ; Bx             ;
;     -- INPUT_B_FIXED_VALUE            ; Bx             ;
+---------------------------------------+----------------+


+------------------------------------------------------------------+
; Port Connectivity Checks: "twos_compleme:loop_k[1].loop_m[1].tc" ;
+------------+-------+----------+----------------------------------+
; Port       ; Type  ; Severity ; Details                          ;
+------------+-------+----------+----------------------------------+
; in[13..12] ; Input ; Info     ; Stuck at GND                     ;
+------------+-------+----------+----------------------------------+


+------------------------------------------------------------------+
; Port Connectivity Checks: "twos_compleme:loop_k[1].loop_m[0].tc" ;
+------------+-------+----------+----------------------------------+
; Port       ; Type  ; Severity ; Details                          ;
+------------+-------+----------+----------------------------------+
; in[13..12] ; Input ; Info     ; Stuck at GND                     ;
+------------+-------+----------+----------------------------------+


+------------------------------------------------------------------+
; Port Connectivity Checks: "twos_compleme:loop_k[0].loop_m[1].tc" ;
+------------+-------+----------+----------------------------------+
; Port       ; Type  ; Severity ; Details                          ;
+------------+-------+----------+----------------------------------+
; in[13..12] ; Input ; Info     ; Stuck at GND                     ;
+------------+-------+----------+----------------------------------+


+------------------------------------------------------------------+
; Port Connectivity Checks: "twos_compleme:loop_k[0].loop_m[0].tc" ;
+------------+-------+----------+----------------------------------+
; Port       ; Type  ; Severity ; Details                          ;
+------------+-------+----------+----------------------------------+
; in[13..12] ; Input ; Info     ; Stuck at GND                     ;
+------------+-------+----------+----------------------------------+


+-----------------------------------------------------+
; Post-Synthesis Netlist Statistics for Top Partition ;
+-----------------------+-----------------------------+
; Type                  ; Count                       ;
+-----------------------+-----------------------------+
; boundary_port         ; 58                          ;
; cycloneiii_ff         ; 52                          ;
;     plain             ; 52                          ;
; cycloneiii_lcell_comb ; 1171                        ;
;     arith             ; 152                         ;
;         2 data inputs ; 8                           ;
;         3 data inputs ; 144                         ;
;     normal            ; 1019                        ;
;         0 data inputs ; 8                           ;
;         1 data inputs ; 4                           ;
;         2 data inputs ; 135                         ;
;         3 data inputs ; 110                         ;
;         4 data inputs ; 762                         ;
;                       ;                             ;
; Max LUT depth         ; 11.40                       ;
; Average LUT depth     ; 8.51                        ;
+-----------------------+-----------------------------+


+-------------------------------+
; Elapsed Time Per Partition    ;
+----------------+--------------+
; Partition Name ; Elapsed Time ;
+----------------+--------------+
; Top            ; 00:00:07     ;
+----------------+--------------+


+-------------------------------+
; Analysis & Synthesis Messages ;
+-------------------------------+
Info: *******************************************************************
Info: Running Quartus Prime Analysis & Synthesis
    Info: Version 18.1.0 Build 625 09/12/2018 SJ Lite Edition
    Info: Processing started: Fri May 16 19:08:01 2025
Info: Command: quartus_map --read_settings_files=on --write_settings_files=off projectML -c projectML
Warning (18236): Number of processors has not been specified which may cause overloading on shared machines.  Set the global assignment NUM_PARALLEL_PROCESSORS in your QSF to an appropriate value for best performance.
Info (20030): Parallel compilation is enabled and will use 16 of the 16 processors detected
Info (12021): Found 1 design units, including 1 entities, in source file layer.sv
    Info (12023): Found entity 1: layer File: D:/verilogProject/projectML/projectML/layer.sv Line: 1
Info (12021): Found 1 design units, including 1 entities, in source file sigmoid.sv
    Info (12023): Found entity 1: sigmoid File: D:/verilogProject/projectML/projectML/sigmoid.sv Line: 1
Info (12021): Found 1 design units, including 1 entities, in source file ff_network.sv
    Info (12023): Found entity 1: ff_network File: D:/verilogProject/projectML/projectML/ff_network.sv Line: 1
Info (12021): Found 1 design units, including 1 entities, in source file manager.sv
    Info (12023): Found entity 1: manager File: D:/verilogProject/projectML/projectML/manager.sv Line: 1
Info (12021): Found 1 design units, including 1 entities, in source file twos_compleme.sv
    Info (12023): Found entity 1: twos_compleme File: D:/verilogProject/projectML/projectML/twos_compleme.sv Line: 1
Info (12127): Elaborating entity "layer" for the top level hierarchy
Warning (10036): Verilog HDL or VHDL warning at layer.sv(28): object "zero" assigned a value but never read File: D:/verilogProject/projectML/projectML/layer.sv Line: 28
Info (10041): Inferred latch for "w[0][0]" at layer.sv(36) File: D:/verilogProject/projectML/projectML/layer.sv Line: 36
Info (10041): Inferred latch for "w[0][1]" at layer.sv(36) File: D:/verilogProject/projectML/projectML/layer.sv Line: 36
Info (10041): Inferred latch for "w[0][2]" at layer.sv(36) File: D:/verilogProject/projectML/projectML/layer.sv Line: 36
Info (10041): Inferred latch for "w[0][3]" at layer.sv(36) File: D:/verilogProject/projectML/projectML/layer.sv Line: 36
Info (10041): Inferred latch for "w[1][0]" at layer.sv(36) File: D:/verilogProject/projectML/projectML/layer.sv Line: 36
Info (10041): Inferred latch for "w[1][1]" at layer.sv(36) File: D:/verilogProject/projectML/projectML/layer.sv Line: 36
Info (10041): Inferred latch for "w[1][2]" at layer.sv(36) File: D:/verilogProject/projectML/projectML/layer.sv Line: 36
Info (10041): Inferred latch for "w[1][3]" at layer.sv(36) File: D:/verilogProject/projectML/projectML/layer.sv Line: 36
Info (10041): Inferred latch for "w[2][0]" at layer.sv(36) File: D:/verilogProject/projectML/projectML/layer.sv Line: 36
Info (10041): Inferred latch for "w[2][1]" at layer.sv(36) File: D:/verilogProject/projectML/projectML/layer.sv Line: 36
Info (10041): Inferred latch for "w[2][2]" at layer.sv(36) File: D:/verilogProject/projectML/projectML/layer.sv Line: 36
Info (10041): Inferred latch for "w[2][3]" at layer.sv(36) File: D:/verilogProject/projectML/projectML/layer.sv Line: 36
Info (10041): Inferred latch for "w[3][0]" at layer.sv(36) File: D:/verilogProject/projectML/projectML/layer.sv Line: 36
Info (10041): Inferred latch for "w[3][1]" at layer.sv(36) File: D:/verilogProject/projectML/projectML/layer.sv Line: 36
Info (10041): Inferred latch for "w[3][2]" at layer.sv(36) File: D:/verilogProject/projectML/projectML/layer.sv Line: 36
Info (10041): Inferred latch for "w[3][3]" at layer.sv(36) File: D:/verilogProject/projectML/projectML/layer.sv Line: 36
Info (12128): Elaborating entity "twos_compleme" for hierarchy "twos_compleme:loop_k[0].loop_m[0].tc" File: D:/verilogProject/projectML/projectML/layer.sv Line: 56
Info (12128): Elaborating entity "sigmoid" for hierarchy "sigmoid:loop_l[0].sigm_inst_o" File: D:/verilogProject/projectML/projectML/layer.sv Line: 83
Warning (10850): Verilog HDL warning at sigmoid.sv(15): number of words (1001) in memory file does not match the number of elements in the address range [0:999] File: D:/verilogProject/projectML/projectML/sigmoid.sv Line: 15
Warning (10230): Verilog HDL assignment warning at snum.txt(1): truncated value with size 12 to match size of target (10) File: D:/verilogProject/projectML/projectML/snum.txt Line: 1
Warning (10230): Verilog HDL assignment warning at snum.txt(2): truncated value with size 12 to match size of target (10) File: D:/verilogProject/projectML/projectML/snum.txt Line: 2
Warning (10230): Verilog HDL assignment warning at snum.txt(3): truncated value with size 12 to match size of target (10) File: D:/verilogProject/projectML/projectML/snum.txt Line: 3
Warning (10230): Verilog HDL assignment warning at snum.txt(4): truncated value with size 12 to match size of target (10) File: D:/verilogProject/projectML/projectML/snum.txt Line: 4
Warning (10230): Verilog HDL assignment warning at snum.txt(5): truncated value with size 12 to match size of target (10) File: D:/verilogProject/projectML/projectML/snum.txt Line: 5
Warning (10230): Verilog HDL assignment warning at snum.txt(6): truncated value with size 12 to match size of target (10) File: D:/verilogProject/projectML/projectML/snum.txt Line: 6
Warning (10230): Verilog HDL assignment warning at snum.txt(7): truncated value with size 12 to match size of target (10) File: D:/verilogProject/projectML/projectML/snum.txt Line: 7
Warning (10230): Verilog HDL assignment warning at snum.txt(8): truncated value with size 12 to match size of target (10) File: D:/verilogProject/projectML/projectML/snum.txt Line: 8
Warning (10230): Verilog HDL assignment warning at snum.txt(9): truncated value with size 12 to match size of target (10) File: D:/verilogProject/projectML/projectML/snum.txt Line: 9
Warning (10230): Verilog HDL assignment warning at snum.txt(10): truncated value with size 12 to match size of target (10) File: D:/verilogProject/projectML/projectML/snum.txt Line: 10
Warning (10230): Verilog HDL assignment warning at snum.txt(11): truncated value with size 12 to match size of target (10) File: D:/verilogProject/projectML/projectML/snum.txt Line: 11
Warning (10230): Verilog HDL assignment warning at snum.txt(12): truncated value with size 12 to match size of target (10) File: D:/verilogProject/projectML/projectML/snum.txt Line: 12
Warning (10230): Verilog HDL assignment warning at snum.txt(13): truncated value with size 12 to match size of target (10) File: D:/verilogProject/projectML/projectML/snum.txt Line: 13
Warning (10230): Verilog HDL assignment warning at snum.txt(14): truncated value with size 12 to match size of target (10) File: D:/verilogProject/projectML/projectML/snum.txt Line: 14
Warning (10230): Verilog HDL assignment warning at snum.txt(15): truncated value with size 12 to match size of target (10) File: D:/verilogProject/projectML/projectML/snum.txt Line: 15
Warning (10230): Verilog HDL assignment warning at snum.txt(16): truncated value with size 12 to match size of target (10) File: D:/verilogProject/projectML/projectML/snum.txt Line: 16
Warning (10230): Verilog HDL assignment warning at snum.txt(17): truncated value with size 12 to match size of target (10) File: D:/verilogProject/projectML/projectML/snum.txt Line: 17
Warning (10230): Verilog HDL assignment warning at snum.txt(18): truncated value with size 12 to match size of target (10) File: D:/verilogProject/projectML/projectML/snum.txt Line: 18
Warning (10230): Verilog HDL assignment warning at snum.txt(19): truncated value with size 12 to match size of target (10) File: D:/verilogProject/projectML/projectML/snum.txt Line: 19
Warning (10230): Verilog HDL assignment warning at snum.txt(20): truncated value with size 12 to match size of target (10) File: D:/verilogProject/projectML/projectML/snum.txt Line: 20
Warning (10230): Verilog HDL assignment warning at snum.txt(21): truncated value with size 12 to match size of target (10) File: D:/verilogProject/projectML/projectML/snum.txt Line: 21
Warning (10230): Verilog HDL assignment warning at snum.txt(22): truncated value with size 12 to match size of target (10) File: D:/verilogProject/projectML/projectML/snum.txt Line: 22
Warning (10230): Verilog HDL assignment warning at snum.txt(23): truncated value with size 12 to match size of target (10) File: D:/verilogProject/projectML/projectML/snum.txt Line: 23
Warning (10230): Verilog HDL assignment warning at snum.txt(24): truncated value with size 12 to match size of target (10) File: D:/verilogProject/projectML/projectML/snum.txt Line: 24
Warning (10230): Verilog HDL assignment warning at snum.txt(25): truncated value with size 12 to match size of target (10) File: D:/verilogProject/projectML/projectML/snum.txt Line: 25
Warning (10230): Verilog HDL assignment warning at snum.txt(26): truncated value with size 12 to match size of target (10) File: D:/verilogProject/projectML/projectML/snum.txt Line: 26
Warning (10230): Verilog HDL assignment warning at snum.txt(27): truncated value with size 12 to match size of target (10) File: D:/verilogProject/projectML/projectML/snum.txt Line: 27
Warning (10230): Verilog HDL assignment warning at snum.txt(28): truncated value with size 12 to match size of target (10) File: D:/verilogProject/projectML/projectML/snum.txt Line: 28
Warning (10230): Verilog HDL assignment warning at snum.txt(29): truncated value with size 12 to match size of target (10) File: D:/verilogProject/projectML/projectML/snum.txt Line: 29
Warning (10230): Verilog HDL assignment warning at snum.txt(30): truncated value with size 12 to match size of target (10) File: D:/verilogProject/projectML/projectML/snum.txt Line: 30
Warning (10230): Verilog HDL assignment warning at snum.txt(31): truncated value with size 12 to match size of target (10) File: D:/verilogProject/projectML/projectML/snum.txt Line: 31
Warning (10230): Verilog HDL assignment warning at snum.txt(32): truncated value with size 12 to match size of target (10) File: D:/verilogProject/projectML/projectML/snum.txt Line: 32
Warning (10230): Verilog HDL assignment warning at snum.txt(33): truncated value with size 12 to match size of target (10) File: D:/verilogProject/projectML/projectML/snum.txt Line: 33
Warning (10230): Verilog HDL assignment warning at snum.txt(34): truncated value with size 12 to match size of target (10) File: D:/verilogProject/projectML/projectML/snum.txt Line: 34
Warning (10230): Verilog HDL assignment warning at snum.txt(35): truncated value with size 12 to match size of target (10) File: D:/verilogProject/projectML/projectML/snum.txt Line: 35
Warning (10230): Verilog HDL assignment warning at snum.txt(36): truncated value with size 12 to match size of target (10) File: D:/verilogProject/projectML/projectML/snum.txt Line: 36
Warning (10230): Verilog HDL assignment warning at snum.txt(37): truncated value with size 12 to match size of target (10) File: D:/verilogProject/projectML/projectML/snum.txt Line: 37
Warning (10230): Verilog HDL assignment warning at snum.txt(38): truncated value with size 12 to match size of target (10) File: D:/verilogProject/projectML/projectML/snum.txt Line: 38
Warning (10230): Verilog HDL assignment warning at snum.txt(39): truncated value with size 12 to match size of target (10) File: D:/verilogProject/projectML/projectML/snum.txt Line: 39
Warning (10230): Verilog HDL assignment warning at snum.txt(40): truncated value with size 12 to match size of target (10) File: D:/verilogProject/projectML/projectML/snum.txt Line: 40
Warning (10230): Verilog HDL assignment warning at snum.txt(41): truncated value with size 12 to match size of target (10) File: D:/verilogProject/projectML/projectML/snum.txt Line: 41
Warning (10230): Verilog HDL assignment warning at snum.txt(42): truncated value with size 12 to match size of target (10) File: D:/verilogProject/projectML/projectML/snum.txt Line: 42
Warning (10230): Verilog HDL assignment warning at snum.txt(43): truncated value with size 12 to match size of target (10) File: D:/verilogProject/projectML/projectML/snum.txt Line: 43
Warning (10230): Verilog HDL assignment warning at snum.txt(44): truncated value with size 12 to match size of target (10) File: D:/verilogProject/projectML/projectML/snum.txt Line: 44
Warning (10230): Verilog HDL assignment warning at snum.txt(45): truncated value with size 12 to match size of target (10) File: D:/verilogProject/projectML/projectML/snum.txt Line: 45
Warning (10230): Verilog HDL assignment warning at snum.txt(46): truncated value with size 12 to match size of target (10) File: D:/verilogProject/projectML/projectML/snum.txt Line: 46
Warning (10230): Verilog HDL assignment warning at snum.txt(47): truncated value with size 12 to match size of target (10) File: D:/verilogProject/projectML/projectML/snum.txt Line: 47
Warning (10230): Verilog HDL assignment warning at snum.txt(48): truncated value with size 12 to match size of target (10) File: D:/verilogProject/projectML/projectML/snum.txt Line: 48
Warning (10230): Verilog HDL assignment warning at snum.txt(49): truncated value with size 12 to match size of target (10) File: D:/verilogProject/projectML/projectML/snum.txt Line: 49
Warning (10230): Verilog HDL assignment warning at snum.txt(50): truncated value with size 12 to match size of target (10) File: D:/verilogProject/projectML/projectML/snum.txt Line: 50
Warning (10230): Verilog HDL assignment warning at snum.txt(51): truncated value with size 12 to match size of target (10) File: D:/verilogProject/projectML/projectML/snum.txt Line: 51
Warning (10230): Verilog HDL assignment warning at snum.txt(52): truncated value with size 12 to match size of target (10) File: D:/verilogProject/projectML/projectML/snum.txt Line: 52
Warning (10230): Verilog HDL assignment warning at snum.txt(53): truncated value with size 12 to match size of target (10) File: D:/verilogProject/projectML/projectML/snum.txt Line: 53
Warning (10230): Verilog HDL assignment warning at snum.txt(54): truncated value with size 12 to match size of target (10) File: D:/verilogProject/projectML/projectML/snum.txt Line: 54
Warning (10230): Verilog HDL assignment warning at snum.txt(55): truncated value with size 12 to match size of target (10) File: D:/verilogProject/projectML/projectML/snum.txt Line: 55
Warning (10230): Verilog HDL assignment warning at snum.txt(56): truncated value with size 12 to match size of target (10) File: D:/verilogProject/projectML/projectML/snum.txt Line: 56
Warning (10230): Verilog HDL assignment warning at snum.txt(57): truncated value with size 12 to match size of target (10) File: D:/verilogProject/projectML/projectML/snum.txt Line: 57
Warning (10230): Verilog HDL assignment warning at snum.txt(58): truncated value with size 12 to match size of target (10) File: D:/verilogProject/projectML/projectML/snum.txt Line: 58
Warning (10230): Verilog HDL assignment warning at snum.txt(59): truncated value with size 12 to match size of target (10) File: D:/verilogProject/projectML/projectML/snum.txt Line: 59
Warning (10230): Verilog HDL assignment warning at snum.txt(60): truncated value with size 12 to match size of target (10) File: D:/verilogProject/projectML/projectML/snum.txt Line: 60
Warning (10230): Verilog HDL assignment warning at snum.txt(61): truncated value with size 12 to match size of target (10) File: D:/verilogProject/projectML/projectML/snum.txt Line: 61
Warning (10230): Verilog HDL assignment warning at snum.txt(62): truncated value with size 12 to match size of target (10) File: D:/verilogProject/projectML/projectML/snum.txt Line: 62
Warning (10230): Verilog HDL assignment warning at snum.txt(63): truncated value with size 12 to match size of target (10) File: D:/verilogProject/projectML/projectML/snum.txt Line: 63
Warning (10230): Verilog HDL assignment warning at snum.txt(64): truncated value with size 12 to match size of target (10) File: D:/verilogProject/projectML/projectML/snum.txt Line: 64
Warning (10230): Verilog HDL assignment warning at snum.txt(65): truncated value with size 12 to match size of target (10) File: D:/verilogProject/projectML/projectML/snum.txt Line: 65
Warning (10230): Verilog HDL assignment warning at snum.txt(66): truncated value with size 12 to match size of target (10) File: D:/verilogProject/projectML/projectML/snum.txt Line: 66
Warning (10230): Verilog HDL assignment warning at snum.txt(67): truncated value with size 12 to match size of target (10) File: D:/verilogProject/projectML/projectML/snum.txt Line: 67
Warning (10230): Verilog HDL assignment warning at snum.txt(68): truncated value with size 12 to match size of target (10) File: D:/verilogProject/projectML/projectML/snum.txt Line: 68
Warning (10230): Verilog HDL assignment warning at snum.txt(69): truncated value with size 12 to match size of target (10) File: D:/verilogProject/projectML/projectML/snum.txt Line: 69
Warning (10230): Verilog HDL assignment warning at snum.txt(70): truncated value with size 12 to match size of target (10) File: D:/verilogProject/projectML/projectML/snum.txt Line: 70
Warning (10230): Verilog HDL assignment warning at snum.txt(71): truncated value with size 12 to match size of target (10) File: D:/verilogProject/projectML/projectML/snum.txt Line: 71
Warning (10230): Verilog HDL assignment warning at snum.txt(72): truncated value with size 12 to match size of target (10) File: D:/verilogProject/projectML/projectML/snum.txt Line: 72
Warning (10230): Verilog HDL assignment warning at snum.txt(73): truncated value with size 12 to match size of target (10) File: D:/verilogProject/projectML/projectML/snum.txt Line: 73
Warning (10230): Verilog HDL assignment warning at snum.txt(74): truncated value with size 12 to match size of target (10) File: D:/verilogProject/projectML/projectML/snum.txt Line: 74
Warning (10230): Verilog HDL assignment warning at snum.txt(75): truncated value with size 12 to match size of target (10) File: D:/verilogProject/projectML/projectML/snum.txt Line: 75
Warning (10230): Verilog HDL assignment warning at snum.txt(76): truncated value with size 12 to match size of target (10) File: D:/verilogProject/projectML/projectML/snum.txt Line: 76
Warning (10230): Verilog HDL assignment warning at snum.txt(77): truncated value with size 12 to match size of target (10) File: D:/verilogProject/projectML/projectML/snum.txt Line: 77
Warning (10230): Verilog HDL assignment warning at snum.txt(78): truncated value with size 12 to match size of target (10) File: D:/verilogProject/projectML/projectML/snum.txt Line: 78
Warning (10230): Verilog HDL assignment warning at snum.txt(79): truncated value with size 12 to match size of target (10) File: D:/verilogProject/projectML/projectML/snum.txt Line: 79
Warning (10230): Verilog HDL assignment warning at snum.txt(80): truncated value with size 12 to match size of target (10) File: D:/verilogProject/projectML/projectML/snum.txt Line: 80
Warning (10230): Verilog HDL assignment warning at snum.txt(81): truncated value with size 12 to match size of target (10) File: D:/verilogProject/projectML/projectML/snum.txt Line: 81
Warning (10230): Verilog HDL assignment warning at snum.txt(82): truncated value with size 12 to match size of target (10) File: D:/verilogProject/projectML/projectML/snum.txt Line: 82
Warning (10230): Verilog HDL assignment warning at snum.txt(83): truncated value with size 12 to match size of target (10) File: D:/verilogProject/projectML/projectML/snum.txt Line: 83
Warning (10230): Verilog HDL assignment warning at snum.txt(84): truncated value with size 12 to match size of target (10) File: D:/verilogProject/projectML/projectML/snum.txt Line: 84
Warning (10230): Verilog HDL assignment warning at snum.txt(85): truncated value with size 12 to match size of target (10) File: D:/verilogProject/projectML/projectML/snum.txt Line: 85
Warning (10230): Verilog HDL assignment warning at snum.txt(86): truncated value with size 12 to match size of target (10) File: D:/verilogProject/projectML/projectML/snum.txt Line: 86
Warning (10230): Verilog HDL assignment warning at snum.txt(87): truncated value with size 12 to match size of target (10) File: D:/verilogProject/projectML/projectML/snum.txt Line: 87
Warning (10230): Verilog HDL assignment warning at snum.txt(88): truncated value with size 12 to match size of target (10) File: D:/verilogProject/projectML/projectML/snum.txt Line: 88
Warning (10230): Verilog HDL assignment warning at snum.txt(89): truncated value with size 12 to match size of target (10) File: D:/verilogProject/projectML/projectML/snum.txt Line: 89
Warning (10230): Verilog HDL assignment warning at snum.txt(90): truncated value with size 12 to match size of target (10) File: D:/verilogProject/projectML/projectML/snum.txt Line: 90
Warning (10230): Verilog HDL assignment warning at snum.txt(91): truncated value with size 12 to match size of target (10) File: D:/verilogProject/projectML/projectML/snum.txt Line: 91
Warning (10230): Verilog HDL assignment warning at snum.txt(92): truncated value with size 12 to match size of target (10) File: D:/verilogProject/projectML/projectML/snum.txt Line: 92
Warning (10230): Verilog HDL assignment warning at snum.txt(93): truncated value with size 12 to match size of target (10) File: D:/verilogProject/projectML/projectML/snum.txt Line: 93
Warning (10230): Verilog HDL assignment warning at snum.txt(94): truncated value with size 12 to match size of target (10) File: D:/verilogProject/projectML/projectML/snum.txt Line: 94
Warning (10230): Verilog HDL assignment warning at snum.txt(95): truncated value with size 12 to match size of target (10) File: D:/verilogProject/projectML/projectML/snum.txt Line: 95
Warning (10230): Verilog HDL assignment warning at snum.txt(96): truncated value with size 12 to match size of target (10) File: D:/verilogProject/projectML/projectML/snum.txt Line: 96
Warning (10230): Verilog HDL assignment warning at snum.txt(97): truncated value with size 12 to match size of target (10) File: D:/verilogProject/projectML/projectML/snum.txt Line: 97
Warning (10230): Verilog HDL assignment warning at snum.txt(98): truncated value with size 12 to match size of target (10) File: D:/verilogProject/projectML/projectML/snum.txt Line: 98
Warning (10230): Verilog HDL assignment warning at snum.txt(99): truncated value with size 12 to match size of target (10) File: D:/verilogProject/projectML/projectML/snum.txt Line: 99
Warning (10230): Verilog HDL assignment warning at snum.txt(100): truncated value with size 12 to match size of target (10) File: D:/verilogProject/projectML/projectML/snum.txt Line: 100
Warning (10230): Verilog HDL assignment warning at snum.txt(101): truncated value with size 12 to match size of target (10) File: D:/verilogProject/projectML/projectML/snum.txt Line: 101
Warning (10230): Verilog HDL assignment warning at snum.txt(102): truncated value with size 12 to match size of target (10) File: D:/verilogProject/projectML/projectML/snum.txt Line: 102
Warning (10230): Verilog HDL assignment warning at snum.txt(103): truncated value with size 12 to match size of target (10) File: D:/verilogProject/projectML/projectML/snum.txt Line: 103
Warning (10230): Verilog HDL assignment warning at snum.txt(104): truncated value with size 12 to match size of target (10) File: D:/verilogProject/projectML/projectML/snum.txt Line: 104
Warning (10230): Verilog HDL assignment warning at snum.txt(105): truncated value with size 12 to match size of target (10) File: D:/verilogProject/projectML/projectML/snum.txt Line: 105
Warning (10230): Verilog HDL assignment warning at snum.txt(106): truncated value with size 12 to match size of target (10) File: D:/verilogProject/projectML/projectML/snum.txt Line: 106
Warning (10230): Verilog HDL assignment warning at snum.txt(107): truncated value with size 12 to match size of target (10) File: D:/verilogProject/projectML/projectML/snum.txt Line: 107
Warning (10230): Verilog HDL assignment warning at snum.txt(108): truncated value with size 12 to match size of target (10) File: D:/verilogProject/projectML/projectML/snum.txt Line: 108
Warning (10230): Verilog HDL assignment warning at snum.txt(109): truncated value with size 12 to match size of target (10) File: D:/verilogProject/projectML/projectML/snum.txt Line: 109
Warning (10230): Verilog HDL assignment warning at snum.txt(110): truncated value with size 12 to match size of target (10) File: D:/verilogProject/projectML/projectML/snum.txt Line: 110
Warning (10230): Verilog HDL assignment warning at snum.txt(111): truncated value with size 12 to match size of target (10) File: D:/verilogProject/projectML/projectML/snum.txt Line: 111
Warning (10230): Verilog HDL assignment warning at snum.txt(112): truncated value with size 12 to match size of target (10) File: D:/verilogProject/projectML/projectML/snum.txt Line: 112
Warning (10230): Verilog HDL assignment warning at snum.txt(113): truncated value with size 12 to match size of target (10) File: D:/verilogProject/projectML/projectML/snum.txt Line: 113
Warning (10230): Verilog HDL assignment warning at snum.txt(114): truncated value with size 12 to match size of target (10) File: D:/verilogProject/projectML/projectML/snum.txt Line: 114
Warning (10230): Verilog HDL assignment warning at snum.txt(115): truncated value with size 12 to match size of target (10) File: D:/verilogProject/projectML/projectML/snum.txt Line: 115
Warning (10230): Verilog HDL assignment warning at snum.txt(116): truncated value with size 12 to match size of target (10) File: D:/verilogProject/projectML/projectML/snum.txt Line: 116
Warning (10230): Verilog HDL assignment warning at snum.txt(117): truncated value with size 12 to match size of target (10) File: D:/verilogProject/projectML/projectML/snum.txt Line: 117
Warning (10230): Verilog HDL assignment warning at snum.txt(118): truncated value with size 12 to match size of target (10) File: D:/verilogProject/projectML/projectML/snum.txt Line: 118
Warning (10230): Verilog HDL assignment warning at snum.txt(119): truncated value with size 12 to match size of target (10) File: D:/verilogProject/projectML/projectML/snum.txt Line: 119
Warning (10230): Verilog HDL assignment warning at snum.txt(120): truncated value with size 12 to match size of target (10) File: D:/verilogProject/projectML/projectML/snum.txt Line: 120
Warning (10230): Verilog HDL assignment warning at snum.txt(121): truncated value with size 12 to match size of target (10) File: D:/verilogProject/projectML/projectML/snum.txt Line: 121
Warning (10230): Verilog HDL assignment warning at snum.txt(122): truncated value with size 12 to match size of target (10) File: D:/verilogProject/projectML/projectML/snum.txt Line: 122
Warning (10230): Verilog HDL assignment warning at snum.txt(123): truncated value with size 12 to match size of target (10) File: D:/verilogProject/projectML/projectML/snum.txt Line: 123
Warning (10230): Verilog HDL assignment warning at snum.txt(124): truncated value with size 12 to match size of target (10) File: D:/verilogProject/projectML/projectML/snum.txt Line: 124
Warning (10230): Verilog HDL assignment warning at snum.txt(125): truncated value with size 12 to match size of target (10) File: D:/verilogProject/projectML/projectML/snum.txt Line: 125
Warning (10230): Verilog HDL assignment warning at snum.txt(126): truncated value with size 12 to match size of target (10) File: D:/verilogProject/projectML/projectML/snum.txt Line: 126
Warning (10230): Verilog HDL assignment warning at snum.txt(127): truncated value with size 12 to match size of target (10) File: D:/verilogProject/projectML/projectML/snum.txt Line: 127
Warning (10230): Verilog HDL assignment warning at snum.txt(128): truncated value with size 12 to match size of target (10) File: D:/verilogProject/projectML/projectML/snum.txt Line: 128
Warning (10230): Verilog HDL assignment warning at snum.txt(129): truncated value with size 12 to match size of target (10) File: D:/verilogProject/projectML/projectML/snum.txt Line: 129
Warning (10230): Verilog HDL assignment warning at snum.txt(130): truncated value with size 12 to match size of target (10) File: D:/verilogProject/projectML/projectML/snum.txt Line: 130
Warning (10230): Verilog HDL assignment warning at snum.txt(131): truncated value with size 12 to match size of target (10) File: D:/verilogProject/projectML/projectML/snum.txt Line: 131
Warning (10230): Verilog HDL assignment warning at snum.txt(132): truncated value with size 12 to match size of target (10) File: D:/verilogProject/projectML/projectML/snum.txt Line: 132
Warning (10230): Verilog HDL assignment warning at snum.txt(133): truncated value with size 12 to match size of target (10) File: D:/verilogProject/projectML/projectML/snum.txt Line: 133
Warning (10230): Verilog HDL assignment warning at snum.txt(134): truncated value with size 12 to match size of target (10) File: D:/verilogProject/projectML/projectML/snum.txt Line: 134
Warning (10230): Verilog HDL assignment warning at snum.txt(135): truncated value with size 12 to match size of target (10) File: D:/verilogProject/projectML/projectML/snum.txt Line: 135
Warning (10230): Verilog HDL assignment warning at snum.txt(136): truncated value with size 12 to match size of target (10) File: D:/verilogProject/projectML/projectML/snum.txt Line: 136
Warning (10230): Verilog HDL assignment warning at snum.txt(137): truncated value with size 12 to match size of target (10) File: D:/verilogProject/projectML/projectML/snum.txt Line: 137
Warning (10230): Verilog HDL assignment warning at snum.txt(138): truncated value with size 12 to match size of target (10) File: D:/verilogProject/projectML/projectML/snum.txt Line: 138
Warning (10230): Verilog HDL assignment warning at snum.txt(139): truncated value with size 12 to match size of target (10) File: D:/verilogProject/projectML/projectML/snum.txt Line: 139
Warning (10230): Verilog HDL assignment warning at snum.txt(140): truncated value with size 12 to match size of target (10) File: D:/verilogProject/projectML/projectML/snum.txt Line: 140
Warning (10230): Verilog HDL assignment warning at snum.txt(141): truncated value with size 12 to match size of target (10) File: D:/verilogProject/projectML/projectML/snum.txt Line: 141
Warning (10230): Verilog HDL assignment warning at snum.txt(142): truncated value with size 12 to match size of target (10) File: D:/verilogProject/projectML/projectML/snum.txt Line: 142
Warning (10230): Verilog HDL assignment warning at snum.txt(143): truncated value with size 12 to match size of target (10) File: D:/verilogProject/projectML/projectML/snum.txt Line: 143
Warning (10230): Verilog HDL assignment warning at snum.txt(144): truncated value with size 12 to match size of target (10) File: D:/verilogProject/projectML/projectML/snum.txt Line: 144
Warning (10230): Verilog HDL assignment warning at snum.txt(145): truncated value with size 12 to match size of target (10) File: D:/verilogProject/projectML/projectML/snum.txt Line: 145
Warning (10230): Verilog HDL assignment warning at snum.txt(146): truncated value with size 12 to match size of target (10) File: D:/verilogProject/projectML/projectML/snum.txt Line: 146
Warning (10230): Verilog HDL assignment warning at snum.txt(147): truncated value with size 12 to match size of target (10) File: D:/verilogProject/projectML/projectML/snum.txt Line: 147
Warning (10230): Verilog HDL assignment warning at snum.txt(148): truncated value with size 12 to match size of target (10) File: D:/verilogProject/projectML/projectML/snum.txt Line: 148
Warning (10230): Verilog HDL assignment warning at snum.txt(149): truncated value with size 12 to match size of target (10) File: D:/verilogProject/projectML/projectML/snum.txt Line: 149
Warning (10230): Verilog HDL assignment warning at snum.txt(150): truncated value with size 12 to match size of target (10) File: D:/verilogProject/projectML/projectML/snum.txt Line: 150
Warning (10230): Verilog HDL assignment warning at snum.txt(151): truncated value with size 12 to match size of target (10) File: D:/verilogProject/projectML/projectML/snum.txt Line: 151
Warning (10230): Verilog HDL assignment warning at snum.txt(152): truncated value with size 12 to match size of target (10) File: D:/verilogProject/projectML/projectML/snum.txt Line: 152
Warning (10230): Verilog HDL assignment warning at snum.txt(153): truncated value with size 12 to match size of target (10) File: D:/verilogProject/projectML/projectML/snum.txt Line: 153
Warning (10230): Verilog HDL assignment warning at snum.txt(154): truncated value with size 12 to match size of target (10) File: D:/verilogProject/projectML/projectML/snum.txt Line: 154
Warning (10230): Verilog HDL assignment warning at snum.txt(155): truncated value with size 12 to match size of target (10) File: D:/verilogProject/projectML/projectML/snum.txt Line: 155
Warning (10230): Verilog HDL assignment warning at snum.txt(156): truncated value with size 12 to match size of target (10) File: D:/verilogProject/projectML/projectML/snum.txt Line: 156
Warning (10230): Verilog HDL assignment warning at snum.txt(157): truncated value with size 12 to match size of target (10) File: D:/verilogProject/projectML/projectML/snum.txt Line: 157
Warning (10230): Verilog HDL assignment warning at snum.txt(158): truncated value with size 12 to match size of target (10) File: D:/verilogProject/projectML/projectML/snum.txt Line: 158
Warning (10230): Verilog HDL assignment warning at snum.txt(159): truncated value with size 12 to match size of target (10) File: D:/verilogProject/projectML/projectML/snum.txt Line: 159
Warning (10230): Verilog HDL assignment warning at snum.txt(160): truncated value with size 12 to match size of target (10) File: D:/verilogProject/projectML/projectML/snum.txt Line: 160
Warning (10230): Verilog HDL assignment warning at snum.txt(161): truncated value with size 12 to match size of target (10) File: D:/verilogProject/projectML/projectML/snum.txt Line: 161
Warning (10230): Verilog HDL assignment warning at snum.txt(162): truncated value with size 12 to match size of target (10) File: D:/verilogProject/projectML/projectML/snum.txt Line: 162
Warning (10230): Verilog HDL assignment warning at snum.txt(163): truncated value with size 12 to match size of target (10) File: D:/verilogProject/projectML/projectML/snum.txt Line: 163
Warning (10230): Verilog HDL assignment warning at snum.txt(164): truncated value with size 12 to match size of target (10) File: D:/verilogProject/projectML/projectML/snum.txt Line: 164
Warning (10230): Verilog HDL assignment warning at snum.txt(165): truncated value with size 12 to match size of target (10) File: D:/verilogProject/projectML/projectML/snum.txt Line: 165
Warning (10230): Verilog HDL assignment warning at snum.txt(166): truncated value with size 12 to match size of target (10) File: D:/verilogProject/projectML/projectML/snum.txt Line: 166
Warning (10230): Verilog HDL assignment warning at snum.txt(167): truncated value with size 12 to match size of target (10) File: D:/verilogProject/projectML/projectML/snum.txt Line: 167
Warning (10230): Verilog HDL assignment warning at snum.txt(168): truncated value with size 12 to match size of target (10) File: D:/verilogProject/projectML/projectML/snum.txt Line: 168
Warning (10230): Verilog HDL assignment warning at snum.txt(169): truncated value with size 12 to match size of target (10) File: D:/verilogProject/projectML/projectML/snum.txt Line: 169
Warning (10230): Verilog HDL assignment warning at snum.txt(170): truncated value with size 12 to match size of target (10) File: D:/verilogProject/projectML/projectML/snum.txt Line: 170
Warning (10230): Verilog HDL assignment warning at snum.txt(171): truncated value with size 12 to match size of target (10) File: D:/verilogProject/projectML/projectML/snum.txt Line: 171
Warning (10230): Verilog HDL assignment warning at snum.txt(172): truncated value with size 12 to match size of target (10) File: D:/verilogProject/projectML/projectML/snum.txt Line: 172
Warning (10230): Verilog HDL assignment warning at snum.txt(173): truncated value with size 12 to match size of target (10) File: D:/verilogProject/projectML/projectML/snum.txt Line: 173
Warning (10230): Verilog HDL assignment warning at snum.txt(174): truncated value with size 12 to match size of target (10) File: D:/verilogProject/projectML/projectML/snum.txt Line: 174
Warning (10230): Verilog HDL assignment warning at snum.txt(175): truncated value with size 12 to match size of target (10) File: D:/verilogProject/projectML/projectML/snum.txt Line: 175
Warning (10230): Verilog HDL assignment warning at snum.txt(176): truncated value with size 12 to match size of target (10) File: D:/verilogProject/projectML/projectML/snum.txt Line: 176
Warning (10230): Verilog HDL assignment warning at snum.txt(177): truncated value with size 12 to match size of target (10) File: D:/verilogProject/projectML/projectML/snum.txt Line: 177
Warning (10230): Verilog HDL assignment warning at snum.txt(178): truncated value with size 12 to match size of target (10) File: D:/verilogProject/projectML/projectML/snum.txt Line: 178
Warning (10230): Verilog HDL assignment warning at snum.txt(179): truncated value with size 12 to match size of target (10) File: D:/verilogProject/projectML/projectML/snum.txt Line: 179
Warning (10230): Verilog HDL assignment warning at snum.txt(180): truncated value with size 12 to match size of target (10) File: D:/verilogProject/projectML/projectML/snum.txt Line: 180
Warning (10230): Verilog HDL assignment warning at snum.txt(181): truncated value with size 12 to match size of target (10) File: D:/verilogProject/projectML/projectML/snum.txt Line: 181
Warning (10230): Verilog HDL assignment warning at snum.txt(182): truncated value with size 12 to match size of target (10) File: D:/verilogProject/projectML/projectML/snum.txt Line: 182
Warning (10230): Verilog HDL assignment warning at snum.txt(183): truncated value with size 12 to match size of target (10) File: D:/verilogProject/projectML/projectML/snum.txt Line: 183
Warning (10230): Verilog HDL assignment warning at snum.txt(184): truncated value with size 12 to match size of target (10) File: D:/verilogProject/projectML/projectML/snum.txt Line: 184
Warning (10230): Verilog HDL assignment warning at snum.txt(185): truncated value with size 12 to match size of target (10) File: D:/verilogProject/projectML/projectML/snum.txt Line: 185
Warning (10230): Verilog HDL assignment warning at snum.txt(186): truncated value with size 12 to match size of target (10) File: D:/verilogProject/projectML/projectML/snum.txt Line: 186
Warning (10230): Verilog HDL assignment warning at snum.txt(187): truncated value with size 12 to match size of target (10) File: D:/verilogProject/projectML/projectML/snum.txt Line: 187
Warning (10230): Verilog HDL assignment warning at snum.txt(188): truncated value with size 12 to match size of target (10) File: D:/verilogProject/projectML/projectML/snum.txt Line: 188
Warning (10230): Verilog HDL assignment warning at snum.txt(189): truncated value with size 12 to match size of target (10) File: D:/verilogProject/projectML/projectML/snum.txt Line: 189
Warning (10230): Verilog HDL assignment warning at snum.txt(190): truncated value with size 12 to match size of target (10) File: D:/verilogProject/projectML/projectML/snum.txt Line: 190
Warning (10230): Verilog HDL assignment warning at snum.txt(191): truncated value with size 12 to match size of target (10) File: D:/verilogProject/projectML/projectML/snum.txt Line: 191
Warning (10230): Verilog HDL assignment warning at snum.txt(192): truncated value with size 12 to match size of target (10) File: D:/verilogProject/projectML/projectML/snum.txt Line: 192
Warning (10230): Verilog HDL assignment warning at snum.txt(193): truncated value with size 12 to match size of target (10) File: D:/verilogProject/projectML/projectML/snum.txt Line: 193
Warning (10230): Verilog HDL assignment warning at snum.txt(194): truncated value with size 12 to match size of target (10) File: D:/verilogProject/projectML/projectML/snum.txt Line: 194
Warning (10230): Verilog HDL assignment warning at snum.txt(195): truncated value with size 12 to match size of target (10) File: D:/verilogProject/projectML/projectML/snum.txt Line: 195
Warning (10230): Verilog HDL assignment warning at snum.txt(196): truncated value with size 12 to match size of target (10) File: D:/verilogProject/projectML/projectML/snum.txt Line: 196
Warning (10230): Verilog HDL assignment warning at snum.txt(197): truncated value with size 12 to match size of target (10) File: D:/verilogProject/projectML/projectML/snum.txt Line: 197
Warning (10230): Verilog HDL assignment warning at snum.txt(198): truncated value with size 12 to match size of target (10) File: D:/verilogProject/projectML/projectML/snum.txt Line: 198
Warning (10230): Verilog HDL assignment warning at snum.txt(199): truncated value with size 12 to match size of target (10) File: D:/verilogProject/projectML/projectML/snum.txt Line: 199
Warning (10230): Verilog HDL assignment warning at snum.txt(200): truncated value with size 12 to match size of target (10) File: D:/verilogProject/projectML/projectML/snum.txt Line: 200
Warning (10230): Verilog HDL assignment warning at snum.txt(201): truncated value with size 12 to match size of target (10) File: D:/verilogProject/projectML/projectML/snum.txt Line: 201
Warning (10230): Verilog HDL assignment warning at snum.txt(202): truncated value with size 12 to match size of target (10) File: D:/verilogProject/projectML/projectML/snum.txt Line: 202
Warning (10230): Verilog HDL assignment warning at snum.txt(203): truncated value with size 12 to match size of target (10) File: D:/verilogProject/projectML/projectML/snum.txt Line: 203
Warning (10230): Verilog HDL assignment warning at snum.txt(204): truncated value with size 12 to match size of target (10) File: D:/verilogProject/projectML/projectML/snum.txt Line: 204
Warning (10230): Verilog HDL assignment warning at snum.txt(205): truncated value with size 12 to match size of target (10) File: D:/verilogProject/projectML/projectML/snum.txt Line: 205
Warning (10230): Verilog HDL assignment warning at snum.txt(206): truncated value with size 12 to match size of target (10) File: D:/verilogProject/projectML/projectML/snum.txt Line: 206
Warning (10230): Verilog HDL assignment warning at snum.txt(207): truncated value with size 12 to match size of target (10) File: D:/verilogProject/projectML/projectML/snum.txt Line: 207
Warning (10230): Verilog HDL assignment warning at snum.txt(208): truncated value with size 12 to match size of target (10) File: D:/verilogProject/projectML/projectML/snum.txt Line: 208
Warning (10230): Verilog HDL assignment warning at snum.txt(209): truncated value with size 12 to match size of target (10) File: D:/verilogProject/projectML/projectML/snum.txt Line: 209
Warning (10230): Verilog HDL assignment warning at snum.txt(210): truncated value with size 12 to match size of target (10) File: D:/verilogProject/projectML/projectML/snum.txt Line: 210
Warning (10230): Verilog HDL assignment warning at snum.txt(211): truncated value with size 12 to match size of target (10) File: D:/verilogProject/projectML/projectML/snum.txt Line: 211
Warning (10230): Verilog HDL assignment warning at snum.txt(212): truncated value with size 12 to match size of target (10) File: D:/verilogProject/projectML/projectML/snum.txt Line: 212
Warning (10230): Verilog HDL assignment warning at snum.txt(213): truncated value with size 12 to match size of target (10) File: D:/verilogProject/projectML/projectML/snum.txt Line: 213
Warning (10230): Verilog HDL assignment warning at snum.txt(214): truncated value with size 12 to match size of target (10) File: D:/verilogProject/projectML/projectML/snum.txt Line: 214
Warning (10230): Verilog HDL assignment warning at snum.txt(215): truncated value with size 12 to match size of target (10) File: D:/verilogProject/projectML/projectML/snum.txt Line: 215
Warning (10230): Verilog HDL assignment warning at snum.txt(216): truncated value with size 12 to match size of target (10) File: D:/verilogProject/projectML/projectML/snum.txt Line: 216
Warning (10230): Verilog HDL assignment warning at snum.txt(217): truncated value with size 12 to match size of target (10) File: D:/verilogProject/projectML/projectML/snum.txt Line: 217
Warning (10230): Verilog HDL assignment warning at snum.txt(218): truncated value with size 12 to match size of target (10) File: D:/verilogProject/projectML/projectML/snum.txt Line: 218
Warning (10230): Verilog HDL assignment warning at snum.txt(219): truncated value with size 12 to match size of target (10) File: D:/verilogProject/projectML/projectML/snum.txt Line: 219
Warning (10230): Verilog HDL assignment warning at snum.txt(220): truncated value with size 12 to match size of target (10) File: D:/verilogProject/projectML/projectML/snum.txt Line: 220
Warning (10230): Verilog HDL assignment warning at snum.txt(221): truncated value with size 12 to match size of target (10) File: D:/verilogProject/projectML/projectML/snum.txt Line: 221
Warning (10230): Verilog HDL assignment warning at snum.txt(222): truncated value with size 12 to match size of target (10) File: D:/verilogProject/projectML/projectML/snum.txt Line: 222
Warning (10230): Verilog HDL assignment warning at snum.txt(223): truncated value with size 12 to match size of target (10) File: D:/verilogProject/projectML/projectML/snum.txt Line: 223
Warning (10230): Verilog HDL assignment warning at snum.txt(224): truncated value with size 12 to match size of target (10) File: D:/verilogProject/projectML/projectML/snum.txt Line: 224
Warning (10230): Verilog HDL assignment warning at snum.txt(225): truncated value with size 12 to match size of target (10) File: D:/verilogProject/projectML/projectML/snum.txt Line: 225
Warning (10230): Verilog HDL assignment warning at snum.txt(226): truncated value with size 12 to match size of target (10) File: D:/verilogProject/projectML/projectML/snum.txt Line: 226
Warning (10230): Verilog HDL assignment warning at snum.txt(227): truncated value with size 12 to match size of target (10) File: D:/verilogProject/projectML/projectML/snum.txt Line: 227
Warning (10230): Verilog HDL assignment warning at snum.txt(228): truncated value with size 12 to match size of target (10) File: D:/verilogProject/projectML/projectML/snum.txt Line: 228
Warning (10230): Verilog HDL assignment warning at snum.txt(229): truncated value with size 12 to match size of target (10) File: D:/verilogProject/projectML/projectML/snum.txt Line: 229
Warning (10230): Verilog HDL assignment warning at snum.txt(230): truncated value with size 12 to match size of target (10) File: D:/verilogProject/projectML/projectML/snum.txt Line: 230
Warning (10230): Verilog HDL assignment warning at snum.txt(231): truncated value with size 12 to match size of target (10) File: D:/verilogProject/projectML/projectML/snum.txt Line: 231
Warning (10230): Verilog HDL assignment warning at snum.txt(232): truncated value with size 12 to match size of target (10) File: D:/verilogProject/projectML/projectML/snum.txt Line: 232
Warning (10230): Verilog HDL assignment warning at snum.txt(233): truncated value with size 12 to match size of target (10) File: D:/verilogProject/projectML/projectML/snum.txt Line: 233
Warning (10230): Verilog HDL assignment warning at snum.txt(234): truncated value with size 12 to match size of target (10) File: D:/verilogProject/projectML/projectML/snum.txt Line: 234
Warning (10230): Verilog HDL assignment warning at snum.txt(235): truncated value with size 12 to match size of target (10) File: D:/verilogProject/projectML/projectML/snum.txt Line: 235
Warning (10230): Verilog HDL assignment warning at snum.txt(236): truncated value with size 12 to match size of target (10) File: D:/verilogProject/projectML/projectML/snum.txt Line: 236
Warning (10230): Verilog HDL assignment warning at snum.txt(237): truncated value with size 12 to match size of target (10) File: D:/verilogProject/projectML/projectML/snum.txt Line: 237
Warning (10230): Verilog HDL assignment warning at snum.txt(238): truncated value with size 12 to match size of target (10) File: D:/verilogProject/projectML/projectML/snum.txt Line: 238
Warning (10230): Verilog HDL assignment warning at snum.txt(239): truncated value with size 12 to match size of target (10) File: D:/verilogProject/projectML/projectML/snum.txt Line: 239
Warning (10230): Verilog HDL assignment warning at snum.txt(240): truncated value with size 12 to match size of target (10) File: D:/verilogProject/projectML/projectML/snum.txt Line: 240
Warning (10230): Verilog HDL assignment warning at snum.txt(241): truncated value with size 12 to match size of target (10) File: D:/verilogProject/projectML/projectML/snum.txt Line: 241
Warning (10230): Verilog HDL assignment warning at snum.txt(242): truncated value with size 12 to match size of target (10) File: D:/verilogProject/projectML/projectML/snum.txt Line: 242
Warning (10230): Verilog HDL assignment warning at snum.txt(243): truncated value with size 12 to match size of target (10) File: D:/verilogProject/projectML/projectML/snum.txt Line: 243
Warning (10230): Verilog HDL assignment warning at snum.txt(244): truncated value with size 12 to match size of target (10) File: D:/verilogProject/projectML/projectML/snum.txt Line: 244
Warning (10230): Verilog HDL assignment warning at snum.txt(245): truncated value with size 12 to match size of target (10) File: D:/verilogProject/projectML/projectML/snum.txt Line: 245
Warning (10230): Verilog HDL assignment warning at snum.txt(246): truncated value with size 12 to match size of target (10) File: D:/verilogProject/projectML/projectML/snum.txt Line: 246
Warning (10230): Verilog HDL assignment warning at snum.txt(247): truncated value with size 12 to match size of target (10) File: D:/verilogProject/projectML/projectML/snum.txt Line: 247
Warning (10230): Verilog HDL assignment warning at snum.txt(248): truncated value with size 12 to match size of target (10) File: D:/verilogProject/projectML/projectML/snum.txt Line: 248
Warning (10230): Verilog HDL assignment warning at snum.txt(249): truncated value with size 12 to match size of target (10) File: D:/verilogProject/projectML/projectML/snum.txt Line: 249
Warning (10230): Verilog HDL assignment warning at snum.txt(250): truncated value with size 12 to match size of target (10) File: D:/verilogProject/projectML/projectML/snum.txt Line: 250
Warning (10230): Verilog HDL assignment warning at snum.txt(251): truncated value with size 12 to match size of target (10) File: D:/verilogProject/projectML/projectML/snum.txt Line: 251
Warning (10230): Verilog HDL assignment warning at snum.txt(252): truncated value with size 12 to match size of target (10) File: D:/verilogProject/projectML/projectML/snum.txt Line: 252
Warning (10230): Verilog HDL assignment warning at snum.txt(253): truncated value with size 12 to match size of target (10) File: D:/verilogProject/projectML/projectML/snum.txt Line: 253
Warning (10230): Verilog HDL assignment warning at snum.txt(254): truncated value with size 12 to match size of target (10) File: D:/verilogProject/projectML/projectML/snum.txt Line: 254
Warning (10230): Verilog HDL assignment warning at snum.txt(255): truncated value with size 12 to match size of target (10) File: D:/verilogProject/projectML/projectML/snum.txt Line: 255
Warning (10230): Verilog HDL assignment warning at snum.txt(256): truncated value with size 12 to match size of target (10) File: D:/verilogProject/projectML/projectML/snum.txt Line: 256
Warning (10230): Verilog HDL assignment warning at snum.txt(257): truncated value with size 12 to match size of target (10) File: D:/verilogProject/projectML/projectML/snum.txt Line: 257
Warning (10230): Verilog HDL assignment warning at snum.txt(258): truncated value with size 12 to match size of target (10) File: D:/verilogProject/projectML/projectML/snum.txt Line: 258
Warning (10230): Verilog HDL assignment warning at snum.txt(259): truncated value with size 12 to match size of target (10) File: D:/verilogProject/projectML/projectML/snum.txt Line: 259
Warning (10230): Verilog HDL assignment warning at snum.txt(260): truncated value with size 12 to match size of target (10) File: D:/verilogProject/projectML/projectML/snum.txt Line: 260
Warning (10230): Verilog HDL assignment warning at snum.txt(261): truncated value with size 12 to match size of target (10) File: D:/verilogProject/projectML/projectML/snum.txt Line: 261
Warning (10230): Verilog HDL assignment warning at snum.txt(262): truncated value with size 12 to match size of target (10) File: D:/verilogProject/projectML/projectML/snum.txt Line: 262
Warning (10230): Verilog HDL assignment warning at snum.txt(263): truncated value with size 12 to match size of target (10) File: D:/verilogProject/projectML/projectML/snum.txt Line: 263
Warning (10230): Verilog HDL assignment warning at snum.txt(264): truncated value with size 12 to match size of target (10) File: D:/verilogProject/projectML/projectML/snum.txt Line: 264
Warning (10230): Verilog HDL assignment warning at snum.txt(265): truncated value with size 12 to match size of target (10) File: D:/verilogProject/projectML/projectML/snum.txt Line: 265
Warning (10230): Verilog HDL assignment warning at snum.txt(266): truncated value with size 12 to match size of target (10) File: D:/verilogProject/projectML/projectML/snum.txt Line: 266
Warning (10230): Verilog HDL assignment warning at snum.txt(267): truncated value with size 12 to match size of target (10) File: D:/verilogProject/projectML/projectML/snum.txt Line: 267
Warning (10230): Verilog HDL assignment warning at snum.txt(268): truncated value with size 12 to match size of target (10) File: D:/verilogProject/projectML/projectML/snum.txt Line: 268
Warning (10230): Verilog HDL assignment warning at snum.txt(269): truncated value with size 12 to match size of target (10) File: D:/verilogProject/projectML/projectML/snum.txt Line: 269
Warning (10230): Verilog HDL assignment warning at snum.txt(270): truncated value with size 12 to match size of target (10) File: D:/verilogProject/projectML/projectML/snum.txt Line: 270
Warning (10230): Verilog HDL assignment warning at snum.txt(271): truncated value with size 12 to match size of target (10) File: D:/verilogProject/projectML/projectML/snum.txt Line: 271
Warning (10230): Verilog HDL assignment warning at snum.txt(272): truncated value with size 12 to match size of target (10) File: D:/verilogProject/projectML/projectML/snum.txt Line: 272
Warning (10230): Verilog HDL assignment warning at snum.txt(273): truncated value with size 12 to match size of target (10) File: D:/verilogProject/projectML/projectML/snum.txt Line: 273
Warning (10230): Verilog HDL assignment warning at snum.txt(274): truncated value with size 12 to match size of target (10) File: D:/verilogProject/projectML/projectML/snum.txt Line: 274
Warning (10230): Verilog HDL assignment warning at snum.txt(275): truncated value with size 12 to match size of target (10) File: D:/verilogProject/projectML/projectML/snum.txt Line: 275
Warning (10230): Verilog HDL assignment warning at snum.txt(276): truncated value with size 12 to match size of target (10) File: D:/verilogProject/projectML/projectML/snum.txt Line: 276
Warning (10230): Verilog HDL assignment warning at snum.txt(277): truncated value with size 12 to match size of target (10) File: D:/verilogProject/projectML/projectML/snum.txt Line: 277
Warning (10230): Verilog HDL assignment warning at snum.txt(278): truncated value with size 12 to match size of target (10) File: D:/verilogProject/projectML/projectML/snum.txt Line: 278
Warning (10230): Verilog HDL assignment warning at snum.txt(279): truncated value with size 12 to match size of target (10) File: D:/verilogProject/projectML/projectML/snum.txt Line: 279
Warning (10230): Verilog HDL assignment warning at snum.txt(280): truncated value with size 12 to match size of target (10) File: D:/verilogProject/projectML/projectML/snum.txt Line: 280
Warning (10230): Verilog HDL assignment warning at snum.txt(281): truncated value with size 12 to match size of target (10) File: D:/verilogProject/projectML/projectML/snum.txt Line: 281
Warning (10230): Verilog HDL assignment warning at snum.txt(282): truncated value with size 12 to match size of target (10) File: D:/verilogProject/projectML/projectML/snum.txt Line: 282
Warning (10230): Verilog HDL assignment warning at snum.txt(283): truncated value with size 12 to match size of target (10) File: D:/verilogProject/projectML/projectML/snum.txt Line: 283
Warning (10230): Verilog HDL assignment warning at snum.txt(284): truncated value with size 12 to match size of target (10) File: D:/verilogProject/projectML/projectML/snum.txt Line: 284
Warning (10230): Verilog HDL assignment warning at snum.txt(285): truncated value with size 12 to match size of target (10) File: D:/verilogProject/projectML/projectML/snum.txt Line: 285
Warning (10230): Verilog HDL assignment warning at snum.txt(286): truncated value with size 12 to match size of target (10) File: D:/verilogProject/projectML/projectML/snum.txt Line: 286
Warning (10230): Verilog HDL assignment warning at snum.txt(287): truncated value with size 12 to match size of target (10) File: D:/verilogProject/projectML/projectML/snum.txt Line: 287
Warning (10230): Verilog HDL assignment warning at snum.txt(288): truncated value with size 12 to match size of target (10) File: D:/verilogProject/projectML/projectML/snum.txt Line: 288
Warning (10230): Verilog HDL assignment warning at snum.txt(289): truncated value with size 12 to match size of target (10) File: D:/verilogProject/projectML/projectML/snum.txt Line: 289
Warning (10230): Verilog HDL assignment warning at snum.txt(290): truncated value with size 12 to match size of target (10) File: D:/verilogProject/projectML/projectML/snum.txt Line: 290
Warning (10230): Verilog HDL assignment warning at snum.txt(291): truncated value with size 12 to match size of target (10) File: D:/verilogProject/projectML/projectML/snum.txt Line: 291
Warning (10230): Verilog HDL assignment warning at snum.txt(292): truncated value with size 12 to match size of target (10) File: D:/verilogProject/projectML/projectML/snum.txt Line: 292
Warning (10230): Verilog HDL assignment warning at snum.txt(293): truncated value with size 12 to match size of target (10) File: D:/verilogProject/projectML/projectML/snum.txt Line: 293
Warning (10230): Verilog HDL assignment warning at snum.txt(294): truncated value with size 12 to match size of target (10) File: D:/verilogProject/projectML/projectML/snum.txt Line: 294
Warning (10230): Verilog HDL assignment warning at snum.txt(295): truncated value with size 12 to match size of target (10) File: D:/verilogProject/projectML/projectML/snum.txt Line: 295
Warning (10230): Verilog HDL assignment warning at snum.txt(296): truncated value with size 12 to match size of target (10) File: D:/verilogProject/projectML/projectML/snum.txt Line: 296
Warning (10230): Verilog HDL assignment warning at snum.txt(297): truncated value with size 12 to match size of target (10) File: D:/verilogProject/projectML/projectML/snum.txt Line: 297
Warning (10230): Verilog HDL assignment warning at snum.txt(298): truncated value with size 12 to match size of target (10) File: D:/verilogProject/projectML/projectML/snum.txt Line: 298
Warning (10230): Verilog HDL assignment warning at snum.txt(299): truncated value with size 12 to match size of target (10) File: D:/verilogProject/projectML/projectML/snum.txt Line: 299
Warning (10230): Verilog HDL assignment warning at snum.txt(300): truncated value with size 12 to match size of target (10) File: D:/verilogProject/projectML/projectML/snum.txt Line: 300
Warning (10230): Verilog HDL assignment warning at snum.txt(301): truncated value with size 12 to match size of target (10) File: D:/verilogProject/projectML/projectML/snum.txt Line: 301
Warning (10230): Verilog HDL assignment warning at snum.txt(302): truncated value with size 12 to match size of target (10) File: D:/verilogProject/projectML/projectML/snum.txt Line: 302
Warning (10230): Verilog HDL assignment warning at snum.txt(303): truncated value with size 12 to match size of target (10) File: D:/verilogProject/projectML/projectML/snum.txt Line: 303
Warning (10230): Verilog HDL assignment warning at snum.txt(304): truncated value with size 12 to match size of target (10) File: D:/verilogProject/projectML/projectML/snum.txt Line: 304
Warning (10230): Verilog HDL assignment warning at snum.txt(305): truncated value with size 12 to match size of target (10) File: D:/verilogProject/projectML/projectML/snum.txt Line: 305
Warning (10230): Verilog HDL assignment warning at snum.txt(306): truncated value with size 12 to match size of target (10) File: D:/verilogProject/projectML/projectML/snum.txt Line: 306
Warning (10230): Verilog HDL assignment warning at snum.txt(307): truncated value with size 12 to match size of target (10) File: D:/verilogProject/projectML/projectML/snum.txt Line: 307
Warning (10230): Verilog HDL assignment warning at snum.txt(308): truncated value with size 12 to match size of target (10) File: D:/verilogProject/projectML/projectML/snum.txt Line: 308
Warning (10230): Verilog HDL assignment warning at snum.txt(309): truncated value with size 12 to match size of target (10) File: D:/verilogProject/projectML/projectML/snum.txt Line: 309
Warning (10230): Verilog HDL assignment warning at snum.txt(310): truncated value with size 12 to match size of target (10) File: D:/verilogProject/projectML/projectML/snum.txt Line: 310
Warning (10230): Verilog HDL assignment warning at snum.txt(311): truncated value with size 12 to match size of target (10) File: D:/verilogProject/projectML/projectML/snum.txt Line: 311
Warning (10230): Verilog HDL assignment warning at snum.txt(312): truncated value with size 12 to match size of target (10) File: D:/verilogProject/projectML/projectML/snum.txt Line: 312
Warning (10230): Verilog HDL assignment warning at snum.txt(313): truncated value with size 12 to match size of target (10) File: D:/verilogProject/projectML/projectML/snum.txt Line: 313
Warning (10230): Verilog HDL assignment warning at snum.txt(314): truncated value with size 12 to match size of target (10) File: D:/verilogProject/projectML/projectML/snum.txt Line: 314
Warning (10230): Verilog HDL assignment warning at snum.txt(315): truncated value with size 12 to match size of target (10) File: D:/verilogProject/projectML/projectML/snum.txt Line: 315
Warning (10230): Verilog HDL assignment warning at snum.txt(316): truncated value with size 12 to match size of target (10) File: D:/verilogProject/projectML/projectML/snum.txt Line: 316
Warning (10230): Verilog HDL assignment warning at snum.txt(317): truncated value with size 12 to match size of target (10) File: D:/verilogProject/projectML/projectML/snum.txt Line: 317
Warning (10230): Verilog HDL assignment warning at snum.txt(318): truncated value with size 12 to match size of target (10) File: D:/verilogProject/projectML/projectML/snum.txt Line: 318
Warning (10230): Verilog HDL assignment warning at snum.txt(319): truncated value with size 12 to match size of target (10) File: D:/verilogProject/projectML/projectML/snum.txt Line: 319
Warning (10230): Verilog HDL assignment warning at snum.txt(320): truncated value with size 12 to match size of target (10) File: D:/verilogProject/projectML/projectML/snum.txt Line: 320
Warning (10230): Verilog HDL assignment warning at snum.txt(321): truncated value with size 12 to match size of target (10) File: D:/verilogProject/projectML/projectML/snum.txt Line: 321
Warning (10230): Verilog HDL assignment warning at snum.txt(322): truncated value with size 12 to match size of target (10) File: D:/verilogProject/projectML/projectML/snum.txt Line: 322
Warning (10230): Verilog HDL assignment warning at snum.txt(323): truncated value with size 12 to match size of target (10) File: D:/verilogProject/projectML/projectML/snum.txt Line: 323
Warning (10230): Verilog HDL assignment warning at snum.txt(324): truncated value with size 12 to match size of target (10) File: D:/verilogProject/projectML/projectML/snum.txt Line: 324
Warning (10230): Verilog HDL assignment warning at snum.txt(325): truncated value with size 12 to match size of target (10) File: D:/verilogProject/projectML/projectML/snum.txt Line: 325
Warning (10230): Verilog HDL assignment warning at snum.txt(326): truncated value with size 12 to match size of target (10) File: D:/verilogProject/projectML/projectML/snum.txt Line: 326
Warning (10230): Verilog HDL assignment warning at snum.txt(327): truncated value with size 12 to match size of target (10) File: D:/verilogProject/projectML/projectML/snum.txt Line: 327
Warning (10230): Verilog HDL assignment warning at snum.txt(328): truncated value with size 12 to match size of target (10) File: D:/verilogProject/projectML/projectML/snum.txt Line: 328
Warning (10230): Verilog HDL assignment warning at snum.txt(329): truncated value with size 12 to match size of target (10) File: D:/verilogProject/projectML/projectML/snum.txt Line: 329
Warning (10230): Verilog HDL assignment warning at snum.txt(330): truncated value with size 12 to match size of target (10) File: D:/verilogProject/projectML/projectML/snum.txt Line: 330
Warning (10230): Verilog HDL assignment warning at snum.txt(331): truncated value with size 12 to match size of target (10) File: D:/verilogProject/projectML/projectML/snum.txt Line: 331
Warning (10230): Verilog HDL assignment warning at snum.txt(332): truncated value with size 12 to match size of target (10) File: D:/verilogProject/projectML/projectML/snum.txt Line: 332
Warning (10230): Verilog HDL assignment warning at snum.txt(333): truncated value with size 12 to match size of target (10) File: D:/verilogProject/projectML/projectML/snum.txt Line: 333
Warning (10230): Verilog HDL assignment warning at snum.txt(334): truncated value with size 12 to match size of target (10) File: D:/verilogProject/projectML/projectML/snum.txt Line: 334
Warning (10230): Verilog HDL assignment warning at snum.txt(335): truncated value with size 12 to match size of target (10) File: D:/verilogProject/projectML/projectML/snum.txt Line: 335
Warning (10230): Verilog HDL assignment warning at snum.txt(336): truncated value with size 12 to match size of target (10) File: D:/verilogProject/projectML/projectML/snum.txt Line: 336
Warning (10230): Verilog HDL assignment warning at snum.txt(337): truncated value with size 12 to match size of target (10) File: D:/verilogProject/projectML/projectML/snum.txt Line: 337
Warning (10230): Verilog HDL assignment warning at snum.txt(338): truncated value with size 12 to match size of target (10) File: D:/verilogProject/projectML/projectML/snum.txt Line: 338
Warning (10230): Verilog HDL assignment warning at snum.txt(339): truncated value with size 12 to match size of target (10) File: D:/verilogProject/projectML/projectML/snum.txt Line: 339
Warning (10230): Verilog HDL assignment warning at snum.txt(340): truncated value with size 12 to match size of target (10) File: D:/verilogProject/projectML/projectML/snum.txt Line: 340
Warning (10230): Verilog HDL assignment warning at snum.txt(341): truncated value with size 12 to match size of target (10) File: D:/verilogProject/projectML/projectML/snum.txt Line: 341
Warning (10230): Verilog HDL assignment warning at snum.txt(342): truncated value with size 12 to match size of target (10) File: D:/verilogProject/projectML/projectML/snum.txt Line: 342
Warning (10230): Verilog HDL assignment warning at snum.txt(343): truncated value with size 12 to match size of target (10) File: D:/verilogProject/projectML/projectML/snum.txt Line: 343
Warning (10230): Verilog HDL assignment warning at snum.txt(344): truncated value with size 12 to match size of target (10) File: D:/verilogProject/projectML/projectML/snum.txt Line: 344
Warning (10230): Verilog HDL assignment warning at snum.txt(345): truncated value with size 12 to match size of target (10) File: D:/verilogProject/projectML/projectML/snum.txt Line: 345
Warning (10230): Verilog HDL assignment warning at snum.txt(346): truncated value with size 12 to match size of target (10) File: D:/verilogProject/projectML/projectML/snum.txt Line: 346
Warning (10230): Verilog HDL assignment warning at snum.txt(347): truncated value with size 12 to match size of target (10) File: D:/verilogProject/projectML/projectML/snum.txt Line: 347
Warning (10230): Verilog HDL assignment warning at snum.txt(348): truncated value with size 12 to match size of target (10) File: D:/verilogProject/projectML/projectML/snum.txt Line: 348
Warning (10230): Verilog HDL assignment warning at snum.txt(349): truncated value with size 12 to match size of target (10) File: D:/verilogProject/projectML/projectML/snum.txt Line: 349
Warning (10230): Verilog HDL assignment warning at snum.txt(350): truncated value with size 12 to match size of target (10) File: D:/verilogProject/projectML/projectML/snum.txt Line: 350
Warning (10230): Verilog HDL assignment warning at snum.txt(351): truncated value with size 12 to match size of target (10) File: D:/verilogProject/projectML/projectML/snum.txt Line: 351
Warning (10230): Verilog HDL assignment warning at snum.txt(352): truncated value with size 12 to match size of target (10) File: D:/verilogProject/projectML/projectML/snum.txt Line: 352
Warning (10230): Verilog HDL assignment warning at snum.txt(353): truncated value with size 12 to match size of target (10) File: D:/verilogProject/projectML/projectML/snum.txt Line: 353
Warning (10230): Verilog HDL assignment warning at snum.txt(354): truncated value with size 12 to match size of target (10) File: D:/verilogProject/projectML/projectML/snum.txt Line: 354
Warning (10230): Verilog HDL assignment warning at snum.txt(355): truncated value with size 12 to match size of target (10) File: D:/verilogProject/projectML/projectML/snum.txt Line: 355
Warning (10230): Verilog HDL assignment warning at snum.txt(356): truncated value with size 12 to match size of target (10) File: D:/verilogProject/projectML/projectML/snum.txt Line: 356
Warning (10230): Verilog HDL assignment warning at snum.txt(357): truncated value with size 12 to match size of target (10) File: D:/verilogProject/projectML/projectML/snum.txt Line: 357
Warning (10230): Verilog HDL assignment warning at snum.txt(358): truncated value with size 12 to match size of target (10) File: D:/verilogProject/projectML/projectML/snum.txt Line: 358
Warning (10230): Verilog HDL assignment warning at snum.txt(359): truncated value with size 12 to match size of target (10) File: D:/verilogProject/projectML/projectML/snum.txt Line: 359
Warning (10230): Verilog HDL assignment warning at snum.txt(360): truncated value with size 12 to match size of target (10) File: D:/verilogProject/projectML/projectML/snum.txt Line: 360
Warning (10230): Verilog HDL assignment warning at snum.txt(361): truncated value with size 12 to match size of target (10) File: D:/verilogProject/projectML/projectML/snum.txt Line: 361
Warning (10230): Verilog HDL assignment warning at snum.txt(362): truncated value with size 12 to match size of target (10) File: D:/verilogProject/projectML/projectML/snum.txt Line: 362
Warning (10230): Verilog HDL assignment warning at snum.txt(363): truncated value with size 12 to match size of target (10) File: D:/verilogProject/projectML/projectML/snum.txt Line: 363
Warning (10230): Verilog HDL assignment warning at snum.txt(364): truncated value with size 12 to match size of target (10) File: D:/verilogProject/projectML/projectML/snum.txt Line: 364
Warning (10230): Verilog HDL assignment warning at snum.txt(365): truncated value with size 12 to match size of target (10) File: D:/verilogProject/projectML/projectML/snum.txt Line: 365
Warning (10230): Verilog HDL assignment warning at snum.txt(366): truncated value with size 12 to match size of target (10) File: D:/verilogProject/projectML/projectML/snum.txt Line: 366
Warning (10230): Verilog HDL assignment warning at snum.txt(367): truncated value with size 12 to match size of target (10) File: D:/verilogProject/projectML/projectML/snum.txt Line: 367
Warning (10230): Verilog HDL assignment warning at snum.txt(368): truncated value with size 12 to match size of target (10) File: D:/verilogProject/projectML/projectML/snum.txt Line: 368
Warning (10230): Verilog HDL assignment warning at snum.txt(369): truncated value with size 12 to match size of target (10) File: D:/verilogProject/projectML/projectML/snum.txt Line: 369
Warning (10230): Verilog HDL assignment warning at snum.txt(370): truncated value with size 12 to match size of target (10) File: D:/verilogProject/projectML/projectML/snum.txt Line: 370
Warning (10230): Verilog HDL assignment warning at snum.txt(371): truncated value with size 12 to match size of target (10) File: D:/verilogProject/projectML/projectML/snum.txt Line: 371
Warning (10230): Verilog HDL assignment warning at snum.txt(372): truncated value with size 12 to match size of target (10) File: D:/verilogProject/projectML/projectML/snum.txt Line: 372
Warning (10230): Verilog HDL assignment warning at snum.txt(373): truncated value with size 12 to match size of target (10) File: D:/verilogProject/projectML/projectML/snum.txt Line: 373
Warning (10230): Verilog HDL assignment warning at snum.txt(374): truncated value with size 12 to match size of target (10) File: D:/verilogProject/projectML/projectML/snum.txt Line: 374
Warning (10230): Verilog HDL assignment warning at snum.txt(375): truncated value with size 12 to match size of target (10) File: D:/verilogProject/projectML/projectML/snum.txt Line: 375
Warning (10230): Verilog HDL assignment warning at snum.txt(376): truncated value with size 12 to match size of target (10) File: D:/verilogProject/projectML/projectML/snum.txt Line: 376
Warning (10230): Verilog HDL assignment warning at snum.txt(377): truncated value with size 12 to match size of target (10) File: D:/verilogProject/projectML/projectML/snum.txt Line: 377
Warning (10230): Verilog HDL assignment warning at snum.txt(378): truncated value with size 12 to match size of target (10) File: D:/verilogProject/projectML/projectML/snum.txt Line: 378
Warning (10230): Verilog HDL assignment warning at snum.txt(379): truncated value with size 12 to match size of target (10) File: D:/verilogProject/projectML/projectML/snum.txt Line: 379
Warning (10230): Verilog HDL assignment warning at snum.txt(380): truncated value with size 12 to match size of target (10) File: D:/verilogProject/projectML/projectML/snum.txt Line: 380
Warning (10230): Verilog HDL assignment warning at snum.txt(381): truncated value with size 12 to match size of target (10) File: D:/verilogProject/projectML/projectML/snum.txt Line: 381
Warning (10230): Verilog HDL assignment warning at snum.txt(382): truncated value with size 12 to match size of target (10) File: D:/verilogProject/projectML/projectML/snum.txt Line: 382
Warning (10230): Verilog HDL assignment warning at snum.txt(383): truncated value with size 12 to match size of target (10) File: D:/verilogProject/projectML/projectML/snum.txt Line: 383
Warning (10230): Verilog HDL assignment warning at snum.txt(384): truncated value with size 12 to match size of target (10) File: D:/verilogProject/projectML/projectML/snum.txt Line: 384
Warning (10230): Verilog HDL assignment warning at snum.txt(385): truncated value with size 12 to match size of target (10) File: D:/verilogProject/projectML/projectML/snum.txt Line: 385
Warning (10230): Verilog HDL assignment warning at snum.txt(386): truncated value with size 12 to match size of target (10) File: D:/verilogProject/projectML/projectML/snum.txt Line: 386
Warning (10230): Verilog HDL assignment warning at snum.txt(387): truncated value with size 12 to match size of target (10) File: D:/verilogProject/projectML/projectML/snum.txt Line: 387
Warning (10230): Verilog HDL assignment warning at snum.txt(388): truncated value with size 12 to match size of target (10) File: D:/verilogProject/projectML/projectML/snum.txt Line: 388
Warning (10230): Verilog HDL assignment warning at snum.txt(389): truncated value with size 12 to match size of target (10) File: D:/verilogProject/projectML/projectML/snum.txt Line: 389
Warning (10230): Verilog HDL assignment warning at snum.txt(390): truncated value with size 12 to match size of target (10) File: D:/verilogProject/projectML/projectML/snum.txt Line: 390
Warning (10230): Verilog HDL assignment warning at snum.txt(391): truncated value with size 12 to match size of target (10) File: D:/verilogProject/projectML/projectML/snum.txt Line: 391
Warning (10230): Verilog HDL assignment warning at snum.txt(392): truncated value with size 12 to match size of target (10) File: D:/verilogProject/projectML/projectML/snum.txt Line: 392
Warning (10230): Verilog HDL assignment warning at snum.txt(393): truncated value with size 12 to match size of target (10) File: D:/verilogProject/projectML/projectML/snum.txt Line: 393
Warning (10230): Verilog HDL assignment warning at snum.txt(394): truncated value with size 12 to match size of target (10) File: D:/verilogProject/projectML/projectML/snum.txt Line: 394
Warning (10230): Verilog HDL assignment warning at snum.txt(395): truncated value with size 12 to match size of target (10) File: D:/verilogProject/projectML/projectML/snum.txt Line: 395
Warning (10230): Verilog HDL assignment warning at snum.txt(396): truncated value with size 12 to match size of target (10) File: D:/verilogProject/projectML/projectML/snum.txt Line: 396
Warning (10230): Verilog HDL assignment warning at snum.txt(397): truncated value with size 12 to match size of target (10) File: D:/verilogProject/projectML/projectML/snum.txt Line: 397
Warning (10230): Verilog HDL assignment warning at snum.txt(398): truncated value with size 12 to match size of target (10) File: D:/verilogProject/projectML/projectML/snum.txt Line: 398
Warning (10230): Verilog HDL assignment warning at snum.txt(399): truncated value with size 12 to match size of target (10) File: D:/verilogProject/projectML/projectML/snum.txt Line: 399
Warning (10230): Verilog HDL assignment warning at snum.txt(400): truncated value with size 12 to match size of target (10) File: D:/verilogProject/projectML/projectML/snum.txt Line: 400
Warning (10230): Verilog HDL assignment warning at snum.txt(401): truncated value with size 12 to match size of target (10) File: D:/verilogProject/projectML/projectML/snum.txt Line: 401
Warning (10230): Verilog HDL assignment warning at snum.txt(402): truncated value with size 12 to match size of target (10) File: D:/verilogProject/projectML/projectML/snum.txt Line: 402
Warning (10230): Verilog HDL assignment warning at snum.txt(403): truncated value with size 12 to match size of target (10) File: D:/verilogProject/projectML/projectML/snum.txt Line: 403
Warning (10230): Verilog HDL assignment warning at snum.txt(404): truncated value with size 12 to match size of target (10) File: D:/verilogProject/projectML/projectML/snum.txt Line: 404
Warning (10230): Verilog HDL assignment warning at snum.txt(405): truncated value with size 12 to match size of target (10) File: D:/verilogProject/projectML/projectML/snum.txt Line: 405
Warning (10230): Verilog HDL assignment warning at snum.txt(406): truncated value with size 12 to match size of target (10) File: D:/verilogProject/projectML/projectML/snum.txt Line: 406
Warning (10230): Verilog HDL assignment warning at snum.txt(407): truncated value with size 12 to match size of target (10) File: D:/verilogProject/projectML/projectML/snum.txt Line: 407
Warning (10230): Verilog HDL assignment warning at snum.txt(408): truncated value with size 12 to match size of target (10) File: D:/verilogProject/projectML/projectML/snum.txt Line: 408
Warning (10230): Verilog HDL assignment warning at snum.txt(409): truncated value with size 12 to match size of target (10) File: D:/verilogProject/projectML/projectML/snum.txt Line: 409
Warning (10230): Verilog HDL assignment warning at snum.txt(410): truncated value with size 12 to match size of target (10) File: D:/verilogProject/projectML/projectML/snum.txt Line: 410
Warning (10230): Verilog HDL assignment warning at snum.txt(411): truncated value with size 12 to match size of target (10) File: D:/verilogProject/projectML/projectML/snum.txt Line: 411
Warning (10230): Verilog HDL assignment warning at snum.txt(412): truncated value with size 12 to match size of target (10) File: D:/verilogProject/projectML/projectML/snum.txt Line: 412
Warning (10230): Verilog HDL assignment warning at snum.txt(413): truncated value with size 12 to match size of target (10) File: D:/verilogProject/projectML/projectML/snum.txt Line: 413
Warning (10230): Verilog HDL assignment warning at snum.txt(414): truncated value with size 12 to match size of target (10) File: D:/verilogProject/projectML/projectML/snum.txt Line: 414
Warning (10230): Verilog HDL assignment warning at snum.txt(415): truncated value with size 12 to match size of target (10) File: D:/verilogProject/projectML/projectML/snum.txt Line: 415
Warning (10230): Verilog HDL assignment warning at snum.txt(416): truncated value with size 12 to match size of target (10) File: D:/verilogProject/projectML/projectML/snum.txt Line: 416
Warning (10230): Verilog HDL assignment warning at snum.txt(417): truncated value with size 12 to match size of target (10) File: D:/verilogProject/projectML/projectML/snum.txt Line: 417
Warning (10230): Verilog HDL assignment warning at snum.txt(418): truncated value with size 12 to match size of target (10) File: D:/verilogProject/projectML/projectML/snum.txt Line: 418
Warning (10230): Verilog HDL assignment warning at snum.txt(419): truncated value with size 12 to match size of target (10) File: D:/verilogProject/projectML/projectML/snum.txt Line: 419
Warning (10230): Verilog HDL assignment warning at snum.txt(420): truncated value with size 12 to match size of target (10) File: D:/verilogProject/projectML/projectML/snum.txt Line: 420
Warning (10230): Verilog HDL assignment warning at snum.txt(421): truncated value with size 12 to match size of target (10) File: D:/verilogProject/projectML/projectML/snum.txt Line: 421
Warning (10230): Verilog HDL assignment warning at snum.txt(422): truncated value with size 12 to match size of target (10) File: D:/verilogProject/projectML/projectML/snum.txt Line: 422
Warning (10230): Verilog HDL assignment warning at snum.txt(423): truncated value with size 12 to match size of target (10) File: D:/verilogProject/projectML/projectML/snum.txt Line: 423
Warning (10230): Verilog HDL assignment warning at snum.txt(424): truncated value with size 12 to match size of target (10) File: D:/verilogProject/projectML/projectML/snum.txt Line: 424
Warning (10230): Verilog HDL assignment warning at snum.txt(425): truncated value with size 12 to match size of target (10) File: D:/verilogProject/projectML/projectML/snum.txt Line: 425
Warning (10230): Verilog HDL assignment warning at snum.txt(426): truncated value with size 12 to match size of target (10) File: D:/verilogProject/projectML/projectML/snum.txt Line: 426
Warning (10230): Verilog HDL assignment warning at snum.txt(427): truncated value with size 12 to match size of target (10) File: D:/verilogProject/projectML/projectML/snum.txt Line: 427
Warning (10230): Verilog HDL assignment warning at snum.txt(428): truncated value with size 12 to match size of target (10) File: D:/verilogProject/projectML/projectML/snum.txt Line: 428
Warning (10230): Verilog HDL assignment warning at snum.txt(429): truncated value with size 12 to match size of target (10) File: D:/verilogProject/projectML/projectML/snum.txt Line: 429
Warning (10230): Verilog HDL assignment warning at snum.txt(430): truncated value with size 12 to match size of target (10) File: D:/verilogProject/projectML/projectML/snum.txt Line: 430
Warning (10230): Verilog HDL assignment warning at snum.txt(431): truncated value with size 12 to match size of target (10) File: D:/verilogProject/projectML/projectML/snum.txt Line: 431
Warning (10230): Verilog HDL assignment warning at snum.txt(432): truncated value with size 12 to match size of target (10) File: D:/verilogProject/projectML/projectML/snum.txt Line: 432
Warning (10230): Verilog HDL assignment warning at snum.txt(433): truncated value with size 12 to match size of target (10) File: D:/verilogProject/projectML/projectML/snum.txt Line: 433
Warning (10230): Verilog HDL assignment warning at snum.txt(434): truncated value with size 12 to match size of target (10) File: D:/verilogProject/projectML/projectML/snum.txt Line: 434
Warning (10230): Verilog HDL assignment warning at snum.txt(435): truncated value with size 12 to match size of target (10) File: D:/verilogProject/projectML/projectML/snum.txt Line: 435
Warning (10230): Verilog HDL assignment warning at snum.txt(436): truncated value with size 12 to match size of target (10) File: D:/verilogProject/projectML/projectML/snum.txt Line: 436
Warning (10230): Verilog HDL assignment warning at snum.txt(437): truncated value with size 12 to match size of target (10) File: D:/verilogProject/projectML/projectML/snum.txt Line: 437
Warning (10230): Verilog HDL assignment warning at snum.txt(438): truncated value with size 12 to match size of target (10) File: D:/verilogProject/projectML/projectML/snum.txt Line: 438
Warning (10230): Verilog HDL assignment warning at snum.txt(439): truncated value with size 12 to match size of target (10) File: D:/verilogProject/projectML/projectML/snum.txt Line: 439
Warning (10230): Verilog HDL assignment warning at snum.txt(440): truncated value with size 12 to match size of target (10) File: D:/verilogProject/projectML/projectML/snum.txt Line: 440
Warning (10230): Verilog HDL assignment warning at snum.txt(441): truncated value with size 12 to match size of target (10) File: D:/verilogProject/projectML/projectML/snum.txt Line: 441
Warning (10230): Verilog HDL assignment warning at snum.txt(442): truncated value with size 12 to match size of target (10) File: D:/verilogProject/projectML/projectML/snum.txt Line: 442
Warning (10230): Verilog HDL assignment warning at snum.txt(443): truncated value with size 12 to match size of target (10) File: D:/verilogProject/projectML/projectML/snum.txt Line: 443
Warning (10230): Verilog HDL assignment warning at snum.txt(444): truncated value with size 12 to match size of target (10) File: D:/verilogProject/projectML/projectML/snum.txt Line: 444
Warning (10230): Verilog HDL assignment warning at snum.txt(445): truncated value with size 12 to match size of target (10) File: D:/verilogProject/projectML/projectML/snum.txt Line: 445
Warning (10230): Verilog HDL assignment warning at snum.txt(446): truncated value with size 12 to match size of target (10) File: D:/verilogProject/projectML/projectML/snum.txt Line: 446
Warning (10230): Verilog HDL assignment warning at snum.txt(447): truncated value with size 12 to match size of target (10) File: D:/verilogProject/projectML/projectML/snum.txt Line: 447
Warning (10230): Verilog HDL assignment warning at snum.txt(448): truncated value with size 12 to match size of target (10) File: D:/verilogProject/projectML/projectML/snum.txt Line: 448
Warning (10230): Verilog HDL assignment warning at snum.txt(449): truncated value with size 12 to match size of target (10) File: D:/verilogProject/projectML/projectML/snum.txt Line: 449
Warning (10230): Verilog HDL assignment warning at snum.txt(450): truncated value with size 12 to match size of target (10) File: D:/verilogProject/projectML/projectML/snum.txt Line: 450
Warning (10230): Verilog HDL assignment warning at snum.txt(451): truncated value with size 12 to match size of target (10) File: D:/verilogProject/projectML/projectML/snum.txt Line: 451
Warning (10230): Verilog HDL assignment warning at snum.txt(452): truncated value with size 12 to match size of target (10) File: D:/verilogProject/projectML/projectML/snum.txt Line: 452
Warning (10230): Verilog HDL assignment warning at snum.txt(453): truncated value with size 12 to match size of target (10) File: D:/verilogProject/projectML/projectML/snum.txt Line: 453
Warning (10230): Verilog HDL assignment warning at snum.txt(454): truncated value with size 12 to match size of target (10) File: D:/verilogProject/projectML/projectML/snum.txt Line: 454
Warning (10230): Verilog HDL assignment warning at snum.txt(455): truncated value with size 12 to match size of target (10) File: D:/verilogProject/projectML/projectML/snum.txt Line: 455
Warning (10230): Verilog HDL assignment warning at snum.txt(456): truncated value with size 12 to match size of target (10) File: D:/verilogProject/projectML/projectML/snum.txt Line: 456
Warning (10230): Verilog HDL assignment warning at snum.txt(457): truncated value with size 12 to match size of target (10) File: D:/verilogProject/projectML/projectML/snum.txt Line: 457
Warning (10230): Verilog HDL assignment warning at snum.txt(458): truncated value with size 12 to match size of target (10) File: D:/verilogProject/projectML/projectML/snum.txt Line: 458
Warning (10230): Verilog HDL assignment warning at snum.txt(459): truncated value with size 12 to match size of target (10) File: D:/verilogProject/projectML/projectML/snum.txt Line: 459
Warning (10230): Verilog HDL assignment warning at snum.txt(460): truncated value with size 12 to match size of target (10) File: D:/verilogProject/projectML/projectML/snum.txt Line: 460
Warning (10230): Verilog HDL assignment warning at snum.txt(461): truncated value with size 12 to match size of target (10) File: D:/verilogProject/projectML/projectML/snum.txt Line: 461
Warning (10230): Verilog HDL assignment warning at snum.txt(462): truncated value with size 12 to match size of target (10) File: D:/verilogProject/projectML/projectML/snum.txt Line: 462
Warning (10230): Verilog HDL assignment warning at snum.txt(463): truncated value with size 12 to match size of target (10) File: D:/verilogProject/projectML/projectML/snum.txt Line: 463
Warning (10230): Verilog HDL assignment warning at snum.txt(464): truncated value with size 12 to match size of target (10) File: D:/verilogProject/projectML/projectML/snum.txt Line: 464
Warning (10230): Verilog HDL assignment warning at snum.txt(465): truncated value with size 12 to match size of target (10) File: D:/verilogProject/projectML/projectML/snum.txt Line: 465
Warning (10230): Verilog HDL assignment warning at snum.txt(466): truncated value with size 12 to match size of target (10) File: D:/verilogProject/projectML/projectML/snum.txt Line: 466
Warning (10230): Verilog HDL assignment warning at snum.txt(467): truncated value with size 12 to match size of target (10) File: D:/verilogProject/projectML/projectML/snum.txt Line: 467
Warning (10230): Verilog HDL assignment warning at snum.txt(468): truncated value with size 12 to match size of target (10) File: D:/verilogProject/projectML/projectML/snum.txt Line: 468
Warning (10230): Verilog HDL assignment warning at snum.txt(469): truncated value with size 12 to match size of target (10) File: D:/verilogProject/projectML/projectML/snum.txt Line: 469
Warning (10230): Verilog HDL assignment warning at snum.txt(470): truncated value with size 12 to match size of target (10) File: D:/verilogProject/projectML/projectML/snum.txt Line: 470
Warning (10230): Verilog HDL assignment warning at snum.txt(471): truncated value with size 12 to match size of target (10) File: D:/verilogProject/projectML/projectML/snum.txt Line: 471
Warning (10230): Verilog HDL assignment warning at snum.txt(472): truncated value with size 12 to match size of target (10) File: D:/verilogProject/projectML/projectML/snum.txt Line: 472
Warning (10230): Verilog HDL assignment warning at snum.txt(473): truncated value with size 12 to match size of target (10) File: D:/verilogProject/projectML/projectML/snum.txt Line: 473
Warning (10230): Verilog HDL assignment warning at snum.txt(474): truncated value with size 12 to match size of target (10) File: D:/verilogProject/projectML/projectML/snum.txt Line: 474
Warning (10230): Verilog HDL assignment warning at snum.txt(475): truncated value with size 12 to match size of target (10) File: D:/verilogProject/projectML/projectML/snum.txt Line: 475
Warning (10230): Verilog HDL assignment warning at snum.txt(476): truncated value with size 12 to match size of target (10) File: D:/verilogProject/projectML/projectML/snum.txt Line: 476
Warning (10230): Verilog HDL assignment warning at snum.txt(477): truncated value with size 12 to match size of target (10) File: D:/verilogProject/projectML/projectML/snum.txt Line: 477
Warning (10230): Verilog HDL assignment warning at snum.txt(478): truncated value with size 12 to match size of target (10) File: D:/verilogProject/projectML/projectML/snum.txt Line: 478
Warning (10230): Verilog HDL assignment warning at snum.txt(479): truncated value with size 12 to match size of target (10) File: D:/verilogProject/projectML/projectML/snum.txt Line: 479
Warning (10230): Verilog HDL assignment warning at snum.txt(480): truncated value with size 12 to match size of target (10) File: D:/verilogProject/projectML/projectML/snum.txt Line: 480
Warning (10230): Verilog HDL assignment warning at snum.txt(481): truncated value with size 12 to match size of target (10) File: D:/verilogProject/projectML/projectML/snum.txt Line: 481
Warning (10230): Verilog HDL assignment warning at snum.txt(482): truncated value with size 12 to match size of target (10) File: D:/verilogProject/projectML/projectML/snum.txt Line: 482
Warning (10230): Verilog HDL assignment warning at snum.txt(483): truncated value with size 12 to match size of target (10) File: D:/verilogProject/projectML/projectML/snum.txt Line: 483
Warning (10230): Verilog HDL assignment warning at snum.txt(484): truncated value with size 12 to match size of target (10) File: D:/verilogProject/projectML/projectML/snum.txt Line: 484
Warning (10230): Verilog HDL assignment warning at snum.txt(485): truncated value with size 12 to match size of target (10) File: D:/verilogProject/projectML/projectML/snum.txt Line: 485
Warning (10230): Verilog HDL assignment warning at snum.txt(486): truncated value with size 12 to match size of target (10) File: D:/verilogProject/projectML/projectML/snum.txt Line: 486
Warning (10230): Verilog HDL assignment warning at snum.txt(487): truncated value with size 12 to match size of target (10) File: D:/verilogProject/projectML/projectML/snum.txt Line: 487
Warning (10230): Verilog HDL assignment warning at snum.txt(488): truncated value with size 12 to match size of target (10) File: D:/verilogProject/projectML/projectML/snum.txt Line: 488
Warning (10230): Verilog HDL assignment warning at snum.txt(489): truncated value with size 12 to match size of target (10) File: D:/verilogProject/projectML/projectML/snum.txt Line: 489
Warning (10230): Verilog HDL assignment warning at snum.txt(490): truncated value with size 12 to match size of target (10) File: D:/verilogProject/projectML/projectML/snum.txt Line: 490
Warning (10230): Verilog HDL assignment warning at snum.txt(491): truncated value with size 12 to match size of target (10) File: D:/verilogProject/projectML/projectML/snum.txt Line: 491
Warning (10230): Verilog HDL assignment warning at snum.txt(492): truncated value with size 12 to match size of target (10) File: D:/verilogProject/projectML/projectML/snum.txt Line: 492
Warning (10230): Verilog HDL assignment warning at snum.txt(493): truncated value with size 12 to match size of target (10) File: D:/verilogProject/projectML/projectML/snum.txt Line: 493
Warning (10230): Verilog HDL assignment warning at snum.txt(494): truncated value with size 12 to match size of target (10) File: D:/verilogProject/projectML/projectML/snum.txt Line: 494
Warning (10230): Verilog HDL assignment warning at snum.txt(495): truncated value with size 12 to match size of target (10) File: D:/verilogProject/projectML/projectML/snum.txt Line: 495
Warning (10230): Verilog HDL assignment warning at snum.txt(496): truncated value with size 12 to match size of target (10) File: D:/verilogProject/projectML/projectML/snum.txt Line: 496
Warning (10230): Verilog HDL assignment warning at snum.txt(497): truncated value with size 12 to match size of target (10) File: D:/verilogProject/projectML/projectML/snum.txt Line: 497
Warning (10230): Verilog HDL assignment warning at snum.txt(498): truncated value with size 12 to match size of target (10) File: D:/verilogProject/projectML/projectML/snum.txt Line: 498
Warning (10230): Verilog HDL assignment warning at snum.txt(499): truncated value with size 12 to match size of target (10) File: D:/verilogProject/projectML/projectML/snum.txt Line: 499
Warning (10230): Verilog HDL assignment warning at snum.txt(500): truncated value with size 12 to match size of target (10) File: D:/verilogProject/projectML/projectML/snum.txt Line: 500
Warning (10230): Verilog HDL assignment warning at snum.txt(501): truncated value with size 12 to match size of target (10) File: D:/verilogProject/projectML/projectML/snum.txt Line: 501
Warning (10230): Verilog HDL assignment warning at snum.txt(502): truncated value with size 12 to match size of target (10) File: D:/verilogProject/projectML/projectML/snum.txt Line: 502
Warning (10230): Verilog HDL assignment warning at snum.txt(503): truncated value with size 12 to match size of target (10) File: D:/verilogProject/projectML/projectML/snum.txt Line: 503
Warning (10230): Verilog HDL assignment warning at snum.txt(504): truncated value with size 12 to match size of target (10) File: D:/verilogProject/projectML/projectML/snum.txt Line: 504
Warning (10230): Verilog HDL assignment warning at snum.txt(505): truncated value with size 12 to match size of target (10) File: D:/verilogProject/projectML/projectML/snum.txt Line: 505
Warning (10230): Verilog HDL assignment warning at snum.txt(506): truncated value with size 12 to match size of target (10) File: D:/verilogProject/projectML/projectML/snum.txt Line: 506
Warning (10230): Verilog HDL assignment warning at snum.txt(507): truncated value with size 12 to match size of target (10) File: D:/verilogProject/projectML/projectML/snum.txt Line: 507
Warning (10230): Verilog HDL assignment warning at snum.txt(508): truncated value with size 12 to match size of target (10) File: D:/verilogProject/projectML/projectML/snum.txt Line: 508
Warning (10230): Verilog HDL assignment warning at snum.txt(509): truncated value with size 12 to match size of target (10) File: D:/verilogProject/projectML/projectML/snum.txt Line: 509
Warning (10230): Verilog HDL assignment warning at snum.txt(510): truncated value with size 12 to match size of target (10) File: D:/verilogProject/projectML/projectML/snum.txt Line: 510
Warning (10230): Verilog HDL assignment warning at snum.txt(511): truncated value with size 12 to match size of target (10) File: D:/verilogProject/projectML/projectML/snum.txt Line: 511
Warning (10230): Verilog HDL assignment warning at snum.txt(512): truncated value with size 12 to match size of target (10) File: D:/verilogProject/projectML/projectML/snum.txt Line: 512
Warning (10230): Verilog HDL assignment warning at snum.txt(513): truncated value with size 12 to match size of target (10) File: D:/verilogProject/projectML/projectML/snum.txt Line: 513
Warning (10230): Verilog HDL assignment warning at snum.txt(514): truncated value with size 12 to match size of target (10) File: D:/verilogProject/projectML/projectML/snum.txt Line: 514
Warning (10230): Verilog HDL assignment warning at snum.txt(515): truncated value with size 12 to match size of target (10) File: D:/verilogProject/projectML/projectML/snum.txt Line: 515
Warning (10230): Verilog HDL assignment warning at snum.txt(516): truncated value with size 12 to match size of target (10) File: D:/verilogProject/projectML/projectML/snum.txt Line: 516
Warning (10230): Verilog HDL assignment warning at snum.txt(517): truncated value with size 12 to match size of target (10) File: D:/verilogProject/projectML/projectML/snum.txt Line: 517
Warning (10230): Verilog HDL assignment warning at snum.txt(518): truncated value with size 12 to match size of target (10) File: D:/verilogProject/projectML/projectML/snum.txt Line: 518
Warning (10230): Verilog HDL assignment warning at snum.txt(519): truncated value with size 12 to match size of target (10) File: D:/verilogProject/projectML/projectML/snum.txt Line: 519
Warning (10230): Verilog HDL assignment warning at snum.txt(520): truncated value with size 12 to match size of target (10) File: D:/verilogProject/projectML/projectML/snum.txt Line: 520
Warning (10230): Verilog HDL assignment warning at snum.txt(521): truncated value with size 12 to match size of target (10) File: D:/verilogProject/projectML/projectML/snum.txt Line: 521
Warning (10230): Verilog HDL assignment warning at snum.txt(522): truncated value with size 12 to match size of target (10) File: D:/verilogProject/projectML/projectML/snum.txt Line: 522
Warning (10230): Verilog HDL assignment warning at snum.txt(523): truncated value with size 12 to match size of target (10) File: D:/verilogProject/projectML/projectML/snum.txt Line: 523
Warning (10230): Verilog HDL assignment warning at snum.txt(524): truncated value with size 12 to match size of target (10) File: D:/verilogProject/projectML/projectML/snum.txt Line: 524
Warning (10230): Verilog HDL assignment warning at snum.txt(525): truncated value with size 12 to match size of target (10) File: D:/verilogProject/projectML/projectML/snum.txt Line: 525
Warning (10230): Verilog HDL assignment warning at snum.txt(526): truncated value with size 12 to match size of target (10) File: D:/verilogProject/projectML/projectML/snum.txt Line: 526
Warning (10230): Verilog HDL assignment warning at snum.txt(527): truncated value with size 12 to match size of target (10) File: D:/verilogProject/projectML/projectML/snum.txt Line: 527
Warning (10230): Verilog HDL assignment warning at snum.txt(528): truncated value with size 12 to match size of target (10) File: D:/verilogProject/projectML/projectML/snum.txt Line: 528
Warning (10230): Verilog HDL assignment warning at snum.txt(529): truncated value with size 12 to match size of target (10) File: D:/verilogProject/projectML/projectML/snum.txt Line: 529
Warning (10230): Verilog HDL assignment warning at snum.txt(530): truncated value with size 12 to match size of target (10) File: D:/verilogProject/projectML/projectML/snum.txt Line: 530
Warning (10230): Verilog HDL assignment warning at snum.txt(531): truncated value with size 12 to match size of target (10) File: D:/verilogProject/projectML/projectML/snum.txt Line: 531
Warning (10230): Verilog HDL assignment warning at snum.txt(532): truncated value with size 12 to match size of target (10) File: D:/verilogProject/projectML/projectML/snum.txt Line: 532
Warning (10230): Verilog HDL assignment warning at snum.txt(533): truncated value with size 12 to match size of target (10) File: D:/verilogProject/projectML/projectML/snum.txt Line: 533
Warning (10230): Verilog HDL assignment warning at snum.txt(534): truncated value with size 12 to match size of target (10) File: D:/verilogProject/projectML/projectML/snum.txt Line: 534
Warning (10230): Verilog HDL assignment warning at snum.txt(535): truncated value with size 12 to match size of target (10) File: D:/verilogProject/projectML/projectML/snum.txt Line: 535
Warning (10230): Verilog HDL assignment warning at snum.txt(536): truncated value with size 12 to match size of target (10) File: D:/verilogProject/projectML/projectML/snum.txt Line: 536
Warning (10230): Verilog HDL assignment warning at snum.txt(537): truncated value with size 12 to match size of target (10) File: D:/verilogProject/projectML/projectML/snum.txt Line: 537
Warning (10230): Verilog HDL assignment warning at snum.txt(538): truncated value with size 12 to match size of target (10) File: D:/verilogProject/projectML/projectML/snum.txt Line: 538
Warning (10230): Verilog HDL assignment warning at snum.txt(539): truncated value with size 12 to match size of target (10) File: D:/verilogProject/projectML/projectML/snum.txt Line: 539
Warning (10230): Verilog HDL assignment warning at snum.txt(540): truncated value with size 12 to match size of target (10) File: D:/verilogProject/projectML/projectML/snum.txt Line: 540
Warning (10230): Verilog HDL assignment warning at snum.txt(541): truncated value with size 12 to match size of target (10) File: D:/verilogProject/projectML/projectML/snum.txt Line: 541
Warning (10230): Verilog HDL assignment warning at snum.txt(542): truncated value with size 12 to match size of target (10) File: D:/verilogProject/projectML/projectML/snum.txt Line: 542
Warning (10230): Verilog HDL assignment warning at snum.txt(543): truncated value with size 12 to match size of target (10) File: D:/verilogProject/projectML/projectML/snum.txt Line: 543
Warning (10230): Verilog HDL assignment warning at snum.txt(544): truncated value with size 12 to match size of target (10) File: D:/verilogProject/projectML/projectML/snum.txt Line: 544
Warning (10230): Verilog HDL assignment warning at snum.txt(545): truncated value with size 12 to match size of target (10) File: D:/verilogProject/projectML/projectML/snum.txt Line: 545
Warning (10230): Verilog HDL assignment warning at snum.txt(546): truncated value with size 12 to match size of target (10) File: D:/verilogProject/projectML/projectML/snum.txt Line: 546
Warning (10230): Verilog HDL assignment warning at snum.txt(547): truncated value with size 12 to match size of target (10) File: D:/verilogProject/projectML/projectML/snum.txt Line: 547
Warning (10230): Verilog HDL assignment warning at snum.txt(548): truncated value with size 12 to match size of target (10) File: D:/verilogProject/projectML/projectML/snum.txt Line: 548
Warning (10230): Verilog HDL assignment warning at snum.txt(549): truncated value with size 12 to match size of target (10) File: D:/verilogProject/projectML/projectML/snum.txt Line: 549
Warning (10230): Verilog HDL assignment warning at snum.txt(550): truncated value with size 12 to match size of target (10) File: D:/verilogProject/projectML/projectML/snum.txt Line: 550
Warning (10230): Verilog HDL assignment warning at snum.txt(551): truncated value with size 12 to match size of target (10) File: D:/verilogProject/projectML/projectML/snum.txt Line: 551
Warning (10230): Verilog HDL assignment warning at snum.txt(552): truncated value with size 12 to match size of target (10) File: D:/verilogProject/projectML/projectML/snum.txt Line: 552
Warning (10230): Verilog HDL assignment warning at snum.txt(553): truncated value with size 12 to match size of target (10) File: D:/verilogProject/projectML/projectML/snum.txt Line: 553
Warning (10230): Verilog HDL assignment warning at snum.txt(554): truncated value with size 12 to match size of target (10) File: D:/verilogProject/projectML/projectML/snum.txt Line: 554
Warning (10230): Verilog HDL assignment warning at snum.txt(555): truncated value with size 12 to match size of target (10) File: D:/verilogProject/projectML/projectML/snum.txt Line: 555
Warning (10230): Verilog HDL assignment warning at snum.txt(556): truncated value with size 12 to match size of target (10) File: D:/verilogProject/projectML/projectML/snum.txt Line: 556
Warning (10230): Verilog HDL assignment warning at snum.txt(557): truncated value with size 12 to match size of target (10) File: D:/verilogProject/projectML/projectML/snum.txt Line: 557
Warning (10230): Verilog HDL assignment warning at snum.txt(558): truncated value with size 12 to match size of target (10) File: D:/verilogProject/projectML/projectML/snum.txt Line: 558
Warning (10230): Verilog HDL assignment warning at snum.txt(559): truncated value with size 12 to match size of target (10) File: D:/verilogProject/projectML/projectML/snum.txt Line: 559
Warning (10230): Verilog HDL assignment warning at snum.txt(560): truncated value with size 12 to match size of target (10) File: D:/verilogProject/projectML/projectML/snum.txt Line: 560
Warning (10230): Verilog HDL assignment warning at snum.txt(561): truncated value with size 12 to match size of target (10) File: D:/verilogProject/projectML/projectML/snum.txt Line: 561
Warning (10230): Verilog HDL assignment warning at snum.txt(562): truncated value with size 12 to match size of target (10) File: D:/verilogProject/projectML/projectML/snum.txt Line: 562
Warning (10230): Verilog HDL assignment warning at snum.txt(563): truncated value with size 12 to match size of target (10) File: D:/verilogProject/projectML/projectML/snum.txt Line: 563
Warning (10230): Verilog HDL assignment warning at snum.txt(564): truncated value with size 12 to match size of target (10) File: D:/verilogProject/projectML/projectML/snum.txt Line: 564
Warning (10230): Verilog HDL assignment warning at snum.txt(565): truncated value with size 12 to match size of target (10) File: D:/verilogProject/projectML/projectML/snum.txt Line: 565
Warning (10230): Verilog HDL assignment warning at snum.txt(566): truncated value with size 12 to match size of target (10) File: D:/verilogProject/projectML/projectML/snum.txt Line: 566
Warning (10230): Verilog HDL assignment warning at snum.txt(567): truncated value with size 12 to match size of target (10) File: D:/verilogProject/projectML/projectML/snum.txt Line: 567
Warning (10230): Verilog HDL assignment warning at snum.txt(568): truncated value with size 12 to match size of target (10) File: D:/verilogProject/projectML/projectML/snum.txt Line: 568
Warning (10230): Verilog HDL assignment warning at snum.txt(569): truncated value with size 12 to match size of target (10) File: D:/verilogProject/projectML/projectML/snum.txt Line: 569
Warning (10230): Verilog HDL assignment warning at snum.txt(570): truncated value with size 12 to match size of target (10) File: D:/verilogProject/projectML/projectML/snum.txt Line: 570
Warning (10230): Verilog HDL assignment warning at snum.txt(571): truncated value with size 12 to match size of target (10) File: D:/verilogProject/projectML/projectML/snum.txt Line: 571
Warning (10230): Verilog HDL assignment warning at snum.txt(572): truncated value with size 12 to match size of target (10) File: D:/verilogProject/projectML/projectML/snum.txt Line: 572
Warning (10230): Verilog HDL assignment warning at snum.txt(573): truncated value with size 12 to match size of target (10) File: D:/verilogProject/projectML/projectML/snum.txt Line: 573
Warning (10230): Verilog HDL assignment warning at snum.txt(574): truncated value with size 12 to match size of target (10) File: D:/verilogProject/projectML/projectML/snum.txt Line: 574
Warning (10230): Verilog HDL assignment warning at snum.txt(575): truncated value with size 12 to match size of target (10) File: D:/verilogProject/projectML/projectML/snum.txt Line: 575
Warning (10230): Verilog HDL assignment warning at snum.txt(576): truncated value with size 12 to match size of target (10) File: D:/verilogProject/projectML/projectML/snum.txt Line: 576
Warning (10230): Verilog HDL assignment warning at snum.txt(577): truncated value with size 12 to match size of target (10) File: D:/verilogProject/projectML/projectML/snum.txt Line: 577
Warning (10230): Verilog HDL assignment warning at snum.txt(578): truncated value with size 12 to match size of target (10) File: D:/verilogProject/projectML/projectML/snum.txt Line: 578
Warning (10230): Verilog HDL assignment warning at snum.txt(579): truncated value with size 12 to match size of target (10) File: D:/verilogProject/projectML/projectML/snum.txt Line: 579
Warning (10230): Verilog HDL assignment warning at snum.txt(580): truncated value with size 12 to match size of target (10) File: D:/verilogProject/projectML/projectML/snum.txt Line: 580
Warning (10230): Verilog HDL assignment warning at snum.txt(581): truncated value with size 12 to match size of target (10) File: D:/verilogProject/projectML/projectML/snum.txt Line: 581
Warning (10230): Verilog HDL assignment warning at snum.txt(582): truncated value with size 12 to match size of target (10) File: D:/verilogProject/projectML/projectML/snum.txt Line: 582
Warning (10230): Verilog HDL assignment warning at snum.txt(583): truncated value with size 12 to match size of target (10) File: D:/verilogProject/projectML/projectML/snum.txt Line: 583
Warning (10230): Verilog HDL assignment warning at snum.txt(584): truncated value with size 12 to match size of target (10) File: D:/verilogProject/projectML/projectML/snum.txt Line: 584
Warning (10230): Verilog HDL assignment warning at snum.txt(585): truncated value with size 12 to match size of target (10) File: D:/verilogProject/projectML/projectML/snum.txt Line: 585
Warning (10230): Verilog HDL assignment warning at snum.txt(586): truncated value with size 12 to match size of target (10) File: D:/verilogProject/projectML/projectML/snum.txt Line: 586
Warning (10230): Verilog HDL assignment warning at snum.txt(587): truncated value with size 12 to match size of target (10) File: D:/verilogProject/projectML/projectML/snum.txt Line: 587
Warning (10230): Verilog HDL assignment warning at snum.txt(588): truncated value with size 12 to match size of target (10) File: D:/verilogProject/projectML/projectML/snum.txt Line: 588
Warning (10230): Verilog HDL assignment warning at snum.txt(589): truncated value with size 12 to match size of target (10) File: D:/verilogProject/projectML/projectML/snum.txt Line: 589
Warning (10230): Verilog HDL assignment warning at snum.txt(590): truncated value with size 12 to match size of target (10) File: D:/verilogProject/projectML/projectML/snum.txt Line: 590
Warning (10230): Verilog HDL assignment warning at snum.txt(591): truncated value with size 12 to match size of target (10) File: D:/verilogProject/projectML/projectML/snum.txt Line: 591
Warning (10230): Verilog HDL assignment warning at snum.txt(592): truncated value with size 12 to match size of target (10) File: D:/verilogProject/projectML/projectML/snum.txt Line: 592
Warning (10230): Verilog HDL assignment warning at snum.txt(593): truncated value with size 12 to match size of target (10) File: D:/verilogProject/projectML/projectML/snum.txt Line: 593
Warning (10230): Verilog HDL assignment warning at snum.txt(594): truncated value with size 12 to match size of target (10) File: D:/verilogProject/projectML/projectML/snum.txt Line: 594
Warning (10230): Verilog HDL assignment warning at snum.txt(595): truncated value with size 12 to match size of target (10) File: D:/verilogProject/projectML/projectML/snum.txt Line: 595
Warning (10230): Verilog HDL assignment warning at snum.txt(596): truncated value with size 12 to match size of target (10) File: D:/verilogProject/projectML/projectML/snum.txt Line: 596
Warning (10230): Verilog HDL assignment warning at snum.txt(597): truncated value with size 12 to match size of target (10) File: D:/verilogProject/projectML/projectML/snum.txt Line: 597
Warning (10230): Verilog HDL assignment warning at snum.txt(598): truncated value with size 12 to match size of target (10) File: D:/verilogProject/projectML/projectML/snum.txt Line: 598
Warning (10230): Verilog HDL assignment warning at snum.txt(599): truncated value with size 12 to match size of target (10) File: D:/verilogProject/projectML/projectML/snum.txt Line: 599
Warning (10230): Verilog HDL assignment warning at snum.txt(600): truncated value with size 12 to match size of target (10) File: D:/verilogProject/projectML/projectML/snum.txt Line: 600
Warning (10230): Verilog HDL assignment warning at snum.txt(601): truncated value with size 12 to match size of target (10) File: D:/verilogProject/projectML/projectML/snum.txt Line: 601
Warning (10230): Verilog HDL assignment warning at snum.txt(602): truncated value with size 12 to match size of target (10) File: D:/verilogProject/projectML/projectML/snum.txt Line: 602
Warning (10230): Verilog HDL assignment warning at snum.txt(603): truncated value with size 12 to match size of target (10) File: D:/verilogProject/projectML/projectML/snum.txt Line: 603
Warning (10230): Verilog HDL assignment warning at snum.txt(604): truncated value with size 12 to match size of target (10) File: D:/verilogProject/projectML/projectML/snum.txt Line: 604
Warning (10230): Verilog HDL assignment warning at snum.txt(605): truncated value with size 12 to match size of target (10) File: D:/verilogProject/projectML/projectML/snum.txt Line: 605
Warning (10230): Verilog HDL assignment warning at snum.txt(606): truncated value with size 12 to match size of target (10) File: D:/verilogProject/projectML/projectML/snum.txt Line: 606
Warning (10230): Verilog HDL assignment warning at snum.txt(607): truncated value with size 12 to match size of target (10) File: D:/verilogProject/projectML/projectML/snum.txt Line: 607
Warning (10230): Verilog HDL assignment warning at snum.txt(608): truncated value with size 12 to match size of target (10) File: D:/verilogProject/projectML/projectML/snum.txt Line: 608
Warning (10230): Verilog HDL assignment warning at snum.txt(609): truncated value with size 12 to match size of target (10) File: D:/verilogProject/projectML/projectML/snum.txt Line: 609
Warning (10230): Verilog HDL assignment warning at snum.txt(610): truncated value with size 12 to match size of target (10) File: D:/verilogProject/projectML/projectML/snum.txt Line: 610
Warning (10230): Verilog HDL assignment warning at snum.txt(611): truncated value with size 12 to match size of target (10) File: D:/verilogProject/projectML/projectML/snum.txt Line: 611
Warning (10230): Verilog HDL assignment warning at snum.txt(612): truncated value with size 12 to match size of target (10) File: D:/verilogProject/projectML/projectML/snum.txt Line: 612
Warning (10230): Verilog HDL assignment warning at snum.txt(613): truncated value with size 12 to match size of target (10) File: D:/verilogProject/projectML/projectML/snum.txt Line: 613
Warning (10230): Verilog HDL assignment warning at snum.txt(614): truncated value with size 12 to match size of target (10) File: D:/verilogProject/projectML/projectML/snum.txt Line: 614
Warning (10230): Verilog HDL assignment warning at snum.txt(615): truncated value with size 12 to match size of target (10) File: D:/verilogProject/projectML/projectML/snum.txt Line: 615
Warning (10230): Verilog HDL assignment warning at snum.txt(616): truncated value with size 12 to match size of target (10) File: D:/verilogProject/projectML/projectML/snum.txt Line: 616
Warning (10230): Verilog HDL assignment warning at snum.txt(617): truncated value with size 12 to match size of target (10) File: D:/verilogProject/projectML/projectML/snum.txt Line: 617
Warning (10230): Verilog HDL assignment warning at snum.txt(618): truncated value with size 12 to match size of target (10) File: D:/verilogProject/projectML/projectML/snum.txt Line: 618
Warning (10230): Verilog HDL assignment warning at snum.txt(619): truncated value with size 12 to match size of target (10) File: D:/verilogProject/projectML/projectML/snum.txt Line: 619
Warning (10230): Verilog HDL assignment warning at snum.txt(620): truncated value with size 12 to match size of target (10) File: D:/verilogProject/projectML/projectML/snum.txt Line: 620
Warning (10230): Verilog HDL assignment warning at snum.txt(621): truncated value with size 12 to match size of target (10) File: D:/verilogProject/projectML/projectML/snum.txt Line: 621
Warning (10230): Verilog HDL assignment warning at snum.txt(622): truncated value with size 12 to match size of target (10) File: D:/verilogProject/projectML/projectML/snum.txt Line: 622
Warning (10230): Verilog HDL assignment warning at snum.txt(623): truncated value with size 12 to match size of target (10) File: D:/verilogProject/projectML/projectML/snum.txt Line: 623
Warning (10230): Verilog HDL assignment warning at snum.txt(624): truncated value with size 12 to match size of target (10) File: D:/verilogProject/projectML/projectML/snum.txt Line: 624
Warning (10230): Verilog HDL assignment warning at snum.txt(625): truncated value with size 12 to match size of target (10) File: D:/verilogProject/projectML/projectML/snum.txt Line: 625
Warning (10230): Verilog HDL assignment warning at snum.txt(626): truncated value with size 12 to match size of target (10) File: D:/verilogProject/projectML/projectML/snum.txt Line: 626
Warning (10230): Verilog HDL assignment warning at snum.txt(627): truncated value with size 12 to match size of target (10) File: D:/verilogProject/projectML/projectML/snum.txt Line: 627
Warning (10230): Verilog HDL assignment warning at snum.txt(628): truncated value with size 12 to match size of target (10) File: D:/verilogProject/projectML/projectML/snum.txt Line: 628
Warning (10230): Verilog HDL assignment warning at snum.txt(629): truncated value with size 12 to match size of target (10) File: D:/verilogProject/projectML/projectML/snum.txt Line: 629
Warning (10230): Verilog HDL assignment warning at snum.txt(630): truncated value with size 12 to match size of target (10) File: D:/verilogProject/projectML/projectML/snum.txt Line: 630
Warning (10230): Verilog HDL assignment warning at snum.txt(631): truncated value with size 12 to match size of target (10) File: D:/verilogProject/projectML/projectML/snum.txt Line: 631
Warning (10230): Verilog HDL assignment warning at snum.txt(632): truncated value with size 12 to match size of target (10) File: D:/verilogProject/projectML/projectML/snum.txt Line: 632
Warning (10230): Verilog HDL assignment warning at snum.txt(633): truncated value with size 12 to match size of target (10) File: D:/verilogProject/projectML/projectML/snum.txt Line: 633
Warning (10230): Verilog HDL assignment warning at snum.txt(634): truncated value with size 12 to match size of target (10) File: D:/verilogProject/projectML/projectML/snum.txt Line: 634
Warning (10230): Verilog HDL assignment warning at snum.txt(635): truncated value with size 12 to match size of target (10) File: D:/verilogProject/projectML/projectML/snum.txt Line: 635
Warning (10230): Verilog HDL assignment warning at snum.txt(636): truncated value with size 12 to match size of target (10) File: D:/verilogProject/projectML/projectML/snum.txt Line: 636
Warning (10230): Verilog HDL assignment warning at snum.txt(637): truncated value with size 12 to match size of target (10) File: D:/verilogProject/projectML/projectML/snum.txt Line: 637
Warning (10230): Verilog HDL assignment warning at snum.txt(638): truncated value with size 12 to match size of target (10) File: D:/verilogProject/projectML/projectML/snum.txt Line: 638
Warning (10230): Verilog HDL assignment warning at snum.txt(639): truncated value with size 12 to match size of target (10) File: D:/verilogProject/projectML/projectML/snum.txt Line: 639
Warning (10230): Verilog HDL assignment warning at snum.txt(640): truncated value with size 12 to match size of target (10) File: D:/verilogProject/projectML/projectML/snum.txt Line: 640
Warning (10230): Verilog HDL assignment warning at snum.txt(641): truncated value with size 12 to match size of target (10) File: D:/verilogProject/projectML/projectML/snum.txt Line: 641
Warning (10230): Verilog HDL assignment warning at snum.txt(642): truncated value with size 12 to match size of target (10) File: D:/verilogProject/projectML/projectML/snum.txt Line: 642
Warning (10230): Verilog HDL assignment warning at snum.txt(643): truncated value with size 12 to match size of target (10) File: D:/verilogProject/projectML/projectML/snum.txt Line: 643
Warning (10230): Verilog HDL assignment warning at snum.txt(644): truncated value with size 12 to match size of target (10) File: D:/verilogProject/projectML/projectML/snum.txt Line: 644
Warning (10230): Verilog HDL assignment warning at snum.txt(645): truncated value with size 12 to match size of target (10) File: D:/verilogProject/projectML/projectML/snum.txt Line: 645
Warning (10230): Verilog HDL assignment warning at snum.txt(646): truncated value with size 12 to match size of target (10) File: D:/verilogProject/projectML/projectML/snum.txt Line: 646
Warning (10230): Verilog HDL assignment warning at snum.txt(647): truncated value with size 12 to match size of target (10) File: D:/verilogProject/projectML/projectML/snum.txt Line: 647
Warning (10230): Verilog HDL assignment warning at snum.txt(648): truncated value with size 12 to match size of target (10) File: D:/verilogProject/projectML/projectML/snum.txt Line: 648
Warning (10230): Verilog HDL assignment warning at snum.txt(649): truncated value with size 12 to match size of target (10) File: D:/verilogProject/projectML/projectML/snum.txt Line: 649
Warning (10230): Verilog HDL assignment warning at snum.txt(650): truncated value with size 12 to match size of target (10) File: D:/verilogProject/projectML/projectML/snum.txt Line: 650
Warning (10230): Verilog HDL assignment warning at snum.txt(651): truncated value with size 12 to match size of target (10) File: D:/verilogProject/projectML/projectML/snum.txt Line: 651
Warning (10230): Verilog HDL assignment warning at snum.txt(652): truncated value with size 12 to match size of target (10) File: D:/verilogProject/projectML/projectML/snum.txt Line: 652
Warning (10230): Verilog HDL assignment warning at snum.txt(653): truncated value with size 12 to match size of target (10) File: D:/verilogProject/projectML/projectML/snum.txt Line: 653
Warning (10230): Verilog HDL assignment warning at snum.txt(654): truncated value with size 12 to match size of target (10) File: D:/verilogProject/projectML/projectML/snum.txt Line: 654
Warning (10230): Verilog HDL assignment warning at snum.txt(655): truncated value with size 12 to match size of target (10) File: D:/verilogProject/projectML/projectML/snum.txt Line: 655
Warning (10230): Verilog HDL assignment warning at snum.txt(656): truncated value with size 12 to match size of target (10) File: D:/verilogProject/projectML/projectML/snum.txt Line: 656
Warning (10230): Verilog HDL assignment warning at snum.txt(657): truncated value with size 12 to match size of target (10) File: D:/verilogProject/projectML/projectML/snum.txt Line: 657
Warning (10230): Verilog HDL assignment warning at snum.txt(658): truncated value with size 12 to match size of target (10) File: D:/verilogProject/projectML/projectML/snum.txt Line: 658
Warning (10230): Verilog HDL assignment warning at snum.txt(659): truncated value with size 12 to match size of target (10) File: D:/verilogProject/projectML/projectML/snum.txt Line: 659
Warning (10230): Verilog HDL assignment warning at snum.txt(660): truncated value with size 12 to match size of target (10) File: D:/verilogProject/projectML/projectML/snum.txt Line: 660
Warning (10230): Verilog HDL assignment warning at snum.txt(661): truncated value with size 12 to match size of target (10) File: D:/verilogProject/projectML/projectML/snum.txt Line: 661
Warning (10230): Verilog HDL assignment warning at snum.txt(662): truncated value with size 12 to match size of target (10) File: D:/verilogProject/projectML/projectML/snum.txt Line: 662
Warning (10230): Verilog HDL assignment warning at snum.txt(663): truncated value with size 12 to match size of target (10) File: D:/verilogProject/projectML/projectML/snum.txt Line: 663
Warning (10230): Verilog HDL assignment warning at snum.txt(664): truncated value with size 12 to match size of target (10) File: D:/verilogProject/projectML/projectML/snum.txt Line: 664
Warning (10230): Verilog HDL assignment warning at snum.txt(665): truncated value with size 12 to match size of target (10) File: D:/verilogProject/projectML/projectML/snum.txt Line: 665
Warning (10230): Verilog HDL assignment warning at snum.txt(666): truncated value with size 12 to match size of target (10) File: D:/verilogProject/projectML/projectML/snum.txt Line: 666
Warning (10230): Verilog HDL assignment warning at snum.txt(667): truncated value with size 12 to match size of target (10) File: D:/verilogProject/projectML/projectML/snum.txt Line: 667
Warning (10230): Verilog HDL assignment warning at snum.txt(668): truncated value with size 12 to match size of target (10) File: D:/verilogProject/projectML/projectML/snum.txt Line: 668
Warning (10230): Verilog HDL assignment warning at snum.txt(669): truncated value with size 12 to match size of target (10) File: D:/verilogProject/projectML/projectML/snum.txt Line: 669
Warning (10230): Verilog HDL assignment warning at snum.txt(670): truncated value with size 12 to match size of target (10) File: D:/verilogProject/projectML/projectML/snum.txt Line: 670
Warning (10230): Verilog HDL assignment warning at snum.txt(671): truncated value with size 12 to match size of target (10) File: D:/verilogProject/projectML/projectML/snum.txt Line: 671
Warning (10230): Verilog HDL assignment warning at snum.txt(672): truncated value with size 12 to match size of target (10) File: D:/verilogProject/projectML/projectML/snum.txt Line: 672
Warning (10230): Verilog HDL assignment warning at snum.txt(673): truncated value with size 12 to match size of target (10) File: D:/verilogProject/projectML/projectML/snum.txt Line: 673
Warning (10230): Verilog HDL assignment warning at snum.txt(674): truncated value with size 12 to match size of target (10) File: D:/verilogProject/projectML/projectML/snum.txt Line: 674
Warning (10230): Verilog HDL assignment warning at snum.txt(675): truncated value with size 12 to match size of target (10) File: D:/verilogProject/projectML/projectML/snum.txt Line: 675
Warning (10230): Verilog HDL assignment warning at snum.txt(676): truncated value with size 12 to match size of target (10) File: D:/verilogProject/projectML/projectML/snum.txt Line: 676
Warning (10230): Verilog HDL assignment warning at snum.txt(677): truncated value with size 12 to match size of target (10) File: D:/verilogProject/projectML/projectML/snum.txt Line: 677
Warning (10230): Verilog HDL assignment warning at snum.txt(678): truncated value with size 12 to match size of target (10) File: D:/verilogProject/projectML/projectML/snum.txt Line: 678
Warning (10230): Verilog HDL assignment warning at snum.txt(679): truncated value with size 12 to match size of target (10) File: D:/verilogProject/projectML/projectML/snum.txt Line: 679
Warning (10230): Verilog HDL assignment warning at snum.txt(680): truncated value with size 12 to match size of target (10) File: D:/verilogProject/projectML/projectML/snum.txt Line: 680
Warning (10230): Verilog HDL assignment warning at snum.txt(681): truncated value with size 12 to match size of target (10) File: D:/verilogProject/projectML/projectML/snum.txt Line: 681
Warning (10230): Verilog HDL assignment warning at snum.txt(682): truncated value with size 12 to match size of target (10) File: D:/verilogProject/projectML/projectML/snum.txt Line: 682
Warning (10230): Verilog HDL assignment warning at snum.txt(683): truncated value with size 12 to match size of target (10) File: D:/verilogProject/projectML/projectML/snum.txt Line: 683
Warning (10230): Verilog HDL assignment warning at snum.txt(684): truncated value with size 12 to match size of target (10) File: D:/verilogProject/projectML/projectML/snum.txt Line: 684
Warning (10230): Verilog HDL assignment warning at snum.txt(685): truncated value with size 12 to match size of target (10) File: D:/verilogProject/projectML/projectML/snum.txt Line: 685
Warning (10230): Verilog HDL assignment warning at snum.txt(686): truncated value with size 12 to match size of target (10) File: D:/verilogProject/projectML/projectML/snum.txt Line: 686
Warning (10230): Verilog HDL assignment warning at snum.txt(687): truncated value with size 12 to match size of target (10) File: D:/verilogProject/projectML/projectML/snum.txt Line: 687
Warning (10230): Verilog HDL assignment warning at snum.txt(688): truncated value with size 12 to match size of target (10) File: D:/verilogProject/projectML/projectML/snum.txt Line: 688
Warning (10230): Verilog HDL assignment warning at snum.txt(689): truncated value with size 12 to match size of target (10) File: D:/verilogProject/projectML/projectML/snum.txt Line: 689
Warning (10230): Verilog HDL assignment warning at snum.txt(690): truncated value with size 12 to match size of target (10) File: D:/verilogProject/projectML/projectML/snum.txt Line: 690
Warning (10230): Verilog HDL assignment warning at snum.txt(691): truncated value with size 12 to match size of target (10) File: D:/verilogProject/projectML/projectML/snum.txt Line: 691
Warning (10230): Verilog HDL assignment warning at snum.txt(692): truncated value with size 12 to match size of target (10) File: D:/verilogProject/projectML/projectML/snum.txt Line: 692
Warning (10230): Verilog HDL assignment warning at snum.txt(693): truncated value with size 12 to match size of target (10) File: D:/verilogProject/projectML/projectML/snum.txt Line: 693
Warning (10230): Verilog HDL assignment warning at snum.txt(694): truncated value with size 12 to match size of target (10) File: D:/verilogProject/projectML/projectML/snum.txt Line: 694
Warning (10230): Verilog HDL assignment warning at snum.txt(695): truncated value with size 12 to match size of target (10) File: D:/verilogProject/projectML/projectML/snum.txt Line: 695
Warning (10230): Verilog HDL assignment warning at snum.txt(696): truncated value with size 12 to match size of target (10) File: D:/verilogProject/projectML/projectML/snum.txt Line: 696
Warning (10230): Verilog HDL assignment warning at snum.txt(697): truncated value with size 12 to match size of target (10) File: D:/verilogProject/projectML/projectML/snum.txt Line: 697
Warning (10230): Verilog HDL assignment warning at snum.txt(698): truncated value with size 12 to match size of target (10) File: D:/verilogProject/projectML/projectML/snum.txt Line: 698
Warning (10230): Verilog HDL assignment warning at snum.txt(699): truncated value with size 12 to match size of target (10) File: D:/verilogProject/projectML/projectML/snum.txt Line: 699
Warning (10230): Verilog HDL assignment warning at snum.txt(700): truncated value with size 12 to match size of target (10) File: D:/verilogProject/projectML/projectML/snum.txt Line: 700
Warning (10230): Verilog HDL assignment warning at snum.txt(701): truncated value with size 12 to match size of target (10) File: D:/verilogProject/projectML/projectML/snum.txt Line: 701
Warning (10230): Verilog HDL assignment warning at snum.txt(702): truncated value with size 12 to match size of target (10) File: D:/verilogProject/projectML/projectML/snum.txt Line: 702
Warning (10230): Verilog HDL assignment warning at snum.txt(703): truncated value with size 12 to match size of target (10) File: D:/verilogProject/projectML/projectML/snum.txt Line: 703
Warning (10230): Verilog HDL assignment warning at snum.txt(704): truncated value with size 12 to match size of target (10) File: D:/verilogProject/projectML/projectML/snum.txt Line: 704
Warning (10230): Verilog HDL assignment warning at snum.txt(705): truncated value with size 12 to match size of target (10) File: D:/verilogProject/projectML/projectML/snum.txt Line: 705
Warning (10230): Verilog HDL assignment warning at snum.txt(706): truncated value with size 12 to match size of target (10) File: D:/verilogProject/projectML/projectML/snum.txt Line: 706
Warning (10230): Verilog HDL assignment warning at snum.txt(707): truncated value with size 12 to match size of target (10) File: D:/verilogProject/projectML/projectML/snum.txt Line: 707
Warning (10230): Verilog HDL assignment warning at snum.txt(708): truncated value with size 12 to match size of target (10) File: D:/verilogProject/projectML/projectML/snum.txt Line: 708
Warning (10230): Verilog HDL assignment warning at snum.txt(709): truncated value with size 12 to match size of target (10) File: D:/verilogProject/projectML/projectML/snum.txt Line: 709
Warning (10230): Verilog HDL assignment warning at snum.txt(710): truncated value with size 12 to match size of target (10) File: D:/verilogProject/projectML/projectML/snum.txt Line: 710
Warning (10230): Verilog HDL assignment warning at snum.txt(711): truncated value with size 12 to match size of target (10) File: D:/verilogProject/projectML/projectML/snum.txt Line: 711
Warning (10230): Verilog HDL assignment warning at snum.txt(712): truncated value with size 12 to match size of target (10) File: D:/verilogProject/projectML/projectML/snum.txt Line: 712
Warning (10230): Verilog HDL assignment warning at snum.txt(713): truncated value with size 12 to match size of target (10) File: D:/verilogProject/projectML/projectML/snum.txt Line: 713
Warning (10230): Verilog HDL assignment warning at snum.txt(714): truncated value with size 12 to match size of target (10) File: D:/verilogProject/projectML/projectML/snum.txt Line: 714
Warning (10230): Verilog HDL assignment warning at snum.txt(715): truncated value with size 12 to match size of target (10) File: D:/verilogProject/projectML/projectML/snum.txt Line: 715
Warning (10230): Verilog HDL assignment warning at snum.txt(716): truncated value with size 12 to match size of target (10) File: D:/verilogProject/projectML/projectML/snum.txt Line: 716
Warning (10230): Verilog HDL assignment warning at snum.txt(717): truncated value with size 12 to match size of target (10) File: D:/verilogProject/projectML/projectML/snum.txt Line: 717
Warning (10230): Verilog HDL assignment warning at snum.txt(718): truncated value with size 12 to match size of target (10) File: D:/verilogProject/projectML/projectML/snum.txt Line: 718
Warning (10230): Verilog HDL assignment warning at snum.txt(719): truncated value with size 12 to match size of target (10) File: D:/verilogProject/projectML/projectML/snum.txt Line: 719
Warning (10230): Verilog HDL assignment warning at snum.txt(720): truncated value with size 12 to match size of target (10) File: D:/verilogProject/projectML/projectML/snum.txt Line: 720
Warning (10230): Verilog HDL assignment warning at snum.txt(721): truncated value with size 12 to match size of target (10) File: D:/verilogProject/projectML/projectML/snum.txt Line: 721
Warning (10230): Verilog HDL assignment warning at snum.txt(722): truncated value with size 12 to match size of target (10) File: D:/verilogProject/projectML/projectML/snum.txt Line: 722
Warning (10230): Verilog HDL assignment warning at snum.txt(723): truncated value with size 12 to match size of target (10) File: D:/verilogProject/projectML/projectML/snum.txt Line: 723
Warning (10230): Verilog HDL assignment warning at snum.txt(724): truncated value with size 12 to match size of target (10) File: D:/verilogProject/projectML/projectML/snum.txt Line: 724
Warning (10230): Verilog HDL assignment warning at snum.txt(725): truncated value with size 12 to match size of target (10) File: D:/verilogProject/projectML/projectML/snum.txt Line: 725
Warning (10230): Verilog HDL assignment warning at snum.txt(726): truncated value with size 12 to match size of target (10) File: D:/verilogProject/projectML/projectML/snum.txt Line: 726
Warning (10230): Verilog HDL assignment warning at snum.txt(727): truncated value with size 12 to match size of target (10) File: D:/verilogProject/projectML/projectML/snum.txt Line: 727
Warning (10230): Verilog HDL assignment warning at snum.txt(728): truncated value with size 12 to match size of target (10) File: D:/verilogProject/projectML/projectML/snum.txt Line: 728
Warning (10230): Verilog HDL assignment warning at snum.txt(729): truncated value with size 12 to match size of target (10) File: D:/verilogProject/projectML/projectML/snum.txt Line: 729
Warning (10230): Verilog HDL assignment warning at snum.txt(730): truncated value with size 12 to match size of target (10) File: D:/verilogProject/projectML/projectML/snum.txt Line: 730
Warning (10230): Verilog HDL assignment warning at snum.txt(731): truncated value with size 12 to match size of target (10) File: D:/verilogProject/projectML/projectML/snum.txt Line: 731
Warning (10230): Verilog HDL assignment warning at snum.txt(732): truncated value with size 12 to match size of target (10) File: D:/verilogProject/projectML/projectML/snum.txt Line: 732
Warning (10230): Verilog HDL assignment warning at snum.txt(733): truncated value with size 12 to match size of target (10) File: D:/verilogProject/projectML/projectML/snum.txt Line: 733
Warning (10230): Verilog HDL assignment warning at snum.txt(734): truncated value with size 12 to match size of target (10) File: D:/verilogProject/projectML/projectML/snum.txt Line: 734
Warning (10230): Verilog HDL assignment warning at snum.txt(735): truncated value with size 12 to match size of target (10) File: D:/verilogProject/projectML/projectML/snum.txt Line: 735
Warning (10230): Verilog HDL assignment warning at snum.txt(736): truncated value with size 12 to match size of target (10) File: D:/verilogProject/projectML/projectML/snum.txt Line: 736
Warning (10230): Verilog HDL assignment warning at snum.txt(737): truncated value with size 12 to match size of target (10) File: D:/verilogProject/projectML/projectML/snum.txt Line: 737
Warning (10230): Verilog HDL assignment warning at snum.txt(738): truncated value with size 12 to match size of target (10) File: D:/verilogProject/projectML/projectML/snum.txt Line: 738
Warning (10230): Verilog HDL assignment warning at snum.txt(739): truncated value with size 12 to match size of target (10) File: D:/verilogProject/projectML/projectML/snum.txt Line: 739
Warning (10230): Verilog HDL assignment warning at snum.txt(740): truncated value with size 12 to match size of target (10) File: D:/verilogProject/projectML/projectML/snum.txt Line: 740
Warning (10230): Verilog HDL assignment warning at snum.txt(741): truncated value with size 12 to match size of target (10) File: D:/verilogProject/projectML/projectML/snum.txt Line: 741
Warning (10230): Verilog HDL assignment warning at snum.txt(742): truncated value with size 12 to match size of target (10) File: D:/verilogProject/projectML/projectML/snum.txt Line: 742
Warning (10230): Verilog HDL assignment warning at snum.txt(743): truncated value with size 12 to match size of target (10) File: D:/verilogProject/projectML/projectML/snum.txt Line: 743
Warning (10230): Verilog HDL assignment warning at snum.txt(744): truncated value with size 12 to match size of target (10) File: D:/verilogProject/projectML/projectML/snum.txt Line: 744
Warning (10230): Verilog HDL assignment warning at snum.txt(745): truncated value with size 12 to match size of target (10) File: D:/verilogProject/projectML/projectML/snum.txt Line: 745
Warning (10230): Verilog HDL assignment warning at snum.txt(746): truncated value with size 12 to match size of target (10) File: D:/verilogProject/projectML/projectML/snum.txt Line: 746
Warning (10230): Verilog HDL assignment warning at snum.txt(747): truncated value with size 12 to match size of target (10) File: D:/verilogProject/projectML/projectML/snum.txt Line: 747
Warning (10230): Verilog HDL assignment warning at snum.txt(748): truncated value with size 12 to match size of target (10) File: D:/verilogProject/projectML/projectML/snum.txt Line: 748
Warning (10230): Verilog HDL assignment warning at snum.txt(749): truncated value with size 12 to match size of target (10) File: D:/verilogProject/projectML/projectML/snum.txt Line: 749
Warning (10230): Verilog HDL assignment warning at snum.txt(750): truncated value with size 12 to match size of target (10) File: D:/verilogProject/projectML/projectML/snum.txt Line: 750
Warning (10230): Verilog HDL assignment warning at snum.txt(751): truncated value with size 12 to match size of target (10) File: D:/verilogProject/projectML/projectML/snum.txt Line: 751
Warning (10230): Verilog HDL assignment warning at snum.txt(752): truncated value with size 12 to match size of target (10) File: D:/verilogProject/projectML/projectML/snum.txt Line: 752
Warning (10230): Verilog HDL assignment warning at snum.txt(753): truncated value with size 12 to match size of target (10) File: D:/verilogProject/projectML/projectML/snum.txt Line: 753
Warning (10230): Verilog HDL assignment warning at snum.txt(754): truncated value with size 12 to match size of target (10) File: D:/verilogProject/projectML/projectML/snum.txt Line: 754
Warning (10230): Verilog HDL assignment warning at snum.txt(755): truncated value with size 12 to match size of target (10) File: D:/verilogProject/projectML/projectML/snum.txt Line: 755
Warning (10230): Verilog HDL assignment warning at snum.txt(756): truncated value with size 12 to match size of target (10) File: D:/verilogProject/projectML/projectML/snum.txt Line: 756
Warning (10230): Verilog HDL assignment warning at snum.txt(757): truncated value with size 12 to match size of target (10) File: D:/verilogProject/projectML/projectML/snum.txt Line: 757
Warning (10230): Verilog HDL assignment warning at snum.txt(758): truncated value with size 12 to match size of target (10) File: D:/verilogProject/projectML/projectML/snum.txt Line: 758
Warning (10230): Verilog HDL assignment warning at snum.txt(759): truncated value with size 12 to match size of target (10) File: D:/verilogProject/projectML/projectML/snum.txt Line: 759
Warning (10230): Verilog HDL assignment warning at snum.txt(760): truncated value with size 12 to match size of target (10) File: D:/verilogProject/projectML/projectML/snum.txt Line: 760
Warning (10230): Verilog HDL assignment warning at snum.txt(761): truncated value with size 12 to match size of target (10) File: D:/verilogProject/projectML/projectML/snum.txt Line: 761
Warning (10230): Verilog HDL assignment warning at snum.txt(762): truncated value with size 12 to match size of target (10) File: D:/verilogProject/projectML/projectML/snum.txt Line: 762
Warning (10230): Verilog HDL assignment warning at snum.txt(763): truncated value with size 12 to match size of target (10) File: D:/verilogProject/projectML/projectML/snum.txt Line: 763
Warning (10230): Verilog HDL assignment warning at snum.txt(764): truncated value with size 12 to match size of target (10) File: D:/verilogProject/projectML/projectML/snum.txt Line: 764
Warning (10230): Verilog HDL assignment warning at snum.txt(765): truncated value with size 12 to match size of target (10) File: D:/verilogProject/projectML/projectML/snum.txt Line: 765
Warning (10230): Verilog HDL assignment warning at snum.txt(766): truncated value with size 12 to match size of target (10) File: D:/verilogProject/projectML/projectML/snum.txt Line: 766
Warning (10230): Verilog HDL assignment warning at snum.txt(767): truncated value with size 12 to match size of target (10) File: D:/verilogProject/projectML/projectML/snum.txt Line: 767
Warning (10230): Verilog HDL assignment warning at snum.txt(768): truncated value with size 12 to match size of target (10) File: D:/verilogProject/projectML/projectML/snum.txt Line: 768
Warning (10230): Verilog HDL assignment warning at snum.txt(769): truncated value with size 12 to match size of target (10) File: D:/verilogProject/projectML/projectML/snum.txt Line: 769
Warning (10230): Verilog HDL assignment warning at snum.txt(770): truncated value with size 12 to match size of target (10) File: D:/verilogProject/projectML/projectML/snum.txt Line: 770
Warning (10230): Verilog HDL assignment warning at snum.txt(771): truncated value with size 12 to match size of target (10) File: D:/verilogProject/projectML/projectML/snum.txt Line: 771
Warning (10230): Verilog HDL assignment warning at snum.txt(772): truncated value with size 12 to match size of target (10) File: D:/verilogProject/projectML/projectML/snum.txt Line: 772
Warning (10230): Verilog HDL assignment warning at snum.txt(773): truncated value with size 12 to match size of target (10) File: D:/verilogProject/projectML/projectML/snum.txt Line: 773
Warning (10230): Verilog HDL assignment warning at snum.txt(774): truncated value with size 12 to match size of target (10) File: D:/verilogProject/projectML/projectML/snum.txt Line: 774
Warning (10230): Verilog HDL assignment warning at snum.txt(775): truncated value with size 12 to match size of target (10) File: D:/verilogProject/projectML/projectML/snum.txt Line: 775
Warning (10230): Verilog HDL assignment warning at snum.txt(776): truncated value with size 12 to match size of target (10) File: D:/verilogProject/projectML/projectML/snum.txt Line: 776
Warning (10230): Verilog HDL assignment warning at snum.txt(777): truncated value with size 12 to match size of target (10) File: D:/verilogProject/projectML/projectML/snum.txt Line: 777
Warning (10230): Verilog HDL assignment warning at snum.txt(778): truncated value with size 12 to match size of target (10) File: D:/verilogProject/projectML/projectML/snum.txt Line: 778
Warning (10230): Verilog HDL assignment warning at snum.txt(779): truncated value with size 12 to match size of target (10) File: D:/verilogProject/projectML/projectML/snum.txt Line: 779
Warning (10230): Verilog HDL assignment warning at snum.txt(780): truncated value with size 12 to match size of target (10) File: D:/verilogProject/projectML/projectML/snum.txt Line: 780
Warning (10230): Verilog HDL assignment warning at snum.txt(781): truncated value with size 12 to match size of target (10) File: D:/verilogProject/projectML/projectML/snum.txt Line: 781
Warning (10230): Verilog HDL assignment warning at snum.txt(782): truncated value with size 12 to match size of target (10) File: D:/verilogProject/projectML/projectML/snum.txt Line: 782
Warning (10230): Verilog HDL assignment warning at snum.txt(783): truncated value with size 12 to match size of target (10) File: D:/verilogProject/projectML/projectML/snum.txt Line: 783
Warning (10230): Verilog HDL assignment warning at snum.txt(784): truncated value with size 12 to match size of target (10) File: D:/verilogProject/projectML/projectML/snum.txt Line: 784
Warning (10230): Verilog HDL assignment warning at snum.txt(785): truncated value with size 12 to match size of target (10) File: D:/verilogProject/projectML/projectML/snum.txt Line: 785
Warning (10230): Verilog HDL assignment warning at snum.txt(786): truncated value with size 12 to match size of target (10) File: D:/verilogProject/projectML/projectML/snum.txt Line: 786
Warning (10230): Verilog HDL assignment warning at snum.txt(787): truncated value with size 12 to match size of target (10) File: D:/verilogProject/projectML/projectML/snum.txt Line: 787
Warning (10230): Verilog HDL assignment warning at snum.txt(788): truncated value with size 12 to match size of target (10) File: D:/verilogProject/projectML/projectML/snum.txt Line: 788
Warning (10230): Verilog HDL assignment warning at snum.txt(789): truncated value with size 12 to match size of target (10) File: D:/verilogProject/projectML/projectML/snum.txt Line: 789
Warning (10230): Verilog HDL assignment warning at snum.txt(790): truncated value with size 12 to match size of target (10) File: D:/verilogProject/projectML/projectML/snum.txt Line: 790
Warning (10230): Verilog HDL assignment warning at snum.txt(791): truncated value with size 12 to match size of target (10) File: D:/verilogProject/projectML/projectML/snum.txt Line: 791
Warning (10230): Verilog HDL assignment warning at snum.txt(792): truncated value with size 12 to match size of target (10) File: D:/verilogProject/projectML/projectML/snum.txt Line: 792
Warning (10230): Verilog HDL assignment warning at snum.txt(793): truncated value with size 12 to match size of target (10) File: D:/verilogProject/projectML/projectML/snum.txt Line: 793
Warning (10230): Verilog HDL assignment warning at snum.txt(794): truncated value with size 12 to match size of target (10) File: D:/verilogProject/projectML/projectML/snum.txt Line: 794
Warning (10230): Verilog HDL assignment warning at snum.txt(795): truncated value with size 12 to match size of target (10) File: D:/verilogProject/projectML/projectML/snum.txt Line: 795
Warning (10230): Verilog HDL assignment warning at snum.txt(796): truncated value with size 12 to match size of target (10) File: D:/verilogProject/projectML/projectML/snum.txt Line: 796
Warning (10230): Verilog HDL assignment warning at snum.txt(797): truncated value with size 12 to match size of target (10) File: D:/verilogProject/projectML/projectML/snum.txt Line: 797
Warning (10230): Verilog HDL assignment warning at snum.txt(798): truncated value with size 12 to match size of target (10) File: D:/verilogProject/projectML/projectML/snum.txt Line: 798
Warning (10230): Verilog HDL assignment warning at snum.txt(799): truncated value with size 12 to match size of target (10) File: D:/verilogProject/projectML/projectML/snum.txt Line: 799
Warning (10230): Verilog HDL assignment warning at snum.txt(800): truncated value with size 12 to match size of target (10) File: D:/verilogProject/projectML/projectML/snum.txt Line: 800
Warning (10230): Verilog HDL assignment warning at snum.txt(801): truncated value with size 12 to match size of target (10) File: D:/verilogProject/projectML/projectML/snum.txt Line: 801
Warning (10230): Verilog HDL assignment warning at snum.txt(802): truncated value with size 12 to match size of target (10) File: D:/verilogProject/projectML/projectML/snum.txt Line: 802
Warning (10230): Verilog HDL assignment warning at snum.txt(803): truncated value with size 12 to match size of target (10) File: D:/verilogProject/projectML/projectML/snum.txt Line: 803
Warning (10230): Verilog HDL assignment warning at snum.txt(804): truncated value with size 12 to match size of target (10) File: D:/verilogProject/projectML/projectML/snum.txt Line: 804
Warning (10230): Verilog HDL assignment warning at snum.txt(805): truncated value with size 12 to match size of target (10) File: D:/verilogProject/projectML/projectML/snum.txt Line: 805
Warning (10230): Verilog HDL assignment warning at snum.txt(806): truncated value with size 12 to match size of target (10) File: D:/verilogProject/projectML/projectML/snum.txt Line: 806
Warning (10230): Verilog HDL assignment warning at snum.txt(807): truncated value with size 12 to match size of target (10) File: D:/verilogProject/projectML/projectML/snum.txt Line: 807
Warning (10230): Verilog HDL assignment warning at snum.txt(808): truncated value with size 12 to match size of target (10) File: D:/verilogProject/projectML/projectML/snum.txt Line: 808
Warning (10230): Verilog HDL assignment warning at snum.txt(809): truncated value with size 12 to match size of target (10) File: D:/verilogProject/projectML/projectML/snum.txt Line: 809
Warning (10230): Verilog HDL assignment warning at snum.txt(810): truncated value with size 12 to match size of target (10) File: D:/verilogProject/projectML/projectML/snum.txt Line: 810
Warning (10230): Verilog HDL assignment warning at snum.txt(811): truncated value with size 12 to match size of target (10) File: D:/verilogProject/projectML/projectML/snum.txt Line: 811
Warning (10230): Verilog HDL assignment warning at snum.txt(812): truncated value with size 12 to match size of target (10) File: D:/verilogProject/projectML/projectML/snum.txt Line: 812
Warning (10230): Verilog HDL assignment warning at snum.txt(813): truncated value with size 12 to match size of target (10) File: D:/verilogProject/projectML/projectML/snum.txt Line: 813
Warning (10230): Verilog HDL assignment warning at snum.txt(814): truncated value with size 12 to match size of target (10) File: D:/verilogProject/projectML/projectML/snum.txt Line: 814
Warning (10230): Verilog HDL assignment warning at snum.txt(815): truncated value with size 12 to match size of target (10) File: D:/verilogProject/projectML/projectML/snum.txt Line: 815
Warning (10230): Verilog HDL assignment warning at snum.txt(816): truncated value with size 12 to match size of target (10) File: D:/verilogProject/projectML/projectML/snum.txt Line: 816
Warning (10230): Verilog HDL assignment warning at snum.txt(817): truncated value with size 12 to match size of target (10) File: D:/verilogProject/projectML/projectML/snum.txt Line: 817
Warning (10230): Verilog HDL assignment warning at snum.txt(818): truncated value with size 12 to match size of target (10) File: D:/verilogProject/projectML/projectML/snum.txt Line: 818
Warning (10230): Verilog HDL assignment warning at snum.txt(819): truncated value with size 12 to match size of target (10) File: D:/verilogProject/projectML/projectML/snum.txt Line: 819
Warning (10230): Verilog HDL assignment warning at snum.txt(820): truncated value with size 12 to match size of target (10) File: D:/verilogProject/projectML/projectML/snum.txt Line: 820
Warning (10230): Verilog HDL assignment warning at snum.txt(821): truncated value with size 12 to match size of target (10) File: D:/verilogProject/projectML/projectML/snum.txt Line: 821
Warning (10230): Verilog HDL assignment warning at snum.txt(822): truncated value with size 12 to match size of target (10) File: D:/verilogProject/projectML/projectML/snum.txt Line: 822
Warning (10230): Verilog HDL assignment warning at snum.txt(823): truncated value with size 12 to match size of target (10) File: D:/verilogProject/projectML/projectML/snum.txt Line: 823
Warning (10230): Verilog HDL assignment warning at snum.txt(824): truncated value with size 12 to match size of target (10) File: D:/verilogProject/projectML/projectML/snum.txt Line: 824
Warning (10230): Verilog HDL assignment warning at snum.txt(825): truncated value with size 12 to match size of target (10) File: D:/verilogProject/projectML/projectML/snum.txt Line: 825
Warning (10230): Verilog HDL assignment warning at snum.txt(826): truncated value with size 12 to match size of target (10) File: D:/verilogProject/projectML/projectML/snum.txt Line: 826
Warning (10230): Verilog HDL assignment warning at snum.txt(827): truncated value with size 12 to match size of target (10) File: D:/verilogProject/projectML/projectML/snum.txt Line: 827
Warning (10230): Verilog HDL assignment warning at snum.txt(828): truncated value with size 12 to match size of target (10) File: D:/verilogProject/projectML/projectML/snum.txt Line: 828
Warning (10230): Verilog HDL assignment warning at snum.txt(829): truncated value with size 12 to match size of target (10) File: D:/verilogProject/projectML/projectML/snum.txt Line: 829
Warning (10230): Verilog HDL assignment warning at snum.txt(830): truncated value with size 12 to match size of target (10) File: D:/verilogProject/projectML/projectML/snum.txt Line: 830
Warning (10230): Verilog HDL assignment warning at snum.txt(831): truncated value with size 12 to match size of target (10) File: D:/verilogProject/projectML/projectML/snum.txt Line: 831
Warning (10230): Verilog HDL assignment warning at snum.txt(832): truncated value with size 12 to match size of target (10) File: D:/verilogProject/projectML/projectML/snum.txt Line: 832
Warning (10230): Verilog HDL assignment warning at snum.txt(833): truncated value with size 12 to match size of target (10) File: D:/verilogProject/projectML/projectML/snum.txt Line: 833
Warning (10230): Verilog HDL assignment warning at snum.txt(834): truncated value with size 12 to match size of target (10) File: D:/verilogProject/projectML/projectML/snum.txt Line: 834
Warning (10230): Verilog HDL assignment warning at snum.txt(835): truncated value with size 12 to match size of target (10) File: D:/verilogProject/projectML/projectML/snum.txt Line: 835
Warning (10230): Verilog HDL assignment warning at snum.txt(836): truncated value with size 12 to match size of target (10) File: D:/verilogProject/projectML/projectML/snum.txt Line: 836
Warning (10230): Verilog HDL assignment warning at snum.txt(837): truncated value with size 12 to match size of target (10) File: D:/verilogProject/projectML/projectML/snum.txt Line: 837
Warning (10230): Verilog HDL assignment warning at snum.txt(838): truncated value with size 12 to match size of target (10) File: D:/verilogProject/projectML/projectML/snum.txt Line: 838
Warning (10230): Verilog HDL assignment warning at snum.txt(839): truncated value with size 12 to match size of target (10) File: D:/verilogProject/projectML/projectML/snum.txt Line: 839
Warning (10230): Verilog HDL assignment warning at snum.txt(840): truncated value with size 12 to match size of target (10) File: D:/verilogProject/projectML/projectML/snum.txt Line: 840
Warning (10230): Verilog HDL assignment warning at snum.txt(841): truncated value with size 12 to match size of target (10) File: D:/verilogProject/projectML/projectML/snum.txt Line: 841
Warning (10230): Verilog HDL assignment warning at snum.txt(842): truncated value with size 12 to match size of target (10) File: D:/verilogProject/projectML/projectML/snum.txt Line: 842
Warning (10230): Verilog HDL assignment warning at snum.txt(843): truncated value with size 12 to match size of target (10) File: D:/verilogProject/projectML/projectML/snum.txt Line: 843
Warning (10230): Verilog HDL assignment warning at snum.txt(844): truncated value with size 12 to match size of target (10) File: D:/verilogProject/projectML/projectML/snum.txt Line: 844
Warning (10230): Verilog HDL assignment warning at snum.txt(845): truncated value with size 12 to match size of target (10) File: D:/verilogProject/projectML/projectML/snum.txt Line: 845
Warning (10230): Verilog HDL assignment warning at snum.txt(846): truncated value with size 12 to match size of target (10) File: D:/verilogProject/projectML/projectML/snum.txt Line: 846
Warning (10230): Verilog HDL assignment warning at snum.txt(847): truncated value with size 12 to match size of target (10) File: D:/verilogProject/projectML/projectML/snum.txt Line: 847
Warning (10230): Verilog HDL assignment warning at snum.txt(848): truncated value with size 12 to match size of target (10) File: D:/verilogProject/projectML/projectML/snum.txt Line: 848
Warning (10230): Verilog HDL assignment warning at snum.txt(849): truncated value with size 12 to match size of target (10) File: D:/verilogProject/projectML/projectML/snum.txt Line: 849
Warning (10230): Verilog HDL assignment warning at snum.txt(850): truncated value with size 12 to match size of target (10) File: D:/verilogProject/projectML/projectML/snum.txt Line: 850
Warning (10230): Verilog HDL assignment warning at snum.txt(851): truncated value with size 12 to match size of target (10) File: D:/verilogProject/projectML/projectML/snum.txt Line: 851
Warning (10230): Verilog HDL assignment warning at snum.txt(852): truncated value with size 12 to match size of target (10) File: D:/verilogProject/projectML/projectML/snum.txt Line: 852
Warning (10230): Verilog HDL assignment warning at snum.txt(853): truncated value with size 12 to match size of target (10) File: D:/verilogProject/projectML/projectML/snum.txt Line: 853
Warning (10230): Verilog HDL assignment warning at snum.txt(854): truncated value with size 12 to match size of target (10) File: D:/verilogProject/projectML/projectML/snum.txt Line: 854
Warning (10230): Verilog HDL assignment warning at snum.txt(855): truncated value with size 12 to match size of target (10) File: D:/verilogProject/projectML/projectML/snum.txt Line: 855
Warning (10230): Verilog HDL assignment warning at snum.txt(856): truncated value with size 12 to match size of target (10) File: D:/verilogProject/projectML/projectML/snum.txt Line: 856
Warning (10230): Verilog HDL assignment warning at snum.txt(857): truncated value with size 12 to match size of target (10) File: D:/verilogProject/projectML/projectML/snum.txt Line: 857
Warning (10230): Verilog HDL assignment warning at snum.txt(858): truncated value with size 12 to match size of target (10) File: D:/verilogProject/projectML/projectML/snum.txt Line: 858
Warning (10230): Verilog HDL assignment warning at snum.txt(859): truncated value with size 12 to match size of target (10) File: D:/verilogProject/projectML/projectML/snum.txt Line: 859
Warning (10230): Verilog HDL assignment warning at snum.txt(860): truncated value with size 12 to match size of target (10) File: D:/verilogProject/projectML/projectML/snum.txt Line: 860
Warning (10230): Verilog HDL assignment warning at snum.txt(861): truncated value with size 12 to match size of target (10) File: D:/verilogProject/projectML/projectML/snum.txt Line: 861
Warning (10230): Verilog HDL assignment warning at snum.txt(862): truncated value with size 12 to match size of target (10) File: D:/verilogProject/projectML/projectML/snum.txt Line: 862
Warning (10230): Verilog HDL assignment warning at snum.txt(863): truncated value with size 12 to match size of target (10) File: D:/verilogProject/projectML/projectML/snum.txt Line: 863
Warning (10230): Verilog HDL assignment warning at snum.txt(864): truncated value with size 12 to match size of target (10) File: D:/verilogProject/projectML/projectML/snum.txt Line: 864
Warning (10230): Verilog HDL assignment warning at snum.txt(865): truncated value with size 12 to match size of target (10) File: D:/verilogProject/projectML/projectML/snum.txt Line: 865
Warning (10230): Verilog HDL assignment warning at snum.txt(866): truncated value with size 12 to match size of target (10) File: D:/verilogProject/projectML/projectML/snum.txt Line: 866
Warning (10230): Verilog HDL assignment warning at snum.txt(867): truncated value with size 12 to match size of target (10) File: D:/verilogProject/projectML/projectML/snum.txt Line: 867
Warning (10230): Verilog HDL assignment warning at snum.txt(868): truncated value with size 12 to match size of target (10) File: D:/verilogProject/projectML/projectML/snum.txt Line: 868
Warning (10230): Verilog HDL assignment warning at snum.txt(869): truncated value with size 12 to match size of target (10) File: D:/verilogProject/projectML/projectML/snum.txt Line: 869
Warning (10230): Verilog HDL assignment warning at snum.txt(870): truncated value with size 12 to match size of target (10) File: D:/verilogProject/projectML/projectML/snum.txt Line: 870
Warning (10230): Verilog HDL assignment warning at snum.txt(871): truncated value with size 12 to match size of target (10) File: D:/verilogProject/projectML/projectML/snum.txt Line: 871
Warning (10230): Verilog HDL assignment warning at snum.txt(872): truncated value with size 12 to match size of target (10) File: D:/verilogProject/projectML/projectML/snum.txt Line: 872
Warning (10230): Verilog HDL assignment warning at snum.txt(873): truncated value with size 12 to match size of target (10) File: D:/verilogProject/projectML/projectML/snum.txt Line: 873
Warning (10230): Verilog HDL assignment warning at snum.txt(874): truncated value with size 12 to match size of target (10) File: D:/verilogProject/projectML/projectML/snum.txt Line: 874
Warning (10230): Verilog HDL assignment warning at snum.txt(875): truncated value with size 12 to match size of target (10) File: D:/verilogProject/projectML/projectML/snum.txt Line: 875
Warning (10230): Verilog HDL assignment warning at snum.txt(876): truncated value with size 12 to match size of target (10) File: D:/verilogProject/projectML/projectML/snum.txt Line: 876
Warning (10230): Verilog HDL assignment warning at snum.txt(877): truncated value with size 12 to match size of target (10) File: D:/verilogProject/projectML/projectML/snum.txt Line: 877
Warning (10230): Verilog HDL assignment warning at snum.txt(878): truncated value with size 12 to match size of target (10) File: D:/verilogProject/projectML/projectML/snum.txt Line: 878
Warning (10230): Verilog HDL assignment warning at snum.txt(879): truncated value with size 12 to match size of target (10) File: D:/verilogProject/projectML/projectML/snum.txt Line: 879
Warning (10230): Verilog HDL assignment warning at snum.txt(880): truncated value with size 12 to match size of target (10) File: D:/verilogProject/projectML/projectML/snum.txt Line: 880
Warning (10230): Verilog HDL assignment warning at snum.txt(881): truncated value with size 12 to match size of target (10) File: D:/verilogProject/projectML/projectML/snum.txt Line: 881
Warning (10230): Verilog HDL assignment warning at snum.txt(882): truncated value with size 12 to match size of target (10) File: D:/verilogProject/projectML/projectML/snum.txt Line: 882
Warning (10230): Verilog HDL assignment warning at snum.txt(883): truncated value with size 12 to match size of target (10) File: D:/verilogProject/projectML/projectML/snum.txt Line: 883
Warning (10230): Verilog HDL assignment warning at snum.txt(884): truncated value with size 12 to match size of target (10) File: D:/verilogProject/projectML/projectML/snum.txt Line: 884
Warning (10230): Verilog HDL assignment warning at snum.txt(885): truncated value with size 12 to match size of target (10) File: D:/verilogProject/projectML/projectML/snum.txt Line: 885
Warning (10230): Verilog HDL assignment warning at snum.txt(886): truncated value with size 12 to match size of target (10) File: D:/verilogProject/projectML/projectML/snum.txt Line: 886
Warning (10230): Verilog HDL assignment warning at snum.txt(887): truncated value with size 12 to match size of target (10) File: D:/verilogProject/projectML/projectML/snum.txt Line: 887
Warning (10230): Verilog HDL assignment warning at snum.txt(888): truncated value with size 12 to match size of target (10) File: D:/verilogProject/projectML/projectML/snum.txt Line: 888
Warning (10230): Verilog HDL assignment warning at snum.txt(889): truncated value with size 12 to match size of target (10) File: D:/verilogProject/projectML/projectML/snum.txt Line: 889
Warning (10230): Verilog HDL assignment warning at snum.txt(890): truncated value with size 12 to match size of target (10) File: D:/verilogProject/projectML/projectML/snum.txt Line: 890
Warning (10230): Verilog HDL assignment warning at snum.txt(891): truncated value with size 12 to match size of target (10) File: D:/verilogProject/projectML/projectML/snum.txt Line: 891
Warning (10230): Verilog HDL assignment warning at snum.txt(892): truncated value with size 12 to match size of target (10) File: D:/verilogProject/projectML/projectML/snum.txt Line: 892
Warning (10230): Verilog HDL assignment warning at snum.txt(893): truncated value with size 12 to match size of target (10) File: D:/verilogProject/projectML/projectML/snum.txt Line: 893
Warning (10230): Verilog HDL assignment warning at snum.txt(894): truncated value with size 12 to match size of target (10) File: D:/verilogProject/projectML/projectML/snum.txt Line: 894
Warning (10230): Verilog HDL assignment warning at snum.txt(895): truncated value with size 12 to match size of target (10) File: D:/verilogProject/projectML/projectML/snum.txt Line: 895
Warning (10230): Verilog HDL assignment warning at snum.txt(896): truncated value with size 12 to match size of target (10) File: D:/verilogProject/projectML/projectML/snum.txt Line: 896
Warning (10230): Verilog HDL assignment warning at snum.txt(897): truncated value with size 12 to match size of target (10) File: D:/verilogProject/projectML/projectML/snum.txt Line: 897
Warning (10230): Verilog HDL assignment warning at snum.txt(898): truncated value with size 12 to match size of target (10) File: D:/verilogProject/projectML/projectML/snum.txt Line: 898
Warning (10230): Verilog HDL assignment warning at snum.txt(899): truncated value with size 12 to match size of target (10) File: D:/verilogProject/projectML/projectML/snum.txt Line: 899
Warning (10230): Verilog HDL assignment warning at snum.txt(900): truncated value with size 12 to match size of target (10) File: D:/verilogProject/projectML/projectML/snum.txt Line: 900
Warning (10230): Verilog HDL assignment warning at snum.txt(901): truncated value with size 12 to match size of target (10) File: D:/verilogProject/projectML/projectML/snum.txt Line: 901
Warning (10230): Verilog HDL assignment warning at snum.txt(902): truncated value with size 12 to match size of target (10) File: D:/verilogProject/projectML/projectML/snum.txt Line: 902
Warning (10230): Verilog HDL assignment warning at snum.txt(903): truncated value with size 12 to match size of target (10) File: D:/verilogProject/projectML/projectML/snum.txt Line: 903
Warning (10230): Verilog HDL assignment warning at snum.txt(904): truncated value with size 12 to match size of target (10) File: D:/verilogProject/projectML/projectML/snum.txt Line: 904
Warning (10230): Verilog HDL assignment warning at snum.txt(905): truncated value with size 12 to match size of target (10) File: D:/verilogProject/projectML/projectML/snum.txt Line: 905
Warning (10230): Verilog HDL assignment warning at snum.txt(906): truncated value with size 12 to match size of target (10) File: D:/verilogProject/projectML/projectML/snum.txt Line: 906
Warning (10230): Verilog HDL assignment warning at snum.txt(907): truncated value with size 12 to match size of target (10) File: D:/verilogProject/projectML/projectML/snum.txt Line: 907
Warning (10230): Verilog HDL assignment warning at snum.txt(908): truncated value with size 12 to match size of target (10) File: D:/verilogProject/projectML/projectML/snum.txt Line: 908
Warning (10230): Verilog HDL assignment warning at snum.txt(909): truncated value with size 12 to match size of target (10) File: D:/verilogProject/projectML/projectML/snum.txt Line: 909
Warning (10230): Verilog HDL assignment warning at snum.txt(910): truncated value with size 12 to match size of target (10) File: D:/verilogProject/projectML/projectML/snum.txt Line: 910
Warning (10230): Verilog HDL assignment warning at snum.txt(911): truncated value with size 12 to match size of target (10) File: D:/verilogProject/projectML/projectML/snum.txt Line: 911
Warning (10230): Verilog HDL assignment warning at snum.txt(912): truncated value with size 12 to match size of target (10) File: D:/verilogProject/projectML/projectML/snum.txt Line: 912
Warning (10230): Verilog HDL assignment warning at snum.txt(913): truncated value with size 12 to match size of target (10) File: D:/verilogProject/projectML/projectML/snum.txt Line: 913
Warning (10230): Verilog HDL assignment warning at snum.txt(914): truncated value with size 12 to match size of target (10) File: D:/verilogProject/projectML/projectML/snum.txt Line: 914
Warning (10230): Verilog HDL assignment warning at snum.txt(915): truncated value with size 12 to match size of target (10) File: D:/verilogProject/projectML/projectML/snum.txt Line: 915
Warning (10230): Verilog HDL assignment warning at snum.txt(916): truncated value with size 12 to match size of target (10) File: D:/verilogProject/projectML/projectML/snum.txt Line: 916
Warning (10230): Verilog HDL assignment warning at snum.txt(917): truncated value with size 12 to match size of target (10) File: D:/verilogProject/projectML/projectML/snum.txt Line: 917
Warning (10230): Verilog HDL assignment warning at snum.txt(918): truncated value with size 12 to match size of target (10) File: D:/verilogProject/projectML/projectML/snum.txt Line: 918
Warning (10230): Verilog HDL assignment warning at snum.txt(919): truncated value with size 12 to match size of target (10) File: D:/verilogProject/projectML/projectML/snum.txt Line: 919
Warning (10230): Verilog HDL assignment warning at snum.txt(920): truncated value with size 12 to match size of target (10) File: D:/verilogProject/projectML/projectML/snum.txt Line: 920
Warning (10230): Verilog HDL assignment warning at snum.txt(921): truncated value with size 12 to match size of target (10) File: D:/verilogProject/projectML/projectML/snum.txt Line: 921
Warning (10230): Verilog HDL assignment warning at snum.txt(922): truncated value with size 12 to match size of target (10) File: D:/verilogProject/projectML/projectML/snum.txt Line: 922
Warning (10230): Verilog HDL assignment warning at snum.txt(923): truncated value with size 12 to match size of target (10) File: D:/verilogProject/projectML/projectML/snum.txt Line: 923
Warning (10230): Verilog HDL assignment warning at snum.txt(924): truncated value with size 12 to match size of target (10) File: D:/verilogProject/projectML/projectML/snum.txt Line: 924
Warning (10230): Verilog HDL assignment warning at snum.txt(925): truncated value with size 12 to match size of target (10) File: D:/verilogProject/projectML/projectML/snum.txt Line: 925
Warning (10230): Verilog HDL assignment warning at snum.txt(926): truncated value with size 12 to match size of target (10) File: D:/verilogProject/projectML/projectML/snum.txt Line: 926
Warning (10230): Verilog HDL assignment warning at snum.txt(927): truncated value with size 12 to match size of target (10) File: D:/verilogProject/projectML/projectML/snum.txt Line: 927
Warning (10230): Verilog HDL assignment warning at snum.txt(928): truncated value with size 12 to match size of target (10) File: D:/verilogProject/projectML/projectML/snum.txt Line: 928
Warning (10230): Verilog HDL assignment warning at snum.txt(929): truncated value with size 12 to match size of target (10) File: D:/verilogProject/projectML/projectML/snum.txt Line: 929
Warning (10230): Verilog HDL assignment warning at snum.txt(930): truncated value with size 12 to match size of target (10) File: D:/verilogProject/projectML/projectML/snum.txt Line: 930
Warning (10230): Verilog HDL assignment warning at snum.txt(931): truncated value with size 12 to match size of target (10) File: D:/verilogProject/projectML/projectML/snum.txt Line: 931
Warning (10230): Verilog HDL assignment warning at snum.txt(932): truncated value with size 12 to match size of target (10) File: D:/verilogProject/projectML/projectML/snum.txt Line: 932
Warning (10230): Verilog HDL assignment warning at snum.txt(933): truncated value with size 12 to match size of target (10) File: D:/verilogProject/projectML/projectML/snum.txt Line: 933
Warning (10230): Verilog HDL assignment warning at snum.txt(934): truncated value with size 12 to match size of target (10) File: D:/verilogProject/projectML/projectML/snum.txt Line: 934
Warning (10230): Verilog HDL assignment warning at snum.txt(935): truncated value with size 12 to match size of target (10) File: D:/verilogProject/projectML/projectML/snum.txt Line: 935
Warning (10230): Verilog HDL assignment warning at snum.txt(936): truncated value with size 12 to match size of target (10) File: D:/verilogProject/projectML/projectML/snum.txt Line: 936
Warning (10230): Verilog HDL assignment warning at snum.txt(937): truncated value with size 12 to match size of target (10) File: D:/verilogProject/projectML/projectML/snum.txt Line: 937
Warning (10230): Verilog HDL assignment warning at snum.txt(938): truncated value with size 12 to match size of target (10) File: D:/verilogProject/projectML/projectML/snum.txt Line: 938
Warning (10230): Verilog HDL assignment warning at snum.txt(939): truncated value with size 12 to match size of target (10) File: D:/verilogProject/projectML/projectML/snum.txt Line: 939
Warning (10230): Verilog HDL assignment warning at snum.txt(940): truncated value with size 12 to match size of target (10) File: D:/verilogProject/projectML/projectML/snum.txt Line: 940
Warning (10230): Verilog HDL assignment warning at snum.txt(941): truncated value with size 12 to match size of target (10) File: D:/verilogProject/projectML/projectML/snum.txt Line: 941
Warning (10230): Verilog HDL assignment warning at snum.txt(942): truncated value with size 12 to match size of target (10) File: D:/verilogProject/projectML/projectML/snum.txt Line: 942
Warning (10230): Verilog HDL assignment warning at snum.txt(943): truncated value with size 12 to match size of target (10) File: D:/verilogProject/projectML/projectML/snum.txt Line: 943
Warning (10230): Verilog HDL assignment warning at snum.txt(944): truncated value with size 12 to match size of target (10) File: D:/verilogProject/projectML/projectML/snum.txt Line: 944
Warning (10230): Verilog HDL assignment warning at snum.txt(945): truncated value with size 12 to match size of target (10) File: D:/verilogProject/projectML/projectML/snum.txt Line: 945
Warning (10230): Verilog HDL assignment warning at snum.txt(946): truncated value with size 12 to match size of target (10) File: D:/verilogProject/projectML/projectML/snum.txt Line: 946
Warning (10230): Verilog HDL assignment warning at snum.txt(947): truncated value with size 12 to match size of target (10) File: D:/verilogProject/projectML/projectML/snum.txt Line: 947
Warning (10230): Verilog HDL assignment warning at snum.txt(948): truncated value with size 12 to match size of target (10) File: D:/verilogProject/projectML/projectML/snum.txt Line: 948
Warning (10230): Verilog HDL assignment warning at snum.txt(949): truncated value with size 12 to match size of target (10) File: D:/verilogProject/projectML/projectML/snum.txt Line: 949
Warning (10230): Verilog HDL assignment warning at snum.txt(950): truncated value with size 12 to match size of target (10) File: D:/verilogProject/projectML/projectML/snum.txt Line: 950
Warning (10230): Verilog HDL assignment warning at snum.txt(951): truncated value with size 12 to match size of target (10) File: D:/verilogProject/projectML/projectML/snum.txt Line: 951
Warning (10230): Verilog HDL assignment warning at snum.txt(952): truncated value with size 12 to match size of target (10) File: D:/verilogProject/projectML/projectML/snum.txt Line: 952
Warning (10230): Verilog HDL assignment warning at snum.txt(953): truncated value with size 12 to match size of target (10) File: D:/verilogProject/projectML/projectML/snum.txt Line: 953
Warning (10230): Verilog HDL assignment warning at snum.txt(954): truncated value with size 12 to match size of target (10) File: D:/verilogProject/projectML/projectML/snum.txt Line: 954
Warning (10230): Verilog HDL assignment warning at snum.txt(955): truncated value with size 12 to match size of target (10) File: D:/verilogProject/projectML/projectML/snum.txt Line: 955
Warning (10230): Verilog HDL assignment warning at snum.txt(956): truncated value with size 12 to match size of target (10) File: D:/verilogProject/projectML/projectML/snum.txt Line: 956
Warning (10230): Verilog HDL assignment warning at snum.txt(957): truncated value with size 12 to match size of target (10) File: D:/verilogProject/projectML/projectML/snum.txt Line: 957
Warning (10230): Verilog HDL assignment warning at snum.txt(958): truncated value with size 12 to match size of target (10) File: D:/verilogProject/projectML/projectML/snum.txt Line: 958
Warning (10230): Verilog HDL assignment warning at snum.txt(959): truncated value with size 12 to match size of target (10) File: D:/verilogProject/projectML/projectML/snum.txt Line: 959
Warning (10230): Verilog HDL assignment warning at snum.txt(960): truncated value with size 12 to match size of target (10) File: D:/verilogProject/projectML/projectML/snum.txt Line: 960
Warning (10230): Verilog HDL assignment warning at snum.txt(961): truncated value with size 12 to match size of target (10) File: D:/verilogProject/projectML/projectML/snum.txt Line: 961
Warning (10230): Verilog HDL assignment warning at snum.txt(962): truncated value with size 12 to match size of target (10) File: D:/verilogProject/projectML/projectML/snum.txt Line: 962
Warning (10230): Verilog HDL assignment warning at snum.txt(963): truncated value with size 12 to match size of target (10) File: D:/verilogProject/projectML/projectML/snum.txt Line: 963
Warning (10230): Verilog HDL assignment warning at snum.txt(964): truncated value with size 12 to match size of target (10) File: D:/verilogProject/projectML/projectML/snum.txt Line: 964
Warning (10230): Verilog HDL assignment warning at snum.txt(965): truncated value with size 12 to match size of target (10) File: D:/verilogProject/projectML/projectML/snum.txt Line: 965
Warning (10230): Verilog HDL assignment warning at snum.txt(966): truncated value with size 12 to match size of target (10) File: D:/verilogProject/projectML/projectML/snum.txt Line: 966
Warning (10230): Verilog HDL assignment warning at snum.txt(967): truncated value with size 12 to match size of target (10) File: D:/verilogProject/projectML/projectML/snum.txt Line: 967
Warning (10230): Verilog HDL assignment warning at snum.txt(968): truncated value with size 12 to match size of target (10) File: D:/verilogProject/projectML/projectML/snum.txt Line: 968
Warning (10230): Verilog HDL assignment warning at snum.txt(969): truncated value with size 12 to match size of target (10) File: D:/verilogProject/projectML/projectML/snum.txt Line: 969
Warning (10230): Verilog HDL assignment warning at snum.txt(970): truncated value with size 12 to match size of target (10) File: D:/verilogProject/projectML/projectML/snum.txt Line: 970
Warning (10230): Verilog HDL assignment warning at snum.txt(971): truncated value with size 12 to match size of target (10) File: D:/verilogProject/projectML/projectML/snum.txt Line: 971
Warning (10230): Verilog HDL assignment warning at snum.txt(972): truncated value with size 12 to match size of target (10) File: D:/verilogProject/projectML/projectML/snum.txt Line: 972
Warning (10230): Verilog HDL assignment warning at snum.txt(973): truncated value with size 12 to match size of target (10) File: D:/verilogProject/projectML/projectML/snum.txt Line: 973
Warning (10230): Verilog HDL assignment warning at snum.txt(974): truncated value with size 12 to match size of target (10) File: D:/verilogProject/projectML/projectML/snum.txt Line: 974
Warning (10230): Verilog HDL assignment warning at snum.txt(975): truncated value with size 12 to match size of target (10) File: D:/verilogProject/projectML/projectML/snum.txt Line: 975
Warning (10230): Verilog HDL assignment warning at snum.txt(976): truncated value with size 12 to match size of target (10) File: D:/verilogProject/projectML/projectML/snum.txt Line: 976
Warning (10230): Verilog HDL assignment warning at snum.txt(977): truncated value with size 12 to match size of target (10) File: D:/verilogProject/projectML/projectML/snum.txt Line: 977
Warning (10230): Verilog HDL assignment warning at snum.txt(978): truncated value with size 12 to match size of target (10) File: D:/verilogProject/projectML/projectML/snum.txt Line: 978
Warning (10230): Verilog HDL assignment warning at snum.txt(979): truncated value with size 12 to match size of target (10) File: D:/verilogProject/projectML/projectML/snum.txt Line: 979
Warning (10230): Verilog HDL assignment warning at snum.txt(980): truncated value with size 12 to match size of target (10) File: D:/verilogProject/projectML/projectML/snum.txt Line: 980
Warning (10230): Verilog HDL assignment warning at snum.txt(981): truncated value with size 12 to match size of target (10) File: D:/verilogProject/projectML/projectML/snum.txt Line: 981
Warning (10230): Verilog HDL assignment warning at snum.txt(982): truncated value with size 12 to match size of target (10) File: D:/verilogProject/projectML/projectML/snum.txt Line: 982
Warning (10230): Verilog HDL assignment warning at snum.txt(983): truncated value with size 12 to match size of target (10) File: D:/verilogProject/projectML/projectML/snum.txt Line: 983
Warning (10230): Verilog HDL assignment warning at snum.txt(984): truncated value with size 12 to match size of target (10) File: D:/verilogProject/projectML/projectML/snum.txt Line: 984
Warning (10230): Verilog HDL assignment warning at snum.txt(985): truncated value with size 12 to match size of target (10) File: D:/verilogProject/projectML/projectML/snum.txt Line: 985
Warning (10230): Verilog HDL assignment warning at snum.txt(986): truncated value with size 12 to match size of target (10) File: D:/verilogProject/projectML/projectML/snum.txt Line: 986
Warning (10230): Verilog HDL assignment warning at snum.txt(987): truncated value with size 12 to match size of target (10) File: D:/verilogProject/projectML/projectML/snum.txt Line: 987
Warning (10230): Verilog HDL assignment warning at snum.txt(988): truncated value with size 12 to match size of target (10) File: D:/verilogProject/projectML/projectML/snum.txt Line: 988
Warning (10230): Verilog HDL assignment warning at snum.txt(989): truncated value with size 12 to match size of target (10) File: D:/verilogProject/projectML/projectML/snum.txt Line: 989
Warning (10230): Verilog HDL assignment warning at snum.txt(990): truncated value with size 12 to match size of target (10) File: D:/verilogProject/projectML/projectML/snum.txt Line: 990
Warning (10230): Verilog HDL assignment warning at snum.txt(991): truncated value with size 12 to match size of target (10) File: D:/verilogProject/projectML/projectML/snum.txt Line: 991
Warning (10230): Verilog HDL assignment warning at snum.txt(992): truncated value with size 12 to match size of target (10) File: D:/verilogProject/projectML/projectML/snum.txt Line: 992
Warning (10230): Verilog HDL assignment warning at snum.txt(993): truncated value with size 12 to match size of target (10) File: D:/verilogProject/projectML/projectML/snum.txt Line: 993
Warning (10230): Verilog HDL assignment warning at snum.txt(994): truncated value with size 12 to match size of target (10) File: D:/verilogProject/projectML/projectML/snum.txt Line: 994
Warning (10230): Verilog HDL assignment warning at snum.txt(995): truncated value with size 12 to match size of target (10) File: D:/verilogProject/projectML/projectML/snum.txt Line: 995
Warning (10230): Verilog HDL assignment warning at snum.txt(996): truncated value with size 12 to match size of target (10) File: D:/verilogProject/projectML/projectML/snum.txt Line: 996
Warning (10230): Verilog HDL assignment warning at snum.txt(997): truncated value with size 12 to match size of target (10) File: D:/verilogProject/projectML/projectML/snum.txt Line: 997
Warning (10230): Verilog HDL assignment warning at snum.txt(998): truncated value with size 12 to match size of target (10) File: D:/verilogProject/projectML/projectML/snum.txt Line: 998
Warning (10230): Verilog HDL assignment warning at snum.txt(999): truncated value with size 12 to match size of target (10) File: D:/verilogProject/projectML/projectML/snum.txt Line: 999
Warning (10230): Verilog HDL assignment warning at snum.txt(1000): truncated value with size 12 to match size of target (10) File: D:/verilogProject/projectML/projectML/snum.txt Line: 1000
Warning (10030): Net "sigm.data_a" at sigmoid.sv(11) has no driver or initial value, using a default initial value '0' File: D:/verilogProject/projectML/projectML/sigmoid.sv Line: 11
Warning (10030): Net "sigm.waddr_a" at sigmoid.sv(11) has no driver or initial value, using a default initial value '0' File: D:/verilogProject/projectML/projectML/sigmoid.sv Line: 11
Warning (10030): Net "sigm.we_a" at sigmoid.sv(11) has no driver or initial value, using a default initial value '0' File: D:/verilogProject/projectML/projectML/sigmoid.sv Line: 11
Info (276014): Found 2 instances of uninferred RAM logic
    Info (276007): RAM logic "sigmoid:loop_l[0].sigm_inst_o|sigm" is uninferred due to asynchronous read logic File: D:/verilogProject/projectML/projectML/sigmoid.sv Line: 11
    Info (276007): RAM logic "sigmoid:loop_l[1].sigm_inst_o|sigm" is uninferred due to asynchronous read logic File: D:/verilogProject/projectML/projectML/sigmoid.sv Line: 11
Critical Warning (127005): Memory depth (1024) in the design file differs from memory depth (1000) in the Memory Initialization File "D:/verilogProject/projectML/projectML/db/projectML.ram0_sigmoid_7e05fd6d.hdl.mif" -- setting initial value for remaining addresses to 0
Info (278001): Inferred 4 megafunctions from design logic
    Info (278003): Inferred multiplier megafunction ("lpm_mult") from the following logic: "Mult1" File: D:/verilogProject/projectML/projectML/layer.sv Line: 61
    Info (278003): Inferred multiplier megafunction ("lpm_mult") from the following logic: "Mult0" File: D:/verilogProject/projectML/projectML/layer.sv Line: 54
    Info (278003): Inferred multiplier megafunction ("lpm_mult") from the following logic: "Mult3" File: D:/verilogProject/projectML/projectML/layer.sv Line: 61
    Info (278003): Inferred multiplier megafunction ("lpm_mult") from the following logic: "Mult2" File: D:/verilogProject/projectML/projectML/layer.sv Line: 54
Info (12130): Elaborated megafunction instantiation "lpm_mult:Mult1" File: D:/verilogProject/projectML/projectML/layer.sv Line: 61
Info (12133): Instantiated megafunction "lpm_mult:Mult1" with the following parameter: File: D:/verilogProject/projectML/projectML/layer.sv Line: 61
    Info (12134): Parameter "LPM_WIDTHA" = "3"
    Info (12134): Parameter "LPM_WIDTHB" = "9"
    Info (12134): Parameter "LPM_WIDTHP" = "12"
    Info (12134): Parameter "LPM_WIDTHR" = "12"
    Info (12134): Parameter "LPM_WIDTHS" = "1"
    Info (12134): Parameter "LPM_REPRESENTATION" = "UNSIGNED"
    Info (12134): Parameter "INPUT_A_IS_CONSTANT" = "NO"
    Info (12134): Parameter "INPUT_B_IS_CONSTANT" = "NO"
    Info (12134): Parameter "MAXIMIZE_SPEED" = "5"
Info (12131): Elaborated megafunction instantiation "lpm_mult:Mult1|multcore:mult_core", which is child of megafunction instantiation "lpm_mult:Mult1" File: d:/intelfpga_lite/18.1/quartus/libraries/megafunctions/lpm_mult.tdf Line: 323
Info (12131): Elaborated megafunction instantiation "lpm_mult:Mult1|multcore:mult_core|mpar_add:padder", which is child of megafunction instantiation "lpm_mult:Mult1" File: d:/intelfpga_lite/18.1/quartus/libraries/megafunctions/multcore.tdf Line: 282
Info (12131): Elaborated megafunction instantiation "lpm_mult:Mult1|multcore:mult_core|mpar_add:padder|lpm_add_sub:adder[0]", which is child of megafunction instantiation "lpm_mult:Mult1" File: d:/intelfpga_lite/18.1/quartus/libraries/megafunctions/mpar_add.tdf Line: 78
Info (12021): Found 1 design units, including 1 entities, in source file db/add_sub_vch.tdf
    Info (12023): Found entity 1: add_sub_vch File: D:/verilogProject/projectML/projectML/db/add_sub_vch.tdf Line: 22
Info (12131): Elaborated megafunction instantiation "lpm_mult:Mult1|multcore:mult_core|mpar_add:padder|mpar_add:sub_par_add", which is child of megafunction instantiation "lpm_mult:Mult1" File: d:/intelfpga_lite/18.1/quartus/libraries/megafunctions/mpar_add.tdf Line: 138
Info (12131): Elaborated megafunction instantiation "lpm_mult:Mult1|multcore:mult_core|mpar_add:padder|mpar_add:sub_par_add|lpm_add_sub:adder[0]", which is child of megafunction instantiation "lpm_mult:Mult1" File: d:/intelfpga_lite/18.1/quartus/libraries/megafunctions/mpar_add.tdf Line: 78
Info (12021): Found 1 design units, including 1 entities, in source file db/add_sub_0dh.tdf
    Info (12023): Found entity 1: add_sub_0dh File: D:/verilogProject/projectML/projectML/db/add_sub_0dh.tdf Line: 22
Info (12131): Elaborated megafunction instantiation "lpm_mult:Mult1|altshift:external_latency_ffs", which is child of megafunction instantiation "lpm_mult:Mult1" File: d:/intelfpga_lite/18.1/quartus/libraries/megafunctions/lpm_mult.tdf Line: 351
Info (286030): Timing-Driven Synthesis is running
Info (16010): Generating hard_block partition "hard_block:auto_generated_inst"
    Info (16011): Adding 0 node(s), including 0 DDIO, 0 PLL, 0 transceiver and 0 LCELL
Info (21057): Implemented 1229 device resources after synthesis - the final resource count might be different
    Info (21058): Implemented 38 input pins
    Info (21059): Implemented 20 output pins
    Info (21061): Implemented 1171 logic cells
Info: Quartus Prime Analysis & Synthesis was successful. 0 errors, 1007 warnings
    Info: Peak virtual memory: 4847 megabytes
    Info: Processing ended: Fri May 16 19:08:25 2025
    Info: Elapsed time: 00:00:24
    Info: Total CPU time (on all processors): 00:00:45


